Year,EventName,RoundNumber,SeasonPoints,SeasonStanding,SeasonAvgFinish,HistoricalTrackAvgPosition,ConstructorPoints,ConstructorStanding,ConstructorTrackAvg,GridPosition,ActualGridPosition,RecentForm,CareerWins,WinsLast3Years,PointsGapToLeader,TrackType,FormTrend,DriverNumber,DriverName,TeamName,ActualPosition,Points,RacePoints,SprintPoints,IsDNF,Status
2018,Australian Grand Prix,1,0.0,20,,10.0,0.0,10,10.0,3.0,3.0,,0,0,0.0,0,0.0,5,VET,Ferrari,1.0,25.0,25.0,0.0,False,Finished
2018,Australian Grand Prix,1,0.0,20,,10.0,0.0,10,10.0,1.0,1.0,,0,0,0.0,0,0.0,44,HAM,Mercedes,2.0,18.0,18.0,0.0,False,Finished
2018,Australian Grand Prix,1,0.0,20,,10.0,0.0,10,10.0,2.0,2.0,,0,0,0.0,0,0.0,7,RAI,Ferrari,3.0,15.0,15.0,0.0,False,Finished
2018,Australian Grand Prix,1,0.0,20,,10.0,0.0,10,10.0,8.0,8.0,,0,0,0.0,0,0.0,3,RIC,Red Bull Racing,4.0,12.0,12.0,0.0,False,Finished
2018,Australian Grand Prix,1,0.0,20,,10.0,0.0,10,10.0,10.0,10.0,,0,0,0.0,0,0.0,14,ALO,McLaren,5.0,10.0,10.0,0.0,False,Finished
2018,Australian Grand Prix,1,0.0,20,,10.0,0.0,10,10.0,4.0,4.0,,0,0,0.0,0,0.0,33,VER,Red Bull Racing,6.0,8.0,8.0,0.0,False,Finished
2018,Australian Grand Prix,1,0.0,20,,10.0,0.0,10,10.0,7.0,7.0,,0,0,0.0,0,0.0,27,HUL,Renault,7.0,6.0,6.0,0.0,False,Finished
2018,Australian Grand Prix,1,0.0,20,,10.0,0.0,10,10.0,15.0,15.0,,0,0,0.0,0,0.0,77,BOT,Mercedes,8.0,4.0,4.0,0.0,False,Finished
2018,Australian Grand Prix,1,0.0,20,,10.0,0.0,10,10.0,11.0,11.0,,0,0,0.0,0,0.0,2,VAN,McLaren,9.0,2.0,2.0,0.0,False,Finished
2018,Australian Grand Prix,1,0.0,20,,10.0,0.0,10,10.0,9.0,9.0,,0,0,0.0,0,0.0,55,SAI,Renault,10.0,1.0,1.0,0.0,False,Finished
2018,Australian Grand Prix,1,0.0,20,,10.0,0.0,10,10.0,12.0,12.0,,0,0,0.0,0,0.0,11,PER,Force India,11.0,0.0,0.0,0.0,False,Finished
2018,Australian Grand Prix,1,0.0,20,,10.0,0.0,10,10.0,14.0,14.0,,0,0,0.0,0,0.0,31,OCO,Force India,12.0,0.0,0.0,0.0,False,Finished
2018,Australian Grand Prix,1,0.0,20,,10.0,0.0,10,10.0,18.0,18.0,,0,0,0.0,0,0.0,16,LEC,Sauber,13.0,0.0,0.0,0.0,False,Finished
2018,Australian Grand Prix,1,0.0,20,,10.0,0.0,10,10.0,13.0,13.0,,0,0,0.0,0,0.0,18,STR,Williams,14.0,0.0,0.0,0.0,False,Finished
2018,Australian Grand Prix,1,0.0,20,,10.0,0.0,10,10.0,16.0,16.0,,0,0,0.0,0,0.0,28,HAR,Toro Rosso,15.0,0.0,0.0,0.0,False,+1 Lap
2018,Australian Grand Prix,1,0.0,20,,10.0,0.0,10,10.0,6.0,6.0,,0,0,0.0,0,0.0,8,GRO,Haas F1 Team,16.0,0.0,0.0,0.0,False,Wheel
2018,Australian Grand Prix,1,0.0,20,,10.0,0.0,10,10.0,5.0,5.0,,0,0,0.0,0,0.0,20,MAG,Haas F1 Team,17.0,0.0,0.0,0.0,False,Wheel
2018,Australian Grand Prix,1,0.0,20,,10.0,0.0,10,10.0,20.0,20.0,,0,0,0.0,0,0.0,10,GAS,Toro Rosso,18.0,0.0,0.0,0.0,False,Engine
2018,Australian Grand Prix,1,0.0,20,,10.0,0.0,10,10.0,17.0,17.0,,0,0,0.0,0,0.0,9,ERI,Sauber,19.0,0.0,0.0,0.0,False,Steering
2018,Australian Grand Prix,1,0.0,20,,10.0,0.0,10,10.0,19.0,19.0,,0,0,0.0,0,0.0,35,SIR,Williams,20.0,0.0,0.0,0.0,False,Brakes
2018,Bahrain Grand Prix,2,25.0,1,1.0,10.0,40.0,1,2.0,3.0,1.0,1.0,1,1,0.0,0,0.0,5,VET,Ferrari,1.0,25.0,25.0,0.0,False,Finished
2018,Bahrain Grand Prix,2,4.0,8,8.0,10.0,22.0,2,5.0,15.0,3.0,8.0,0,0,21.0,0,0.0,77,BOT,Mercedes,2.0,18.0,18.0,0.0,False,Finished
2018,Bahrain Grand Prix,2,18.0,2,2.0,10.0,22.0,2,5.0,1.0,9.0,2.0,0,0,7.0,0,0.0,44,HAM,Mercedes,3.0,15.0,15.0,0.0,False,Finished
2018,Bahrain Grand Prix,2,0.0,11,18.0,10.0,0.0,9,16.5,20.0,5.0,18.0,0,0,25.0,0,0.0,10,GAS,Toro Rosso,4.0,12.0,12.0,0.0,False,Finished
2018,Bahrain Grand Prix,2,0.0,11,17.0,10.0,0.0,7,16.5,5.0,6.0,17.0,0,0,25.0,0,0.0,20,MAG,Haas F1 Team,5.0,10.0,10.0,0.0,False,Finished
2018,Bahrain Grand Prix,2,6.0,7,7.0,10.0,7.0,5,8.5,7.0,7.0,7.0,0,0,19.0,0,0.0,27,HUL,Renault,6.0,8.0,8.0,0.0,False,Finished
2018,Bahrain Grand Prix,2,10.0,5,5.0,10.0,12.0,4,7.0,10.0,13.0,5.0,0,0,15.0,0,0.0,14,ALO,McLaren,7.0,6.0,6.0,0.0,False,+1 Lap
2018,Bahrain Grand Prix,2,2.0,9,9.0,10.0,12.0,4,7.0,11.0,14.0,9.0,0,0,23.0,0,0.0,2,VAN,McLaren,8.0,4.0,4.0,0.0,False,+1 Lap
2018,Bahrain Grand Prix,2,0.0,11,19.0,10.0,0.0,8,16.0,17.0,17.0,19.0,0,0,25.0,0,0.0,9,ERI,Sauber,9.0,2.0,2.0,0.0,False,+1 Lap
2018,Bahrain Grand Prix,2,0.0,11,12.0,10.0,0.0,6,11.5,14.0,8.0,12.0,0,0,25.0,0,0.0,31,OCO,Force India,10.0,1.0,1.0,0.0,False,+1 Lap
2018,Bahrain Grand Prix,2,1.0,10,10.0,10.0,7.0,5,8.5,9.0,10.0,10.0,0,0,24.0,0,0.0,55,SAI,Renault,11.0,0.0,0.0,0.0,False,+1 Lap
2018,Bahrain Grand Prix,2,0.0,11,13.0,10.0,0.0,8,16.0,18.0,19.0,13.0,0,0,25.0,0,0.0,16,LEC,Sauber,12.0,0.0,0.0,0.0,False,+1 Lap
2018,Bahrain Grand Prix,2,0.0,11,16.0,10.0,0.0,7,16.5,6.0,16.0,16.0,0,0,25.0,0,0.0,8,GRO,Haas F1 Team,13.0,0.0,0.0,0.0,False,+1 Lap
2018,Bahrain Grand Prix,2,0.0,11,14.0,10.0,0.0,10,17.0,13.0,20.0,14.0,0,0,25.0,0,0.0,18,STR,Williams,14.0,0.0,0.0,0.0,False,+1 Lap
2018,Bahrain Grand Prix,2,0.0,11,20.0,10.0,0.0,10,17.0,19.0,18.0,20.0,0,0,25.0,0,0.0,35,SIR,Williams,15.0,0.0,0.0,0.0,False,+1 Lap
2018,Bahrain Grand Prix,2,0.0,11,11.0,10.0,0.0,6,11.5,12.0,12.0,11.0,0,0,25.0,0,0.0,11,PER,Force India,16.0,0.0,0.0,0.0,False,+1 Lap
2018,Bahrain Grand Prix,2,0.0,11,15.0,10.0,0.0,9,16.5,16.0,11.0,15.0,0,0,25.0,0,0.0,28,HAR,Toro Rosso,17.0,0.0,0.0,0.0,False,+1 Lap
2018,Bahrain Grand Prix,2,15.0,3,3.0,10.0,40.0,1,2.0,2.0,2.0,3.0,0,0,10.0,0,0.0,7,RAI,Ferrari,18.0,0.0,0.0,0.0,False,Wheel
2018,Bahrain Grand Prix,2,8.0,6,6.0,10.0,20.0,3,5.0,4.0,15.0,6.0,0,0,17.0,0,0.0,33,VER,Red Bull Racing,19.0,0.0,0.0,0.0,True,Puncture
2018,Bahrain Grand Prix,2,12.0,4,4.0,10.0,20.0,3,5.0,8.0,4.0,4.0,0,0,13.0,0,0.0,3,RIC,Red Bull Racing,20.0,0.0,0.0,0.0,False,Electrical
2018,Chinese Grand Prix,3,12.0,7,12.0,10.0,20.0,4,12.25,6.0,6.0,12.0,0,0,38.0,0,0.0,3,RIC,Red Bull Racing,1.0,25.0,25.0,0.0,False,Finished
2018,Chinese Grand Prix,3,22.0,3,5.0,10.0,55.0,2,3.75,9.0,3.0,5.0,0,0,28.0,0,0.0,77,BOT,Mercedes,2.0,18.0,18.0,0.0,False,Finished
2018,Chinese Grand Prix,3,15.0,5,10.5,10.0,65.0,1,5.75,2.0,2.0,10.5,0,0,35.0,0,0.0,7,RAI,Ferrari,3.0,15.0,15.0,0.0,False,Finished
2018,Chinese Grand Prix,3,33.0,2,2.5,10.0,55.0,2,3.75,5.0,4.0,2.5,0,0,17.0,0,0.0,44,HAM,Mercedes,4.0,12.0,12.0,0.0,False,Finished
2018,Chinese Grand Prix,3,8.0,10,12.5,10.0,20.0,4,12.25,9.5,5.0,12.5,0,0,42.0,0,0.0,33,VER,Red Bull Racing,5.0,10.0,10.0,0.0,False,Finished
2018,Chinese Grand Prix,3,14.0,6,6.5,10.0,15.0,5,8.5,7.0,7.0,6.5,0,0,36.0,0,0.0,27,HUL,Renault,6.0,8.0,8.0,0.0,False,Finished
2018,Chinese Grand Prix,3,16.0,4,6.0,10.0,22.0,3,7.25,11.5,13.0,6.0,0,0,34.0,0,0.0,14,ALO,McLaren,7.0,6.0,6.0,0.0,False,Finished
2018,Chinese Grand Prix,3,50.0,1,1.0,10.0,65.0,1,5.75,2.0,1.0,1.0,2,2,0.0,0,0.0,5,VET,Ferrari,8.0,4.0,4.0,0.0,False,Finished
2018,Chinese Grand Prix,3,1.0,13,10.5,10.0,15.0,5,8.5,9.5,9.0,10.5,0,0,49.0,0,0.0,55,SAI,Renault,9.0,2.0,2.0,0.0,False,Finished
2018,Chinese Grand Prix,3,10.0,9,11.0,10.0,10.0,7,12.75,5.5,11.0,11.0,0,0,40.0,0,0.0,20,MAG,Haas F1 Team,10.0,1.0,1.0,0.0,False,Finished
2018,Chinese Grand Prix,3,1.0,13,11.0,10.0,1.0,9,12.25,11.0,12.0,11.0,0,0,49.0,0,0.0,31,OCO,Force India,11.0,0.0,0.0,0.0,False,Finished
2018,Chinese Grand Prix,3,0.0,15,13.5,10.0,1.0,9,12.25,12.0,8.0,13.5,0,0,50.0,0,0.0,11,PER,Force India,12.0,0.0,0.0,0.0,False,Finished
2018,Chinese Grand Prix,3,6.0,11,8.5,10.0,22.0,3,7.25,12.5,14.0,8.5,0,0,44.0,0,0.0,2,VAN,McLaren,13.0,0.0,0.0,0.0,False,Finished
2018,Chinese Grand Prix,3,0.0,15,14.0,10.0,0.0,10,15.75,16.5,18.0,14.0,0,0,50.0,0,0.0,18,STR,Williams,14.0,0.0,0.0,0.0,False,Finished
2018,Chinese Grand Prix,3,0.0,15,17.5,10.0,0.0,10,15.75,18.5,16.0,17.5,0,0,50.0,0,0.0,35,SIR,Williams,15.0,0.0,0.0,0.0,False,Finished
2018,Chinese Grand Prix,3,2.0,12,14.0,10.0,2.0,8,13.25,17.0,20.0,14.0,0,0,48.0,0,0.0,9,ERI,Sauber,16.0,0.0,0.0,0.0,False,Finished
2018,Chinese Grand Prix,3,0.0,15,14.5,10.0,10.0,7,12.75,11.0,10.0,14.5,0,0,50.0,0,0.0,8,GRO,Haas F1 Team,17.0,0.0,0.0,0.0,False,Finished
2018,Chinese Grand Prix,3,12.0,7,11.0,10.0,12.0,6,13.5,12.5,17.0,11.0,0,0,38.0,0,0.0,10,GAS,Toro Rosso,18.0,0.0,0.0,0.0,False,Finished
2018,Chinese Grand Prix,3,0.0,15,12.5,10.0,2.0,8,13.25,18.5,19.0,12.5,0,0,50.0,0,0.0,16,LEC,Sauber,19.0,0.0,0.0,0.0,False,Finished
2018,Chinese Grand Prix,3,0.0,15,16.0,10.0,12.0,6,13.5,13.5,15.0,16.0,0,0,50.0,0,0.0,28,HAR,Toro Rosso,20.0,0.0,0.0,0.0,False,Collision damage
2018,Azerbaijan Grand Prix,4,45.0,2,3.0,10.0,85.0,1,3.5,4.666666666666667,2.0,3.0,0,0,9.0,1,0.0,44,HAM,Mercedes,1.0,25.0,25.0,0.0,False,Finished
2018,Azerbaijan Grand Prix,4,30.0,5,8.0,10.0,84.0,2,5.666666666666667,2.0,6.0,8.0,0,0,24.0,1,0.0,7,RAI,Ferrari,2.0,18.0,18.0,0.0,False,Finished
2018,Azerbaijan Grand Prix,4,0.0,15,13.0,10.0,1.0,9,12.0,10.666666666666666,8.0,13.0,0,0,54.0,1,0.0,11,PER,Force India,3.0,15.0,15.0,0.0,False,Finished
2018,Azerbaijan Grand Prix,4,54.0,1,3.3333333333333335,10.0,84.0,2,5.666666666666667,1.6666666666666667,1.0,3.3333333333333335,2,2,0.0,1,0.0,5,VET,Ferrari,4.0,12.0,12.0,0.0,False,Finished
2018,Azerbaijan Grand Prix,4,3.0,12,10.0,10.0,25.0,5,8.166666666666666,9.333333333333334,9.0,10.0,0,0,51.0,1,0.0,55,SAI,Renault,5.0,10.0,10.0,0.0,False,Finished
2018,Azerbaijan Grand Prix,4,0.0,15,14.666666666666666,10.0,2.0,8,14.666666666666666,18.666666666666668,13.0,14.666666666666666,0,0,54.0,1,0.0,16,LEC,Sauber,6.0,8.0,8.0,0.0,False,Finished
2018,Azerbaijan Grand Prix,4,22.0,6,6.333333333333333,10.0,28.0,4,8.166666666666666,12.0,12.0,6.333333333333333,0,0,32.0,1,0.0,14,ALO,McLaren,7.0,6.0,6.0,0.0,False,Finished
2018,Azerbaijan Grand Prix,4,0.0,15,14.0,10.0,0.0,10,15.333333333333334,17.0,10.0,14.0,0,0,54.0,1,0.0,18,STR,Williams,8.0,4.0,4.0,0.0,False,Finished
2018,Azerbaijan Grand Prix,4,6.0,11,10.0,10.0,28.0,4,8.166666666666666,13.0,16.0,10.0,0,0,48.0,1,0.0,2,VAN,McLaren,9.0,2.0,2.0,0.0,False,Finished
2018,Azerbaijan Grand Prix,4,0.0,15,17.333333333333332,10.0,12.0,6,15.333333333333334,14.0,19.0,17.333333333333332,0,0,54.0,1,0.0,28,HAR,Toro Rosso,10.0,1.0,1.0,0.0,False,Finished
2018,Azerbaijan Grand Prix,4,2.0,13,14.666666666666666,10.0,2.0,8,14.666666666666666,18.0,18.0,14.666666666666666,0,0,52.0,1,0.0,9,ERI,Sauber,11.0,0.0,0.0,0.0,False,Finished
2018,Azerbaijan Grand Prix,4,12.0,9,13.333333333333334,10.0,12.0,6,15.333333333333334,14.0,17.0,13.333333333333334,0,0,42.0,1,0.0,10,GAS,Toro Rosso,12.0,0.0,0.0,0.0,False,Finished
2018,Azerbaijan Grand Prix,4,11.0,10,10.666666666666666,10.0,11.0,7,13.0,7.333333333333333,15.0,10.666666666666666,0,0,43.0,1,0.0,20,MAG,Haas F1 Team,13.0,0.0,0.0,0.0,False,Finished
2018,Azerbaijan Grand Prix,4,40.0,3,4.0,10.0,85.0,1,3.5,7.0,3.0,4.0,0,0,14.0,1,0.0,77,BOT,Mercedes,14.0,0.0,0.0,0.0,True,Puncture
2018,Azerbaijan Grand Prix,4,0.0,15,15.333333333333334,10.0,11.0,7,13.0,10.666666666666666,20.0,15.333333333333334,0,0,54.0,1,0.0,8,GRO,Haas F1 Team,15.0,0.0,0.0,0.0,False,Accident
2018,Azerbaijan Grand Prix,4,18.0,8,10.0,10.0,55.0,3,9.166666666666666,8.0,5.0,10.0,0,0,36.0,1,0.0,33,VER,Red Bull Racing,16.0,0.0,0.0,0.0,False,Collision
2018,Azerbaijan Grand Prix,4,37.0,4,8.333333333333334,10.0,55.0,3,9.166666666666666,6.0,4.0,8.333333333333334,1,1,17.0,1,0.0,3,RIC,Red Bull Racing,17.0,0.0,0.0,0.0,False,Collision
2018,Azerbaijan Grand Prix,4,22.0,6,6.333333333333333,10.0,25.0,5,8.166666666666666,7.0,14.0,6.333333333333333,0,0,32.0,1,0.0,27,HUL,Renault,18.0,0.0,0.0,0.0,False,Accident
2018,Azerbaijan Grand Prix,4,1.0,14,11.0,10.0,1.0,9,12.0,11.333333333333334,7.0,11.0,0,0,53.0,1,0.0,31,OCO,Force India,19.0,0.0,0.0,0.0,False,Collision
2018,Azerbaijan Grand Prix,4,0.0,15,16.666666666666668,10.0,0.0,10,15.333333333333334,17.666666666666668,11.0,16.666666666666668,0,0,54.0,1,0.0,35,SIR,Williams,20.0,0.0,0.0,0.0,False,Collision
2018,Spanish Grand Prix,5,70.0,1,2.5,10.0,110.0,2,4.5,4.0,1.0,2.5,1,1,0.0,0,0.0,44,HAM,Mercedes,1.0,25.0,25.0,0.0,False,Finished
2018,Spanish Grand Prix,5,40.0,4,6.5,10.0,110.0,2,4.5,6.0,2.0,6.5,0,0,30.0,0,0.0,77,BOT,Mercedes,2.0,18.0,18.0,0.0,False,Finished
2018,Spanish Grand Prix,5,18.0,8,11.5,10.0,55.0,3,11.0,7.25,5.0,11.5,0,0,52.0,0,0.0,33,VER,Red Bull Racing,3.0,15.0,15.0,0.0,False,Finished
2018,Spanish Grand Prix,5,66.0,2,3.5,10.0,114.0,1,5.0,1.5,3.0,3.5,2,2,4.0,0,0.0,5,VET,Ferrari,4.0,12.0,12.0,0.0,False,Finished
2018,Spanish Grand Prix,5,37.0,5,10.5,10.0,55.0,3,11.0,5.5,6.0,10.5,1,1,33.0,0,0.0,3,RIC,Red Bull Racing,5.0,10.0,10.0,0.0,False,Finished
2018,Spanish Grand Prix,5,11.0,12,11.25,10.0,11.0,8,13.25,9.25,7.0,11.25,0,0,59.0,0,0.0,20,MAG,Haas F1 Team,6.0,8.0,8.0,0.0,False,+1 Lap
2018,Spanish Grand Prix,5,13.0,10,8.75,10.0,35.0,5,9.0,9.25,9.0,8.75,0,0,57.0,0,0.0,55,SAI,Renault,7.0,6.0,6.0,0.0,False,+1 Lap
2018,Spanish Grand Prix,5,28.0,6,6.5,10.0,36.0,4,8.125,12.0,8.0,6.5,0,0,42.0,0,0.0,14,ALO,McLaren,8.0,4.0,4.0,0.0,False,+1 Lap
2018,Spanish Grand Prix,5,15.0,9,10.5,10.0,16.0,6,11.75,10.0,15.0,10.5,0,0,55.0,0,0.0,11,PER,Force India,9.0,2.0,2.0,0.0,False,+2 Laps
2018,Spanish Grand Prix,5,8.0,13,12.5,10.0,10.0,9,13.125,17.25,14.0,12.5,0,0,62.0,0,0.0,16,LEC,Sauber,10.0,1.0,1.0,0.0,False,+2 Laps
2018,Spanish Grand Prix,5,4.0,15,12.5,10.0,4.0,10,15.0,15.25,18.0,12.5,0,0,66.0,0,0.0,18,STR,Williams,11.0,0.0,0.0,0.0,False,+2 Laps
2018,Spanish Grand Prix,5,1.0,17,15.5,10.0,13.0,7,14.25,15.25,20.0,15.5,0,0,69.0,0,0.0,28,HAR,Toro Rosso,12.0,0.0,0.0,0.0,False,+2 Laps
2018,Spanish Grand Prix,5,2.0,16,13.75,10.0,10.0,9,13.125,18.0,17.0,13.75,0,0,68.0,0,0.0,9,ERI,Sauber,13.0,0.0,0.0,0.0,False,+2 Laps
2018,Spanish Grand Prix,5,0.0,19,17.5,10.0,4.0,10,15.0,16.0,19.0,17.5,0,0,70.0,0,0.0,35,SIR,Williams,14.0,0.0,0.0,0.0,False,+3 Laps
2018,Spanish Grand Prix,5,8.0,13,9.75,10.0,36.0,4,8.125,13.75,11.0,9.75,0,0,62.0,0,0.0,2,VAN,McLaren,15.0,0.0,0.0,0.0,False,Gearbox
2018,Spanish Grand Prix,5,1.0,17,13.0,10.0,16.0,6,11.75,10.25,13.0,13.0,0,0,69.0,0,0.0,31,OCO,Force India,16.0,0.0,0.0,0.0,False,Oil leak
2018,Spanish Grand Prix,5,48.0,3,6.5,10.0,114.0,1,5.0,3.0,4.0,6.5,0,0,22.0,0,0.0,7,RAI,Ferrari,17.0,0.0,0.0,0.0,False,Turbo
2018,Spanish Grand Prix,5,0.0,19,15.25,10.0,11.0,8,13.25,13.0,10.0,15.25,0,0,70.0,0,0.0,8,GRO,Haas F1 Team,18.0,0.0,0.0,0.0,False,Collision
2018,Spanish Grand Prix,5,12.0,11,13.0,10.0,13.0,7,14.25,14.75,12.0,13.0,0,0,58.0,0,0.0,10,GAS,Toro Rosso,19.0,0.0,0.0,0.0,False,Collision
2018,Spanish Grand Prix,5,22.0,7,9.25,10.0,35.0,5,9.0,8.75,16.0,9.25,0,0,48.0,0,0.0,27,HUL,Renault,20.0,0.0,0.0,0.0,False,Collision
2018,Monaco Grand Prix,6,47.0,5,9.4,10.0,80.0,3,9.6,5.6,1.0,9.4,1,1,48.0,1,0.0,3,RIC,Red Bull Racing,1.0,25.0,25.0,0.0,False,Finished
2018,Monaco Grand Prix,6,78.0,2,3.6,10.0,126.0,2,6.1,1.8,2.0,3.6,2,2,17.0,1,0.0,5,VET,Ferrari,2.0,18.0,18.0,0.0,False,Finished
2018,Monaco Grand Prix,6,95.0,1,2.2,10.0,153.0,1,3.9,3.4,3.0,2.2,2,2,0.0,1,0.0,44,HAM,Mercedes,3.0,15.0,15.0,0.0,False,Finished
2018,Monaco Grand Prix,6,48.0,4,8.6,10.0,126.0,2,6.1,3.2,4.0,8.6,0,0,47.0,1,0.0,7,RAI,Ferrari,4.0,12.0,12.0,0.0,False,Finished
2018,Monaco Grand Prix,6,58.0,3,5.6,10.0,153.0,1,3.9,5.2,5.0,5.6,0,0,37.0,1,0.0,77,BOT,Mercedes,5.0,10.0,10.0,0.0,False,Finished
2018,Monaco Grand Prix,6,1.0,17,13.6,10.0,18.0,7,11.9,10.8,6.0,13.6,0,0,94.0,1,0.0,31,OCO,Force India,6.0,8.0,8.0,0.0,False,Finished
2018,Monaco Grand Prix,6,12.0,12,14.2,10.0,13.0,8,14.5,14.2,10.0,14.2,0,0,83.0,1,0.0,10,GAS,Toro Rosso,7.0,6.0,6.0,0.0,False,Finished
2018,Monaco Grand Prix,6,22.0,8,11.4,10.0,41.0,4,9.9,10.2,11.0,11.4,0,0,73.0,1,0.0,27,HUL,Renault,8.0,4.0,4.0,0.0,False,Finished
2018,Monaco Grand Prix,6,33.0,6,9.8,10.0,80.0,3,9.6,6.8,20.0,9.8,0,0,62.0,1,0.0,33,VER,Red Bull Racing,9.0,2.0,2.0,0.0,False,Finished
2018,Monaco Grand Prix,6,19.0,9,8.4,10.0,41.0,4,9.9,9.2,8.0,8.4,0,0,76.0,1,0.0,55,SAI,Renault,10.0,1.0,1.0,0.0,False,Finished
2018,Monaco Grand Prix,6,2.0,16,13.6,10.0,11.0,9,12.8,17.8,16.0,13.6,0,0,93.0,1,0.0,9,ERI,Sauber,11.0,0.0,0.0,0.0,False,Finished
2018,Monaco Grand Prix,6,17.0,11,10.2,10.0,18.0,7,11.9,11.0,9.0,10.2,0,0,78.0,1,0.0,11,PER,Force India,12.0,0.0,0.0,0.0,False,Finished
2018,Monaco Grand Prix,6,19.0,9,10.2,10.0,19.0,6,13.0,8.8,19.0,10.2,0,0,76.0,1,0.0,20,MAG,Haas F1 Team,13.0,0.0,0.0,0.0,False,Finished
2018,Monaco Grand Prix,6,8.0,14,10.8,10.0,40.0,5,8.8,13.2,12.0,10.8,0,0,87.0,1,0.0,2,VAN,McLaren,14.0,0.0,0.0,0.0,False,+1 Lap
2018,Monaco Grand Prix,6,0.0,19,15.8,10.0,19.0,6,13.0,12.4,18.0,15.8,0,0,95.0,1,0.0,8,GRO,Haas F1 Team,15.0,0.0,0.0,0.0,False,+1 Lap
2018,Monaco Grand Prix,6,0.0,19,16.8,10.0,4.0,10,14.5,16.6,13.0,16.8,0,0,95.0,1,0.0,35,SIR,Williams,16.0,0.0,0.0,0.0,False,+1 Lap
2018,Monaco Grand Prix,6,4.0,15,12.2,10.0,4.0,10,14.5,15.8,17.0,12.2,0,0,91.0,1,0.0,18,STR,Williams,17.0,0.0,0.0,0.0,False,+2 Laps
2018,Monaco Grand Prix,6,9.0,13,12.0,10.0,11.0,9,12.8,16.6,14.0,12.0,0,0,86.0,1,0.0,16,LEC,Sauber,18.0,0.0,0.0,0.0,False,Collision
2018,Monaco Grand Prix,6,1.0,17,14.8,10.0,13.0,8,14.5,16.2,15.0,14.8,0,0,94.0,1,0.0,28,HAR,Toro Rosso,19.0,0.0,0.0,0.0,False,Collision
2018,Monaco Grand Prix,6,32.0,7,6.8,10.0,40.0,5,8.8,11.2,7.0,6.8,0,0,63.0,1,0.0,14,ALO,McLaren,20.0,0.0,0.0,0.0,False,Gearbox
2018,Canadian Grand Prix,7,96.0,2,3.3333333333333335,10.0,156.0,2,5.583333333333333,1.8333333333333333,1.0,3.8,2,2,14.0,0,0.0,5,VET,Ferrari,1.0,25.0,25.0,0.0,False,Finished
2018,Canadian Grand Prix,7,68.0,4,5.5,10.0,178.0,1,3.9166666666666665,5.166666666666667,2.0,5.0,0,0,42.0,0,-3.0,77,BOT,Mercedes,2.0,18.0,18.0,0.0,False,Finished
2018,Canadian Grand Prix,7,35.0,6,9.666666666666666,10.0,107.0,3,8.833333333333334,9.0,3.0,10.4,0,0,75.0,0,0.6666666666666661,33,VER,Red Bull Racing,3.0,15.0,15.0,0.0,False,Finished
2018,Canadian Grand Prix,7,72.0,3,8.0,10.0,107.0,3,8.833333333333334,4.833333333333333,6.0,8.8,2,2,38.0,0,0.666666666666667,3,RIC,Red Bull Racing,4.0,12.0,12.0,0.0,False,Finished
2018,Canadian Grand Prix,7,110.0,1,2.3333333333333335,10.0,178.0,1,3.9166666666666665,3.3333333333333335,4.0,2.4,2,2,0.0,0,1.3333333333333333,44,HAM,Mercedes,5.0,10.0,10.0,0.0,False,Finished
2018,Canadian Grand Prix,7,60.0,5,7.833333333333333,10.0,156.0,2,5.583333333333333,3.3333333333333335,5.0,8.8,0,0,50.0,0,0.33333333333333304,7,RAI,Ferrari,6.0,8.0,8.0,0.0,False,Finished
2018,Canadian Grand Prix,7,26.0,8,10.833333333333334,10.0,46.0,4,9.75,10.333333333333334,7.0,11.6,0,0,84.0,0,-9.0,27,HUL,Renault,7.0,6.0,6.0,0.0,False,+1 Lap
2018,Canadian Grand Prix,7,20.0,9,8.666666666666666,10.0,46.0,4,9.75,9.0,9.0,8.4,0,0,90.0,0,2.666666666666667,55,SAI,Renault,8.0,4.0,4.0,0.0,False,+1 Lap
2018,Canadian Grand Prix,7,9.0,13,12.333333333333334,10.0,26.0,6,11.416666666666666,10.0,8.0,12.4,0,0,101.0,0,-2.666666666666666,31,OCO,Force India,9.0,2.0,2.0,0.0,False,+1 Lap
2018,Canadian Grand Prix,7,9.0,13,13.0,10.0,11.0,9,13.083333333333334,16.166666666666668,13.0,13.0,0,0,101.0,0,3.333333333333332,16,LEC,Sauber,10.0,1.0,1.0,0.0,False,+1 Lap
2018,Canadian Grand Prix,7,18.0,11,13.0,10.0,19.0,8,14.25,13.5,16.0,12.0,0,0,92.0,0,0.6666666666666679,10,GAS,Toro Rosso,11.0,0.0,0.0,0.0,False,+1 Lap
2018,Canadian Grand Prix,7,0.0,19,15.666666666666666,10.0,19.0,7,13.166666666666666,13.333333333333334,20.0,15.6,0,0,110.0,0,-0.6666666666666661,8,GRO,Haas F1 Team,12.0,0.0,0.0,0.0,False,+1 Lap
2018,Canadian Grand Prix,7,19.0,10,10.666666666666666,10.0,19.0,7,13.166666666666666,10.5,11.0,9.4,0,0,91.0,0,0.0,20,MAG,Haas F1 Team,13.0,0.0,0.0,0.0,False,+1 Lap
2018,Canadian Grand Prix,7,17.0,12,10.5,10.0,26.0,6,11.416666666666666,10.666666666666666,10.0,10.4,0,0,93.0,0,5.0,11,PER,Force India,14.0,0.0,0.0,0.0,False,+1 Lap
2018,Canadian Grand Prix,7,2.0,17,13.166666666666666,10.0,11.0,9,13.083333333333334,17.5,19.0,12.0,0,0,108.0,0,3.0,9,ERI,Sauber,15.0,0.0,0.0,0.0,False,+2 Laps
2018,Canadian Grand Prix,7,8.0,15,11.333333333333334,10.0,40.0,5,10.166666666666666,13.0,15.0,11.8,0,0,102.0,0,-2.666666666666666,2,VAN,McLaren,16.0,0.0,0.0,0.0,False,+2 Laps
2018,Canadian Grand Prix,7,0.0,19,16.666666666666668,10.0,4.0,10,14.833333333333334,16.0,18.0,16.0,0,0,110.0,0,0.0,35,SIR,Williams,17.0,0.0,0.0,0.0,False,+2 Laps
2018,Canadian Grand Prix,7,32.0,7,9.0,10.0,40.0,5,10.166666666666666,10.5,14.0,9.8,0,0,78.0,0,-5.333333333333333,14,ALO,McLaren,18.0,0.0,0.0,0.0,False,Exhaust
2018,Canadian Grand Prix,7,1.0,18,15.5,10.0,19.0,8,14.25,16.0,12.0,15.6,0,0,109.0,0,3.666666666666666,28,HAR,Toro Rosso,19.0,0.0,0.0,0.0,False,Collision
2018,Canadian Grand Prix,7,4.0,16,13.0,10.0,4.0,10,14.833333333333334,16.0,17.0,12.8,0,0,106.0,0,2.0,18,STR,Williams,20.0,0.0,0.0,0.0,False,Collision
2018,French Grand Prix,8,120.0,2,2.7142857142857144,10.0,206.0,1,3.857142857142857,3.4285714285714284,1.0,2.8,2,2,1.0,0,-0.3333333333333335,44,HAM,Mercedes,1.0,25.0,25.0,0.0,False,Finished
2018,French Grand Prix,8,50.0,6,8.714285714285714,10.0,134.0,3,8.071428571428571,8.142857142857142,4.0,7.2,0,0,71.0,0,8.333333333333334,33,VER,Red Bull Racing,2.0,18.0,18.0,0.0,False,Finished
2018,French Grand Prix,8,68.0,5,7.571428571428571,10.0,189.0,2,5.285714285714286,3.5714285714285716,6.0,6.4,0,0,53.0,0,-1.333333333333333,7,RAI,Ferrari,3.0,15.0,15.0,0.0,False,Finished
2018,French Grand Prix,8,84.0,4,7.428571428571429,10.0,134.0,3,8.071428571428571,5.0,5.0,5.6,2,2,37.0,0,9.333333333333332,3,RIC,Red Bull Racing,4.0,12.0,12.0,0.0,False,Finished
2018,French Grand Prix,8,121.0,1,3.0,10.0,189.0,2,5.285714285714286,1.7142857142857142,3.0,3.8,3,3,0.0,0,1.9999999999999996,5,VET,Ferrari,5.0,10.0,10.0,0.0,False,Finished
2018,French Grand Prix,8,19.0,10,11.0,10.0,19.0,7,13.071428571428571,10.571428571428571,9.0,11.0,0,0,102.0,0,-1.3333333333333321,20,MAG,Haas F1 Team,6.0,8.0,8.0,0.0,False,Finished
2018,French Grand Prix,8,86.0,3,5.0,10.0,206.0,1,3.857142857142857,4.714285714285714,2.0,5.0,0,0,35.0,0,3.0,77,BOT,Mercedes,7.0,6.0,6.0,0.0,False,Finished
2018,French Grand Prix,8,24.0,9,8.571428571428571,10.0,56.0,4,9.428571428571429,9.0,7.0,7.8,0,0,97.0,0,0.0,55,SAI,Renault,8.0,4.0,4.0,0.0,False,Finished
2018,French Grand Prix,8,32.0,7,10.285714285714286,10.0,56.0,4,9.428571428571429,9.857142857142858,12.0,11.8,0,0,89.0,0,-1.666666666666666,27,HUL,Renault,9.0,2.0,2.0,0.0,False,Finished
2018,French Grand Prix,8,10.0,14,12.571428571428571,10.0,12.0,9,13.0,15.714285714285714,8.0,12.6,0,0,111.0,0,-0.33333333333333215,16,LEC,Sauber,10.0,1.0,1.0,0.0,False,Finished
2018,French Grand Prix,8,0.0,19,15.142857142857142,10.0,19.0,7,13.071428571428571,14.285714285714286,10.0,15.4,0,0,121.0,0,0.0,8,GRO,Haas F1 Team,11.0,0.0,0.0,0.0,False,+1 Lap
2018,French Grand Prix,8,8.0,15,12.0,10.0,40.0,5,11.142857142857142,13.285714285714286,17.0,13.4,0,0,113.0,0,-5.0,2,VAN,McLaren,12.0,0.0,0.0,0.0,False,+1 Lap
2018,French Grand Prix,8,2.0,17,13.428571428571429,10.0,12.0,9,13.0,17.714285714285715,15.0,13.2,0,0,119.0,0,-1.0,9,ERI,Sauber,13.0,0.0,0.0,0.0,False,+1 Lap
2018,French Grand Prix,8,1.0,18,16.0,10.0,19.0,8,14.357142857142858,15.428571428571429,20.0,16.0,0,0,120.0,0,-1.0000000000000018,28,HAR,Toro Rosso,14.0,0.0,0.0,0.0,False,+1 Lap
2018,French Grand Prix,8,0.0,19,16.714285714285715,10.0,4.0,10,15.357142857142858,16.285714285714285,18.0,16.4,0,0,121.0,0,1.0000000000000018,35,SIR,Williams,15.0,0.0,0.0,0.0,False,+1 Lap
2018,French Grand Prix,8,32.0,7,10.285714285714286,10.0,40.0,5,11.142857142857142,11.0,16.0,12.0,0,0,89.0,0,-8.333333333333334,14,ALO,McLaren,16.0,0.0,0.0,0.0,False,Wheel
2018,French Grand Prix,8,4.0,16,14.0,10.0,4.0,10,15.357142857142858,16.142857142857142,19.0,14.0,0,0,117.0,0,-4.0,18,STR,Williams,17.0,0.0,0.0,0.0,True,Puncture
2018,French Grand Prix,8,17.0,12,11.0,10.0,28.0,6,11.428571428571429,10.571428571428571,13.0,10.0,0,0,104.0,0,-1.3333333333333321,11,PER,Force India,18.0,0.0,0.0,0.0,False,Engine
2018,French Grand Prix,8,11.0,13,11.857142857142858,10.0,28.0,6,11.428571428571429,9.714285714285714,11.0,12.2,0,0,110.0,0,3.0,31,OCO,Force India,19.0,0.0,0.0,0.0,False,Collision
2018,French Grand Prix,8,18.0,11,12.714285714285714,10.0,19.0,8,14.357142857142858,13.857142857142858,14.0,13.4,0,0,103.0,0,-1.0,10,GAS,Toro Rosso,20.0,0.0,0.0,0.0,False,Collision
2018,Austrian Grand Prix,9,68.0,6,7.875,10.0,164.0,3,7.4375,7.625,4.0,6.6,0,0,77.0,0,3.333333333333333,33,VER,Red Bull Racing,1.0,25.0,25.0,0.0,False,Finished
2018,Austrian Grand Prix,9,83.0,5,7.0,10.0,214.0,2,5.125,3.875,3.0,6.4,0,0,62.0,0,3.0,7,RAI,Ferrari,2.0,18.0,18.0,0.0,False,Finished
2018,Austrian Grand Prix,9,131.0,2,3.25,10.0,214.0,2,5.125,1.875,6.0,3.2,3,3,14.0,0,2.6666666666666665,5,VET,Ferrari,3.0,15.0,15.0,0.0,False,Finished
2018,Austrian Grand Prix,9,0.0,19,14.625,10.0,27.0,7,12.5,13.75,5.0,14.2,0,0,145.0,0,4.000000000000002,8,GRO,Haas F1 Team,4.0,12.0,12.0,0.0,False,+1 Lap
2018,Austrian Grand Prix,9,27.0,10,10.375,10.0,27.0,7,12.5,10.375,8.0,10.2,0,0,118.0,0,-1.0,20,MAG,Haas F1 Team,5.0,10.0,10.0,0.0,False,+1 Lap
2018,Austrian Grand Prix,9,11.0,13,12.75,10.0,28.0,6,12.3125,9.875,11.0,13.8,0,0,134.0,0,4.0,31,OCO,Force India,6.0,8.0,8.0,0.0,False,+1 Lap
2018,Austrian Grand Prix,9,17.0,12,11.875,10.0,28.0,6,12.3125,10.875,16.0,11.2,0,0,128.0,0,-6.666666666666666,11,PER,Force India,7.0,6.0,6.0,0.0,False,+1 Lap
2018,Austrian Grand Prix,9,32.0,8,11.0,10.0,40.0,5,11.5,11.625,13.0,13.8,0,0,113.0,0,-10.666666666666668,14,ALO,McLaren,8.0,4.0,4.0,0.0,False,+1 Lap
2018,Austrian Grand Prix,9,11.0,13,12.25,10.0,13.0,9,12.8125,14.75,18.0,10.8,0,0,134.0,0,-1.0,16,LEC,Sauber,9.0,2.0,2.0,0.0,False,+1 Lap
2018,Austrian Grand Prix,9,2.0,17,13.375,10.0,13.0,9,12.8125,17.375,20.0,12.6,0,0,143.0,0,0.3333333333333339,9,ERI,Sauber,10.0,1.0,1.0,0.0,False,+1 Lap
2018,Austrian Grand Prix,9,18.0,11,13.625,10.0,19.0,8,14.6875,13.875,12.0,13.8,0,0,127.0,0,3.666666666666666,10,GAS,Toro Rosso,11.0,0.0,0.0,0.0,False,+1 Lap
2018,Austrian Grand Prix,9,28.0,9,8.5,10.0,62.0,4,9.3125,8.75,9.0,7.6,0,0,117.0,0,-1.666666666666666,55,SAI,Renault,12.0,0.0,0.0,0.0,False,+1 Lap
2018,Austrian Grand Prix,9,0.0,19,16.5,10.0,4.0,10,15.4375,16.5,17.0,16.4,0,0,145.0,0,0.33333333333333215,35,SIR,Williams,13.0,0.0,0.0,0.0,False,+2 Laps
2018,Austrian Grand Prix,9,4.0,16,14.375,10.0,4.0,10,15.4375,16.5,14.0,14.6,0,0,141.0,0,-7.0,18,STR,Williams,14.0,0.0,0.0,0.0,False,+2 Laps
2018,Austrian Grand Prix,9,8.0,15,12.0,10.0,40.0,5,11.5,13.75,15.0,13.2,0,0,137.0,0,-1.666666666666666,2,VAN,McLaren,15.0,0.0,0.0,0.0,False,Collision damage
2018,Austrian Grand Prix,9,145.0,1,2.5,10.0,237.0,1,3.875,3.125,2.0,2.2,3,3,0.0,0,-1.0,44,HAM,Mercedes,16.0,0.0,0.0,0.0,False,Fuel pressure
2018,Austrian Grand Prix,9,1.0,18,15.75,10.0,19.0,8,14.6875,16.0,19.0,14.8,0,0,144.0,0,-3.333333333333332,28,HAR,Toro Rosso,17.0,0.0,0.0,0.0,False,Hydraulics
2018,Austrian Grand Prix,9,96.0,3,7.0,10.0,164.0,3,7.4375,5.0,7.0,6.2,2,2,49.0,0,4.666666666666667,3,RIC,Red Bull Racing,18.0,0.0,0.0,0.0,False,Exhaust
2018,Austrian Grand Prix,9,92.0,4,5.25,10.0,237.0,1,3.875,4.375,1.0,6.0,0,0,53.0,0,1.333333333333333,77,BOT,Mercedes,19.0,0.0,0.0,0.0,False,Hydraulics
2018,Austrian Grand Prix,9,34.0,7,10.125,10.0,62.0,4,9.3125,10.125,10.0,12.4,0,0,111.0,0,6.666666666666666,27,HUL,Renault,20.0,0.0,0.0,0.0,False,Engine
2018,British Grand Prix,10,146.0,1,3.2222222222222223,10.0,247.0,1,4.833333333333333,2.3333333333333335,2.0,3.0,3,3,0.0,0,0.3333333333333335,5,VET,Ferrari,1.0,25.0,25.0,0.0,False,Finished
2018,British Grand Prix,10,145.0,2,4.0,10.0,237.0,2,5.388888888888889,3.0,1.0,5.2,3,3,1.0,0,-5.666666666666666,44,HAM,Mercedes,2.0,18.0,18.0,0.0,False,Finished
2018,British Grand Prix,10,101.0,3,6.444444444444445,10.0,247.0,1,4.833333333333333,3.7777777777777777,3.0,6.4,0,0,45.0,0,4.0,7,RAI,Ferrari,3.0,15.0,15.0,0.0,False,Finished
2018,British Grand Prix,10,92.0,6,6.777777777777778,10.0,237.0,2,5.388888888888889,4.0,4.0,7.0,0,0,54.0,0,-2.333333333333334,77,BOT,Mercedes,4.0,12.0,12.0,0.0,False,Finished
2018,British Grand Prix,10,96.0,4,8.222222222222221,10.0,189.0,3,7.666666666666667,5.222222222222222,6.0,6.4,2,2,50.0,0,-0.9999999999999991,3,RIC,Red Bull Racing,5.0,10.0,10.0,0.0,False,Finished
2018,British Grand Prix,10,34.0,9,11.222222222222221,10.0,62.0,4,10.055555555555555,10.11111111111111,11.0,12.8,0,0,112.0,0,3.333333333333334,27,HUL,Renault,6.0,8.0,8.0,0.0,False,Finished
2018,British Grand Prix,10,19.0,12,12.0,10.0,42.0,7,11.666666666666666,10.0,10.0,11.2,0,0,127.0,0,2.333333333333332,31,OCO,Force India,7.0,6.0,6.0,0.0,False,Finished
2018,British Grand Prix,10,36.0,8,10.666666666666666,10.0,44.0,6,11.5,11.777777777777779,13.0,14.0,0,0,110.0,0,-2.333333333333334,14,ALO,McLaren,8.0,4.0,4.0,0.0,False,Finished
2018,British Grand Prix,10,37.0,7,9.777777777777779,10.0,49.0,5,11.61111111111111,10.11111111111111,7.0,8.6,0,0,109.0,0,2.666666666666666,20,MAG,Haas F1 Team,9.0,2.0,2.0,0.0,False,Finished
2018,British Grand Prix,10,23.0,11,11.333333333333334,10.0,42.0,7,11.666666666666666,11.444444444444445,12.0,12.0,0,0,123.0,0,-5.0,11,PER,Force India,10.0,1.0,1.0,0.0,False,Finished
2018,British Grand Prix,10,8.0,16,12.333333333333334,10.0,44.0,6,11.5,13.88888888888889,17.0,14.4,0,0,138.0,0,-1.6666666666666679,2,VAN,McLaren,11.0,0.0,0.0,0.0,False,Finished
2018,British Grand Prix,10,4.0,17,14.333333333333334,10.0,4.0,10,15.222222222222221,16.22222222222222,19.0,15.8,0,0,142.0,0,-5.0,18,STR,Williams,12.0,0.0,0.0,0.0,False,Finished
2018,British Grand Prix,10,18.0,13,13.333333333333334,10.0,19.0,8,14.61111111111111,13.666666666666666,14.0,13.6,0,0,128.0,0,-1.333333333333334,10,GAS,Toro Rosso,13.0,0.0,0.0,0.0,False,Finished
2018,British Grand Prix,10,0.0,20,16.11111111111111,10.0,4.0,10,15.222222222222221,16.555555555555557,18.0,15.0,0,0,146.0,0,1.6666666666666679,35,SIR,Williams,14.0,0.0,0.0,0.0,False,Finished
2018,British Grand Prix,10,93.0,5,7.111111111111111,10.0,189.0,3,7.666666666666667,7.222222222222222,5.0,3.6,1,1,53.0,0,7.333333333333334,33,VER,Red Bull Racing,15.0,0.0,0.0,0.0,False,Brakes
2018,British Grand Prix,10,12.0,15,13.444444444444445,10.0,49.0,5,11.61111111111111,12.777777777777779,8.0,12.0,0,0,134.0,0,7.0,8,GRO,Haas F1 Team,16.0,0.0,0.0,0.0,False,Collision
2018,British Grand Prix,10,28.0,10,8.88888888888889,10.0,62.0,4,10.055555555555555,8.777777777777779,16.0,9.0,0,0,118.0,0,-2.000000000000001,55,SAI,Renault,17.0,0.0,0.0,0.0,False,Collision
2018,British Grand Prix,10,3.0,18,13.0,10.0,16.0,9,12.444444444444445,17.666666666666668,15.0,12.4,0,0,143.0,0,-1.0,9,ERI,Sauber,18.0,0.0,0.0,0.0,False,Accident
2018,British Grand Prix,10,13.0,14,11.88888888888889,10.0,16.0,9,12.444444444444445,15.11111111111111,9.0,11.4,0,0,133.0,0,1.6666666666666679,16,LEC,Sauber,19.0,0.0,0.0,0.0,False,Tyre
2018,British Grand Prix,10,1.0,19,15.88888888888889,10.0,19.0,8,14.61111111111111,16.333333333333332,0.0,16.2,0,0,145.0,0,-3.0000000000000018,28,HAR,Toro Rosso,20.0,0.0,0.0,0.0,False,Power Unit
2018,German Grand Prix,11,163.0,2,3.8,10.0,267.0,2,5.15,2.8,14.0,5.4,3,3,8.0,0,-3.333333333333333,44,HAM,Mercedes,1.0,25.0,25.0,0.0,False,Finished
2018,German Grand Prix,11,104.0,5,6.5,10.0,267.0,2,5.15,4.0,2.0,7.4,0,0,67.0,0,-7.0,77,BOT,Mercedes,2.0,18.0,18.0,0.0,False,Finished
2018,German Grand Prix,11,116.0,3,6.1,10.0,287.0,1,4.55,3.7,3.0,3.6,0,0,55.0,0,6.333333333333334,7,RAI,Ferrari,3.0,15.0,15.0,0.0,False,Finished
2018,German Grand Prix,11,93.0,6,7.9,10.0,199.0,3,7.9,7.0,4.0,6.0,1,1,78.0,0,-1.0,33,VER,Red Bull Racing,4.0,12.0,12.0,0.0,False,Finished
2018,German Grand Prix,11,42.0,7,10.7,10.0,70.0,4,10.2,10.2,7.0,10.0,0,0,129.0,0,0.0,27,HUL,Renault,5.0,10.0,10.0,0.0,False,Finished
2018,German Grand Prix,11,12.0,15,13.7,10.0,51.0,5,11.7,12.3,6.0,11.6,0,0,159.0,0,4.666666666666666,8,GRO,Haas F1 Team,6.0,8.0,8.0,0.0,False,Finished
2018,German Grand Prix,11,24.0,12,11.2,10.0,49.0,6,11.35,11.5,10.0,12.2,0,0,147.0,0,0.0,11,PER,Force India,7.0,6.0,6.0,0.0,False,Finished
2018,German Grand Prix,11,25.0,11,11.5,10.0,49.0,6,11.35,10.0,15.0,9.4,0,0,146.0,0,-0.33333333333333215,31,OCO,Force India,8.0,4.0,4.0,0.0,False,Finished
2018,German Grand Prix,11,3.0,18,13.5,10.0,16.0,9,13.05,17.4,13.0,13.4,0,0,168.0,0,-0.6666666666666661,9,ERI,Sauber,9.0,2.0,2.0,0.0,False,Finished
2018,German Grand Prix,11,1.0,19,16.3,10.0,19.0,8,14.8,14.7,17.0,17.8,0,0,170.0,0,-0.33333333333333215,28,HAR,Toro Rosso,10.0,1.0,1.0,0.0,False,Finished
2018,German Grand Prix,11,39.0,9,9.7,10.0,51.0,5,11.7,9.8,5.0,9.2,0,0,132.0,0,3.999999999999999,20,MAG,Haas F1 Team,11.0,0.0,0.0,0.0,False,Finished
2018,German Grand Prix,11,28.0,10,9.7,10.0,70.0,4,10.2,9.5,8.0,11.0,0,0,143.0,0,-4.0,55,SAI,Renault,12.0,0.0,0.0,0.0,False,Finished
2018,German Grand Prix,11,8.0,16,12.2,10.0,48.0,7,11.3,14.2,19.0,13.6,0,0,163.0,0,2.333333333333334,2,VAN,McLaren,13.0,0.0,0.0,0.0,False,Finished
2018,German Grand Prix,11,18.0,13,13.3,10.0,19.0,8,14.8,13.7,16.0,12.4,0,0,153.0,0,-2.333333333333332,10,GAS,Toro Rosso,14.0,0.0,0.0,0.0,False,+1 Lap
2018,German Grand Prix,11,13.0,14,12.6,10.0,16.0,9,13.05,14.5,9.0,13.2,0,0,158.0,0,0.0,16,LEC,Sauber,15.0,0.0,0.0,0.0,False,+1 Lap
2018,German Grand Prix,11,40.0,8,10.4,10.0,48.0,7,11.3,11.9,11.0,14.0,0,0,131.0,0,4.666666666666668,14,ALO,McLaren,16.0,0.0,0.0,0.0,False,Retired
2018,German Grand Prix,11,4.0,17,14.1,10.0,4.0,10,15.0,16.5,18.0,16.0,0,0,167.0,0,1.666666666666666,18,STR,Williams,17.0,0.0,0.0,0.0,False,Engine
2018,German Grand Prix,11,171.0,1,3.0,10.0,287.0,1,4.55,2.3,1.0,2.4,4,4,0.0,0,-0.6666666666666665,5,VET,Ferrari,18.0,0.0,0.0,0.0,False,Accident
2018,German Grand Prix,11,0.0,20,15.9,10.0,4.0,10,15.0,16.7,12.0,15.0,0,0,171.0,0,1.666666666666666,35,SIR,Williams,19.0,0.0,0.0,0.0,False,Engine
2018,German Grand Prix,11,106.0,4,7.9,10.0,199.0,3,7.9,5.3,20.0,6.4,2,2,65.0,0,-5.666666666666666,3,RIC,Red Bull Racing,20.0,0.0,0.0,0.0,False,Engine
2018,Hungarian Grand Prix,12,188.0,1,3.5454545454545454,10.0,310.0,1,4.818181818181818,3.8181818181818183,1.0,5.0,4,4,0.0,0,-3.333333333333333,44,HAM,Mercedes,1.0,25.0,25.0,0.0,False,Finished
2018,Hungarian Grand Prix,12,171.0,2,4.363636363636363,10.0,302.0,2,5.090909090909091,2.1818181818181817,4.0,5.6,4,4,17.0,0,-4.666666666666666,5,VET,Ferrari,2.0,18.0,18.0,0.0,False,Finished
2018,Hungarian Grand Prix,12,131.0,3,5.818181818181818,10.0,302.0,2,5.090909090909091,3.6363636363636362,3.0,3.4,0,0,57.0,0,1.6666666666666665,7,RAI,Ferrari,3.0,15.0,15.0,0.0,False,Finished
2018,Hungarian Grand Prix,12,106.0,5,9.0,10.0,211.0,3,8.272727272727273,6.636363636363637,12.0,10.2,2,2,82.0,0,-11.333333333333334,3,RIC,Red Bull Racing,4.0,12.0,12.0,0.0,False,Finished
2018,Hungarian Grand Prix,12,122.0,4,6.090909090909091,10.0,310.0,1,4.818181818181818,3.8181818181818183,2.0,6.8,0,0,66.0,0,-3.666666666666667,77,BOT,Mercedes,5.0,10.0,10.0,0.0,False,Finished
2018,Hungarian Grand Prix,12,18.0,14,13.363636363636363,10.0,20.0,8,14.545454545454545,13.909090909090908,6.0,13.8,0,0,170.0,0,0.0,10,GAS,Toro Rosso,6.0,8.0,8.0,0.0,False,Finished
2018,Hungarian Grand Prix,12,39.0,9,9.818181818181818,10.0,59.0,6,11.409090909090908,9.363636363636363,9.0,8.8,0,0,149.0,0,2.333333333333332,20,MAG,Haas F1 Team,7.0,6.0,6.0,0.0,False,+1 Lap
2018,Hungarian Grand Prix,12,40.0,8,10.909090909090908,10.0,48.0,7,11.590909090909092,11.818181818181818,11.0,13.2,0,0,148.0,0,7.333333333333334,14,ALO,McLaren,8.0,4.0,4.0,0.0,False,+1 Lap
2018,Hungarian Grand Prix,12,28.0,12,9.909090909090908,10.0,80.0,4,10.045454545454545,9.363636363636363,5.0,11.4,0,0,160.0,0,-5.0,55,SAI,Renault,9.0,2.0,2.0,0.0,False,+1 Lap
2018,Hungarian Grand Prix,12,20.0,13,13.0,10.0,59.0,6,11.409090909090908,11.727272727272727,10.0,9.8,0,0,168.0,0,4.0,8,GRO,Haas F1 Team,10.0,1.0,1.0,0.0,False,+1 Lap
2018,Hungarian Grand Prix,12,2.0,19,15.727272727272727,10.0,20.0,8,14.545454545454545,14.909090909090908,8.0,16.0,0,0,186.0,0,1.666666666666666,28,HAR,Toro Rosso,11.0,0.0,0.0,0.0,False,+1 Lap
2018,Hungarian Grand Prix,12,52.0,7,10.181818181818182,10.0,80.0,4,10.045454545454545,9.909090909090908,13.0,9.4,0,0,136.0,0,-2.333333333333334,27,HUL,Renault,12.0,0.0,0.0,0.0,False,+1 Lap
2018,Hungarian Grand Prix,12,29.0,11,11.181818181818182,10.0,59.0,5,11.0,10.454545454545455,18.0,9.8,0,0,159.0,0,4.333333333333334,31,OCO,Force India,13.0,0.0,0.0,0.0,False,+1 Lap
2018,Hungarian Grand Prix,12,30.0,10,10.818181818181818,10.0,59.0,5,11.0,11.363636363636363,19.0,11.2,0,0,158.0,0,6.666666666666666,11,PER,Force India,14.0,0.0,0.0,0.0,False,+1 Lap
2018,Hungarian Grand Prix,12,5.0,17,13.090909090909092,10.0,18.0,9,12.954545454545455,17.0,14.0,13.0,0,0,183.0,0,0.6666666666666661,9,ERI,Sauber,15.0,0.0,0.0,0.0,False,+2 Laps
2018,Hungarian Grand Prix,12,0.0,20,16.181818181818183,10.0,4.0,10,15.272727272727273,16.272727272727273,20.0,15.6,0,0,188.0,0,0.6666666666666661,35,SIR,Williams,16.0,0.0,0.0,0.0,False,+2 Laps
2018,Hungarian Grand Prix,12,4.0,18,14.363636363636363,10.0,4.0,10,15.272727272727273,16.636363636363637,15.0,16.0,0,0,184.0,0,3.666666666666666,18,STR,Williams,17.0,0.0,0.0,0.0,False,+2 Laps
2018,Hungarian Grand Prix,12,8.0,16,12.272727272727273,10.0,48.0,7,11.590909090909092,14.636363636363637,16.0,13.4,0,0,180.0,0,1.0,2,VAN,McLaren,18.0,0.0,0.0,0.0,False,Gearbox
2018,Hungarian Grand Prix,12,105.0,6,7.545454545454546,10.0,211.0,3,8.272727272727273,6.7272727272727275,7.0,5.0,1,1,83.0,0,-2.0,33,VER,Red Bull Racing,19.0,0.0,0.0,0.0,False,Power loss
2018,Hungarian Grand Prix,12,13.0,15,12.818181818181818,10.0,18.0,9,12.954545454545455,14.0,17.0,12.6,0,0,175.0,0,-1.6666666666666679,16,LEC,Sauber,20.0,0.0,0.0,0.0,False,Suspension
2018,Belgian Grand Prix,13,189.0,2,4.166666666666667,10.0,335.0,2,4.875,2.3333333333333335,2.0,5.8,4,4,24.0,0,-4.0,5,VET,Ferrari,1.0,25.0,25.0,0.0,False,Finished
2018,Belgian Grand Prix,13,213.0,1,3.3333333333333335,10.0,345.0,1,4.666666666666667,3.5833333333333335,1.0,4.2,5,5,0.0,0,6.0,44,HAM,Mercedes,2.0,18.0,18.0,0.0,False,Finished
2018,Belgian Grand Prix,13,105.0,6,8.5,10.0,223.0,3,8.541666666666666,6.75,7.0,8.2,1,1,108.0,0,-10.666666666666666,33,VER,Red Bull Racing,3.0,15.0,15.0,0.0,False,Finished
2018,Belgian Grand Prix,13,132.0,4,6.0,10.0,345.0,1,4.666666666666667,3.6666666666666665,19.0,7.4,0,0,81.0,0,5.666666666666668,77,BOT,Mercedes,4.0,12.0,12.0,0.0,False,Finished
2018,Belgian Grand Prix,13,30.0,10,11.083333333333334,10.0,59.0,6,11.208333333333334,12.0,4.0,11.2,0,0,183.0,0,2.666666666666666,11,PER,Racing Point,5.0,10.0,10.0,0.0,False,Finished
2018,Belgian Grand Prix,13,29.0,12,11.333333333333334,10.0,59.0,6,11.208333333333334,11.083333333333334,3.0,10.6,0,0,184.0,0,2.0,31,OCO,Racing Point,6.0,8.0,8.0,0.0,False,Finished
2018,Belgian Grand Prix,13,21.0,14,12.75,10.0,66.0,5,11.166666666666666,11.583333333333334,5.0,9.4,0,0,192.0,0,-1.666666666666666,8,GRO,Haas F1 Team,7.0,6.0,6.0,0.0,False,Finished
2018,Belgian Grand Prix,13,45.0,8,9.583333333333334,10.0,66.0,5,11.166666666666666,9.333333333333334,9.0,7.6,0,0,168.0,0,-1.0,20,MAG,Haas F1 Team,8.0,4.0,4.0,0.0,False,Finished
2018,Belgian Grand Prix,13,26.0,13,12.75,10.0,28.0,8,14.041666666666666,13.25,10.0,12.8,0,0,187.0,0,3.0,10,GAS,Toro Rosso,9.0,2.0,2.0,0.0,False,Finished
2018,Belgian Grand Prix,13,5.0,17,13.25,10.0,18.0,9,13.333333333333334,16.75,13.0,13.0,0,0,208.0,0,-1.333333333333334,9,ERI,Sauber,10.0,1.0,1.0,0.0,False,+1 Lap
2018,Belgian Grand Prix,13,30.0,10,9.833333333333334,10.0,82.0,4,10.083333333333334,9.0,14.0,11.6,0,0,183.0,0,-3.333333333333332,55,SAI,Renault,11.0,0.0,0.0,0.0,False,+1 Lap
2018,Belgian Grand Prix,13,0.0,20,16.166666666666668,10.0,4.0,10,15.375,16.583333333333332,16.0,15.4,0,0,213.0,0,-1.3333333333333321,35,SIR,Williams,12.0,0.0,0.0,0.0,False,+1 Lap
2018,Belgian Grand Prix,13,4.0,18,14.583333333333334,10.0,4.0,10,15.375,16.5,17.0,15.4,0,0,209.0,0,1.666666666666666,18,STR,Williams,13.0,0.0,0.0,0.0,False,+1 Lap
2018,Belgian Grand Prix,13,2.0,19,15.333333333333334,10.0,28.0,8,14.041666666666666,14.333333333333334,11.0,14.4,0,0,211.0,0,3.0000000000000018,28,HAR,Toro Rosso,14.0,0.0,0.0,0.0,False,+1 Lap
2018,Belgian Grand Prix,13,8.0,16,12.75,10.0,52.0,7,11.708333333333334,14.75,18.0,13.8,0,0,205.0,0,0.3333333333333339,2,VAN,McLaren,15.0,0.0,0.0,0.0,False,+1 Lap
2018,Belgian Grand Prix,13,118.0,5,8.583333333333334,10.0,223.0,3,8.541666666666666,7.083333333333333,8.0,10.2,2,2,95.0,0,-1.0,3,RIC,Red Bull Racing,16.0,0.0,0.0,0.0,False,Retired
2018,Belgian Grand Prix,13,146.0,3,5.583333333333333,10.0,335.0,2,4.875,3.5833333333333335,6.0,2.8,0,0,67.0,0,0.6666666666666665,7,RAI,Ferrari,17.0,0.0,0.0,0.0,False,Brakes
2018,Belgian Grand Prix,13,13.0,15,13.416666666666666,10.0,18.0,9,13.333333333333334,14.25,12.0,14.6,0,0,200.0,0,-8.333333333333334,16,LEC,Sauber,18.0,0.0,0.0,0.0,False,Accident
2018,Belgian Grand Prix,13,44.0,9,10.666666666666666,10.0,52.0,7,11.708333333333334,11.75,15.0,11.2,0,0,169.0,0,3.333333333333334,14,ALO,McLaren,19.0,0.0,0.0,0.0,False,Accident
2018,Belgian Grand Prix,13,52.0,7,10.333333333333334,10.0,82.0,4,10.083333333333334,10.166666666666666,20.0,10.4,0,0,161.0,0,4.333333333333333,27,HUL,Renault,20.0,0.0,0.0,0.0,False,Accident
2018,Italian Grand Prix,14,231.0,1,3.230769230769231,10.0,375.0,1,4.538461538461538,3.3846153846153846,3.0,4.4,5,5,0.0,0,5.0,44,HAM,Mercedes,1.0,25.0,25.0,0.0,False,Finished
2018,Italian Grand Prix,14,146.0,3,6.461538461538462,10.0,360.0,2,5.1923076923076925,3.769230769230769,1.0,5.6,0,0,85.0,0,-5.0,7,RAI,Ferrari,2.0,18.0,18.0,0.0,False,Finished
2018,Italian Grand Prix,14,144.0,4,5.846153846153846,10.0,375.0,1,4.538461538461538,4.846153846153846,4.0,6.8,0,0,87.0,0,6.333333333333334,77,BOT,Mercedes,3.0,15.0,15.0,0.0,False,Finished
2018,Italian Grand Prix,14,214.0,2,3.923076923076923,10.0,360.0,2,5.1923076923076925,2.3076923076923075,2.0,5.0,5,5,17.0,0,-4.0,5,VET,Ferrari,4.0,12.0,12.0,0.0,False,Finished
2018,Italian Grand Prix,14,120.0,5,8.076923076923077,10.0,238.0,3,8.615384615384615,6.769230769230769,5.0,8.4,1,1,111.0,0,-2.666666666666666,33,VER,Red Bull Racing,5.0,10.0,10.0,0.0,False,Finished
2018,Italian Grand Prix,14,37.0,11,10.923076923076923,10.0,59.0,6,11.208333333333334,10.461538461538462,8.0,8.0,0,0,194.0,0,1.666666666666666,31,OCO,Racing Point,6.0,8.0,8.0,0.0,False,Finished
2018,Italian Grand Prix,14,40.0,10,10.615384615384615,10.0,59.0,6,11.208333333333334,11.384615384615385,14.0,8.6,0,0,191.0,0,3.0,11,PER,Racing Point,7.0,6.0,6.0,0.0,False,Finished
2018,Italian Grand Prix,14,30.0,12,9.923076923076923,10.0,82.0,4,10.5,9.384615384615385,7.0,12.2,0,0,201.0,0,1.6666666666666679,55,SAI,Renault,8.0,4.0,4.0,0.0,False,Finished
2018,Italian Grand Prix,14,4.0,18,14.461538461538462,10.0,4.0,11,15.153846153846153,16.53846153846154,10.0,14.6,0,0,227.0,0,-1.3333333333333321,18,STR,Williams,9.0,2.0,2.0,0.0,False,+1 Lap
2018,Italian Grand Prix,14,0.0,20,15.846153846153847,10.0,4.0,11,15.153846153846153,16.53846153846154,12.0,14.8,0,0,231.0,0,-1.666666666666666,35,SIR,Williams,10.0,1.0,1.0,0.0,False,+1 Lap
2018,Italian Grand Prix,14,13.0,15,13.76923076923077,10.0,19.0,9,13.384615384615385,14.076923076923077,15.0,16.2,0,0,218.0,0,-5.000000000000002,16,LEC,Sauber,11.0,0.0,0.0,0.0,False,+1 Lap
2018,Italian Grand Prix,14,8.0,16,12.923076923076923,10.0,52.0,7,12.115384615384615,15.0,17.0,14.4,0,0,223.0,0,-2.666666666666668,2,VAN,McLaren,12.0,0.0,0.0,0.0,False,+1 Lap
2018,Italian Grand Prix,14,52.0,7,11.076923076923077,10.0,82.0,4,10.5,10.923076923076923,20.0,12.6,0,0,179.0,0,-0.6666666666666679,27,HUL,Renault,13.0,0.0,0.0,0.0,False,+1 Lap
2018,Italian Grand Prix,14,28.0,13,12.461538461538462,10.0,30.0,8,13.846153846153847,13.0,9.0,10.6,0,0,203.0,0,5.0,10,GAS,Toro Rosso,14.0,0.0,0.0,0.0,False,+1 Lap
2018,Italian Grand Prix,14,6.0,17,13.0,10.0,19.0,9,13.384615384615385,16.46153846153846,18.0,12.4,0,0,225.0,0,2.333333333333332,9,ERI,Sauber,15.0,0.0,0.0,0.0,False,+1 Lap
2018,Italian Grand Prix,14,49.0,8,9.461538461538462,10.0,76.0,5,10.884615384615385,9.307692307692308,11.0,8.0,0,0,182.0,0,-1.9999999999999991,20,MAG,Haas F1 Team,16.0,0.0,0.0,0.0,False,+1 Lap
2018,Italian Grand Prix,14,118.0,6,9.153846153846153,10.0,238.0,3,8.615384615384615,7.153846153846154,19.0,12.6,2,2,113.0,0,-4.333333333333334,3,RIC,Red Bull Racing,17.0,0.0,0.0,0.0,False,Engine
2018,Italian Grand Prix,14,44.0,9,11.307692307692308,10.0,52.0,7,12.115384615384615,12.0,13.0,11.8,0,0,187.0,0,-3.666666666666668,14,ALO,McLaren,18.0,0.0,0.0,0.0,False,Engine
2018,Italian Grand Prix,14,2.0,19,15.23076923076923,10.0,30.0,8,13.846153846153847,14.076923076923077,16.0,14.4,0,0,229.0,0,5.333333333333334,28,HAR,Toro Rosso,19.0,0.0,0.0,0.0,False,Brakes
2018,Italian Grand Prix,14,27.0,14,12.307692307692308,10.0,76.0,5,10.884615384615385,11.076923076923077,6.0,8.6,0,0,204.0,0,2.666666666666667,8,GRO,Haas F1 Team,20.0,0.0,0.0,0.0,True,Disqualified
2018,Singapore Grand Prix,15,256.0,1,3.0714285714285716,10.0,415.0,1,4.357142857142857,3.357142857142857,1.0,1.4,6,6,0.0,1,5.0,44,HAM,Mercedes,1.0,25.0,25.0,0.0,False,Finished
2018,Singapore Grand Prix,15,130.0,5,7.857142857142857,10.0,248.0,3,8.785714285714286,6.642857142857143,2.0,9.2,1,1,126.0,1,-2.333333333333333,33,VER,Red Bull Racing,2.0,18.0,18.0,0.0,False,Finished
2018,Singapore Grand Prix,15,226.0,2,3.9285714285714284,10.0,390.0,2,5.035714285714286,2.2857142857142856,3.0,5.2,5,5,30.0,1,5.0,5,VET,Ferrari,3.0,15.0,15.0,0.0,False,Finished
2018,Singapore Grand Prix,15,159.0,4,5.642857142857143,10.0,415.0,1,4.357142857142857,4.785714285714286,4.0,3.6,0,0,97.0,1,4.333333333333334,77,BOT,Mercedes,4.0,12.0,12.0,0.0,False,Finished
2018,Singapore Grand Prix,15,164.0,3,6.142857142857143,10.0,390.0,2,5.035714285714286,3.5714285714285716,5.0,5.6,0,0,92.0,1,-4.666666666666666,7,RAI,Ferrari,5.0,10.0,10.0,0.0,False,Finished
2018,Singapore Grand Prix,15,118.0,6,9.714285714285714,10.0,248.0,3,8.785714285714286,8.0,6.0,12.4,2,2,138.0,1,2.0,3,RIC,Red Bull Racing,6.0,8.0,8.0,0.0,False,Finished
2018,Singapore Grand Prix,15,44.0,11,11.785714285714286,10.0,52.0,7,12.321428571428571,12.071428571428571,11.0,13.8,0,0,212.0,1,-4.333333333333334,14,ALO,McLaren,7.0,6.0,6.0,0.0,False,Finished
2018,Singapore Grand Prix,15,34.0,12,9.785714285714286,10.0,86.0,4,10.5,9.214285714285714,12.0,11.4,0,0,222.0,1,4.333333333333332,55,SAI,Renault,8.0,4.0,4.0,0.0,False,+1 Lap
2018,Singapore Grand Prix,15,13.0,15,13.571428571428571,10.0,19.0,10,13.357142857142858,14.142857142857142,13.0,16.6,0,0,243.0,1,-1.9999999999999982,16,LEC,Sauber,9.0,2.0,2.0,0.0,False,+1 Lap
2018,Singapore Grand Prix,15,52.0,7,11.214285714285714,10.0,86.0,4,10.5,11.571428571428571,10.0,11.2,0,0,204.0,1,-4.666666666666666,27,HUL,Renault,10.0,1.0,1.0,0.0,False,+1 Lap
2018,Singapore Grand Prix,15,6.0,17,13.142857142857142,10.0,19.0,10,13.357142857142858,16.571428571428573,14.0,13.4,0,0,250.0,1,-1.0,9,ERI,Sauber,11.0,0.0,0.0,0.0,False,+1 Lap
2018,Singapore Grand Prix,15,8.0,16,12.857142857142858,10.0,52.0,7,12.321428571428571,15.142857142857142,18.0,13.8,0,0,248.0,1,-2.0,2,VAN,McLaren,12.0,0.0,0.0,0.0,False,+1 Lap
2018,Singapore Grand Prix,15,28.0,13,12.571428571428571,10.0,30.0,9,14.035714285714286,12.714285714285714,15.0,11.2,0,0,228.0,1,3.0,10,GAS,Toro Rosso,13.0,0.0,0.0,0.0,False,+1 Lap
2018,Singapore Grand Prix,15,6.0,17,14.071428571428571,10.0,7.0,11,14.75,16.071428571428573,20.0,13.6,0,0,250.0,1,1.333333333333334,18,STR,Williams,14.0,0.0,0.0,0.0,False,+1 Lap
2018,Singapore Grand Prix,15,27.0,14,12.857142857142858,10.0,76.0,5,11.392857142857142,10.714285714285714,8.0,11.8,0,0,229.0,1,-3.666666666666668,8,GRO,Haas F1 Team,15.0,0.0,0.0,0.0,False,+1 Lap
2018,Singapore Grand Prix,15,46.0,9,10.357142857142858,10.0,59.0,6,11.208333333333334,11.571428571428571,7.0,8.6,0,0,210.0,1,-0.6666666666666661,11,PER,Racing Point,16.0,0.0,0.0,0.0,False,+1 Lap
2018,Singapore Grand Prix,15,2.0,19,15.5,10.0,30.0,9,14.035714285714286,14.214285714285714,17.0,14.8,0,0,254.0,1,1.0,28,HAR,Toro Rosso,17.0,0.0,0.0,0.0,False,+1 Lap
2018,Singapore Grand Prix,15,49.0,8,9.928571428571429,10.0,76.0,5,11.392857142857142,9.428571428571429,16.0,10.2,0,0,207.0,1,-2.0,20,MAG,Haas F1 Team,18.0,0.0,0.0,0.0,False,+2 Laps
2018,Singapore Grand Prix,15,1.0,20,15.428571428571429,10.0,7.0,11,14.75,16.214285714285715,19.0,14.2,0,0,255.0,1,2.666666666666668,35,SIR,Williams,19.0,0.0,0.0,0.0,False,+2 Laps
2018,Singapore Grand Prix,15,45.0,10,10.571428571428571,10.0,59.0,6,11.208333333333334,10.285714285714286,9.0,8.0,0,0,211.0,1,-1.333333333333334,31,OCO,Racing Point,20.0,0.0,0.0,0.0,False,Collision
2018,Russian Grand Prix,16,281.0,1,2.933333333333333,10.0,452.0,1,4.233333333333333,3.2,2.0,1.2,7,7,0.0,0,0.0,44,HAM,Mercedes,1.0,25.0,25.0,0.0,False,Finished
2018,Russian Grand Prix,16,171.0,4,5.533333333333333,10.0,452.0,1,4.233333333333333,4.733333333333333,1.0,3.6,0,0,110.0,0,0.0,77,BOT,Mercedes,2.0,18.0,18.0,0.0,False,Finished
2018,Russian Grand Prix,16,241.0,2,3.8666666666666667,10.0,415.0,2,4.966666666666667,2.3333333333333335,3.0,5.6,5,5,40.0,0,4.333333333333334,5,VET,Ferrari,3.0,15.0,15.0,0.0,False,Finished
2018,Russian Grand Prix,16,174.0,3,6.066666666666666,10.0,415.0,2,4.966666666666667,3.6666666666666665,4.0,6.0,0,0,107.0,0,-5.0,7,RAI,Ferrari,4.0,12.0,12.0,0.0,False,Finished
2018,Russian Grand Prix,16,148.0,5,7.466666666666667,10.0,274.0,3,8.466666666666667,6.333333333333333,19.0,6.6,1,1,133.0,0,9.333333333333332,33,VER,Red Bull Racing,5.0,10.0,10.0,0.0,False,Finished
2018,Russian Grand Prix,16,126.0,6,9.466666666666667,10.0,274.0,3,8.466666666666667,7.866666666666666,18.0,12.6,2,2,155.0,0,-3.333333333333334,3,RIC,Red Bull Racing,6.0,8.0,8.0,0.0,False,Finished
2018,Russian Grand Prix,16,15.0,15,13.266666666666667,10.0,21.0,10,13.133333333333333,14.066666666666666,7.0,14.6,0,0,266.0,0,5.333333333333334,16,LEC,Sauber,7.0,6.0,6.0,0.0,False,Finished
2018,Russian Grand Prix,16,49.0,9,10.466666666666667,10.0,76.0,5,11.733333333333333,9.866666666666667,5.0,12.0,0,0,232.0,0,-5.0,20,MAG,Haas F1 Team,8.0,4.0,4.0,0.0,False,+1 Lap
2018,Russian Grand Prix,16,45.0,11,11.2,10.0,59.0,6,11.208333333333334,10.2,6.0,10.6,0,0,236.0,0,-1.3333333333333321,31,OCO,Racing Point,9.0,2.0,2.0,0.0,False,+1 Lap
2018,Russian Grand Prix,16,46.0,10,10.733333333333333,10.0,59.0,6,11.208333333333334,11.266666666666667,8.0,9.8,0,0,235.0,0,1.0,11,PER,Racing Point,10.0,1.0,1.0,0.0,False,+1 Lap
2018,Russian Grand Prix,16,27.0,14,13.0,10.0,76.0,5,11.733333333333333,10.533333333333333,9.0,11.6,0,0,254.0,0,-3.333333333333334,8,GRO,Haas F1 Team,11.0,0.0,0.0,0.0,False,+1 Lap
2018,Russian Grand Prix,16,53.0,7,11.133333333333333,10.0,91.0,4,10.4,11.466666666666667,12.0,12.0,0,0,228.0,0,-6.666666666666667,27,HUL,Renault,12.0,0.0,0.0,0.0,False,+1 Lap
2018,Russian Grand Prix,16,6.0,17,13.0,10.0,21.0,10,13.133333333333333,16.4,10.0,12.0,0,0,275.0,0,2.0,9,ERI,Sauber,13.0,0.0,0.0,0.0,False,+1 Lap
2018,Russian Grand Prix,16,50.0,8,11.466666666666667,10.0,58.0,7,12.133333333333333,12.0,16.0,13.6,0,0,231.0,0,-4.0,14,ALO,McLaren,14.0,0.0,0.0,0.0,False,+1 Lap
2018,Russian Grand Prix,16,6.0,17,14.066666666666666,10.0,7.0,11,14.866666666666667,16.333333333333332,14.0,14.0,0,0,275.0,0,3.333333333333334,18,STR,Williams,15.0,0.0,0.0,0.0,False,+1 Lap
2018,Russian Grand Prix,16,8.0,16,12.8,10.0,58.0,7,12.133333333333333,15.333333333333334,15.0,14.0,0,0,273.0,0,1.0,2,VAN,McLaren,16.0,0.0,0.0,0.0,False,+2 Laps
2018,Russian Grand Prix,16,38.0,12,9.666666666666666,10.0,91.0,4,10.4,9.4,11.0,9.6,0,0,243.0,0,3.666666666666666,55,SAI,Renault,17.0,0.0,0.0,0.0,False,+2 Laps
2018,Russian Grand Prix,16,1.0,20,15.666666666666666,10.0,7.0,11,14.866666666666667,16.4,13.0,15.2,0,0,280.0,0,2.666666666666666,35,SIR,Williams,18.0,0.0,0.0,0.0,False,+2 Laps
2018,Russian Grand Prix,16,28.0,13,12.6,10.0,30.0,9,14.1,12.866666666666667,17.0,11.2,0,0,253.0,0,-1.0,10,GAS,Toro Rosso,19.0,0.0,0.0,0.0,False,Brakes
2018,Russian Grand Prix,16,2.0,19,15.6,10.0,30.0,9,14.1,14.4,20.0,14.2,0,0,279.0,0,-3.0000000000000018,28,HAR,Toro Rosso,20.0,0.0,0.0,0.0,False,Brakes
2018,Japanese Grand Prix,17,306.0,1,2.8125,10.0,495.0,1,4.0625,3.125,1.0,1.2,8,8,0.0,0,0.33333333333333326,44,HAM,Mercedes,1.0,25.0,25.0,0.0,False,Finished
2018,Japanese Grand Prix,17,189.0,3,5.3125,10.0,495.0,1,4.0625,4.5,2.0,3.6,0,0,117.0,0,0.6666666666666665,77,BOT,Mercedes,2.0,18.0,18.0,0.0,False,Finished
2018,Japanese Grand Prix,17,158.0,5,7.3125,10.0,292.0,3,8.28125,7.125,3.0,6.8,1,1,148.0,0,4.666666666666666,33,VER,Red Bull Racing,3.0,15.0,15.0,0.0,False,Finished
2018,Japanese Grand Prix,17,134.0,6,9.25,10.0,292.0,3,8.28125,8.5,15.0,9.8,2,2,172.0,0,3.666666666666668,3,RIC,Red Bull Racing,4.0,12.0,12.0,0.0,False,Finished
2018,Japanese Grand Prix,17,186.0,4,5.9375,10.0,442.0,2,4.875,3.6875,4.0,6.2,0,0,120.0,0,4.0,7,RAI,Ferrari,5.0,10.0,10.0,0.0,False,Finished
2018,Japanese Grand Prix,17,256.0,2,3.8125,10.0,442.0,2,4.875,2.375,8.0,2.6,5,5,50.0,0,3.6666666666666665,5,VET,Ferrari,6.0,8.0,8.0,0.0,False,Finished
2018,Japanese Grand Prix,17,47.0,10,10.6875,10.0,59.0,6,11.208333333333334,11.0625,9.0,10.4,0,0,259.0,0,-2.333333333333334,11,PER,Racing Point,7.0,6.0,6.0,0.0,False,Finished
2018,Japanese Grand Prix,17,27.0,14,12.875,10.0,80.0,5,11.59375,10.4375,5.0,12.6,0,0,279.0,0,-7.666666666666667,8,GRO,Haas F1 Team,8.0,4.0,4.0,0.0,False,Finished
2018,Japanese Grand Prix,17,47.0,10,11.0625,10.0,59.0,6,11.208333333333334,9.9375,11.0,10.8,0,0,259.0,0,-2.666666666666666,31,OCO,Racing Point,9.0,2.0,2.0,0.0,False,Finished
2018,Japanese Grand Prix,17,38.0,12,10.125,10.0,91.0,4,10.65625,9.5,13.0,10.6,0,0,268.0,0,-0.3333333333333339,55,SAI,Renault,10.0,1.0,1.0,0.0,False,+1 Lap
2018,Japanese Grand Prix,17,28.0,13,13.0,10.0,30.0,9,14.4375,13.125,7.0,12.2,0,0,278.0,0,-5.666666666666668,10,GAS,Toro Rosso,11.0,0.0,0.0,0.0,False,+1 Lap
2018,Japanese Grand Prix,17,6.0,17,13.0,10.0,27.0,10,12.9375,16.0,20.0,12.8,0,0,300.0,0,-1.666666666666666,9,ERI,Sauber,12.0,0.0,0.0,0.0,False,+1 Lap
2018,Japanese Grand Prix,17,2.0,19,15.875,10.0,30.0,9,14.4375,14.75,6.0,16.2,0,0,304.0,0,-7.000000000000002,28,HAR,Toro Rosso,13.0,0.0,0.0,0.0,False,+1 Lap
2018,Japanese Grand Prix,17,50.0,9,11.625,10.0,58.0,7,12.3125,12.25,18.0,13.2,0,0,256.0,0,1.333333333333334,14,ALO,McLaren,14.0,0.0,0.0,0.0,False,+1 Lap
2018,Japanese Grand Prix,17,8.0,16,13.0,10.0,58.0,7,12.3125,15.3125,19.0,14.6,0,0,298.0,0,2.0,2,VAN,McLaren,15.0,0.0,0.0,0.0,False,+1 Lap
2018,Japanese Grand Prix,17,1.0,20,15.8125,10.0,7.0,11,14.96875,16.1875,17.0,15.0,0,0,305.0,0,0.0,35,SIR,Williams,16.0,0.0,0.0,0.0,False,+1 Lap
2018,Japanese Grand Prix,17,6.0,17,14.125,10.0,7.0,11,14.96875,16.1875,14.0,13.6,0,0,300.0,0,3.0,18,STR,Williams,17.0,0.0,0.0,0.0,False,+1 Lap
2018,Japanese Grand Prix,17,21.0,15,12.875,10.0,27.0,10,12.9375,13.625,10.0,13.0,0,0,285.0,0,8.666666666666668,16,LEC,Sauber,18.0,0.0,0.0,0.0,False,Mechanical
2018,Japanese Grand Prix,17,53.0,7,11.1875,10.0,91.0,4,10.65625,11.5,16.0,13.4,0,0,253.0,0,0.6666666666666679,27,HUL,Renault,19.0,0.0,0.0,0.0,False,Engine
2018,Japanese Grand Prix,17,53.0,7,10.3125,10.0,80.0,5,11.59375,9.5625,12.0,11.4,0,0,253.0,0,-5.333333333333334,20,MAG,Haas F1 Team,20.0,0.0,0.0,0.0,False,Collision damage
2018,United States Grand Prix,18,196.0,4,5.882352941176471,10.0,460.0,2,4.911764705882353,3.7058823529411766,2.0,6.6,0,0,135.0,0,2.666666666666666,7,RAI,Ferrari,1.0,25.0,25.0,0.0,False,Finished
2018,United States Grand Prix,18,173.0,5,7.0588235294117645,10.0,319.0,3,8.0,6.882352941176471,18.0,3.6,1,1,158.0,0,5.666666666666666,33,VER,Red Bull Racing,2.0,18.0,18.0,0.0,False,Finished
2018,United States Grand Prix,18,331.0,1,2.7058823529411766,10.0,538.0,1,3.911764705882353,3.0,1.0,1.2,9,9,0.0,0,0.33333333333333326,44,HAM,Mercedes,3.0,15.0,15.0,0.0,False,Finished
2018,United States Grand Prix,18,264.0,2,3.9411764705882355,10.0,460.0,2,4.911764705882353,2.7058823529411766,5.0,3.4,5,5,67.0,0,-1.6666666666666665,5,VET,Ferrari,4.0,12.0,12.0,0.0,False,Finished
2018,United States Grand Prix,18,207.0,3,5.117647058823529,10.0,538.0,1,3.911764705882353,4.352941176470588,3.0,3.0,0,0,124.0,0,1.3333333333333335,77,BOT,Mercedes,5.0,10.0,10.0,0.0,False,Finished
2018,United States Grand Prix,18,53.0,7,11.647058823529411,10.0,92.0,4,10.882352941176471,11.764705882352942,7.0,14.8,0,0,278.0,0,1.333333333333334,27,HUL,Renault,6.0,8.0,8.0,0.0,False,Finished
2018,United States Grand Prix,18,39.0,12,10.117647058823529,10.0,92.0,4,10.882352941176471,9.705882352941176,11.0,10.8,0,0,292.0,0,-2.333333333333332,55,SAI,Renault,7.0,6.0,6.0,0.0,False,Finished
2018,United States Grand Prix,18,53.0,7,10.470588235294118,10.0,59.0,6,11.208333333333334,10.941176470588236,10.0,9.0,0,0,278.0,0,-2.333333333333334,11,PER,Racing Point,8.0,4.0,4.0,0.0,False,Finished
2018,United States Grand Prix,18,2.0,19,15.705882352941176,10.0,30.0,9,14.294117647058824,14.235294117647058,20.0,16.6,0,0,329.0,0,-2.0000000000000018,28,HAR,Toro Rosso,9.0,2.0,2.0,0.0,False,+1 Lap
2018,United States Grand Prix,18,6.0,17,12.941176470588236,10.0,27.0,10,13.058823529411764,16.235294117647058,16.0,12.2,0,0,325.0,0,1.333333333333334,9,ERI,Sauber,10.0,1.0,1.0,0.0,False,+1 Lap
2018,United States Grand Prix,18,8.0,16,13.117647058823529,10.0,58.0,7,12.441176470588236,15.529411764705882,17.0,14.0,0,0,323.0,0,0.6666666666666661,2,VAN,McLaren,11.0,0.0,0.0,0.0,False,+1 Lap
2018,United States Grand Prix,18,28.0,14,12.882352941176471,10.0,30.0,9,14.294117647058824,12.764705882352942,19.0,13.2,0,0,303.0,0,-4.666666666666668,10,GAS,Toro Rosso,12.0,0.0,0.0,0.0,False,+1 Lap
2018,United States Grand Prix,18,1.0,20,15.823529411764707,10.0,7.0,11,15.058823529411764,16.235294117647058,14.0,15.0,0,0,330.0,0,-5.000000000000002,35,SIR,Williams,13.0,0.0,0.0,0.0,False,+1 Lap
2018,United States Grand Prix,18,6.0,17,14.294117647058824,10.0,7.0,11,15.058823529411764,16.058823529411764,15.0,13.6,0,0,325.0,0,-2.333333333333334,18,STR,Williams,14.0,0.0,0.0,0.0,False,+2 Laps
2018,United States Grand Prix,18,21.0,15,13.176470588235293,10.0,27.0,10,13.058823529411764,13.411764705882353,9.0,12.6,0,0,310.0,0,4.999999999999998,16,LEC,Sauber,15.0,0.0,0.0,0.0,False,Collision damage
2018,United States Grand Prix,18,146.0,6,8.941176470588236,10.0,319.0,3,8.0,8.882352941176471,4.0,9.8,2,2,185.0,0,7.000000000000001,3,RIC,Red Bull Racing,16.0,0.0,0.0,0.0,False,Battery
2018,United States Grand Prix,18,31.0,13,12.588235294117647,10.0,84.0,5,11.735294117647058,10.117647058823529,8.0,12.2,0,0,300.0,0,1.0,8,GRO,Haas F1 Team,17.0,0.0,0.0,0.0,False,Collision damage
2018,United States Grand Prix,18,50.0,10,11.764705882352942,10.0,58.0,7,12.441176470588236,12.588235294117647,13.0,14.4,0,0,281.0,0,3.333333333333334,14,ALO,McLaren,18.0,0.0,0.0,0.0,False,Collision
2018,United States Grand Prix,18,49.0,11,10.941176470588236,10.0,59.0,6,11.208333333333334,10.0,6.0,10.0,0,0,282.0,0,-4.333333333333332,31,OCO,Racing Point,19.0,0.0,0.0,0.0,True,Disqualified
2018,United States Grand Prix,18,53.0,7,10.882352941176471,10.0,84.0,5,11.735294117647058,9.705882352941176,12.0,14.0,0,0,278.0,0,-5.0,20,MAG,Haas F1 Team,20.0,0.0,0.0,0.0,True,Disqualified
2018,Mexican Grand Prix,19,191.0,5,6.777777777777778,10.0,337.0,3,8.055555555555555,7.5,2.0,3.4,1,1,155.0,0,0.0,33,VER,Red Bull Racing,1.0,25.0,25.0,0.0,False,Finished
2018,Mexican Grand Prix,19,276.0,2,3.9444444444444446,10.0,497.0,2,4.777777777777778,2.8333333333333335,4.0,4.0,5,5,70.0,0,-1.6666666666666665,5,VET,Ferrari,2.0,18.0,18.0,0.0,False,Finished
2018,Mexican Grand Prix,19,221.0,3,5.611111111111111,10.0,497.0,2,4.777777777777778,3.611111111111111,6.0,3.4,1,1,125.0,0,4.666666666666666,7,RAI,Ferrari,3.0,15.0,15.0,0.0,False,Finished
2018,Mexican Grand Prix,19,346.0,1,2.7222222222222223,10.0,563.0,1,3.9166666666666665,2.888888888888889,3.0,1.4,9,9,0.0,0,-0.3333333333333335,44,HAM,Mercedes,4.0,12.0,12.0,0.0,False,Finished
2018,Mexican Grand Prix,19,217.0,4,5.111111111111111,10.0,563.0,1,3.9166666666666665,4.277777777777778,5.0,3.2,0,0,129.0,0,0.6666666666666665,77,BOT,Mercedes,5.0,10.0,10.0,0.0,False,+1 Lap
2018,Mexican Grand Prix,19,61.0,7,11.333333333333334,10.0,106.0,4,10.63888888888889,11.5,7.0,12.0,0,0,285.0,0,2.0,27,HUL,Renault,6.0,8.0,8.0,0.0,False,+2 Laps
2018,Mexican Grand Prix,19,21.0,15,13.277777777777779,10.0,28.0,10,13.027777777777779,13.166666666666666,9.0,12.0,0,0,325.0,0,-0.6666666666666679,16,LEC,Sauber,7.0,6.0,6.0,0.0,False,+2 Laps
2018,Mexican Grand Prix,19,8.0,16,13.0,10.0,58.0,7,12.555555555555555,15.61111111111111,15.0,13.2,0,0,338.0,0,-1.0,2,VAN,McLaren,8.0,4.0,4.0,0.0,False,+2 Laps
2018,Mexican Grand Prix,19,7.0,17,12.777777777777779,10.0,28.0,10,13.027777777777779,16.22222222222222,10.0,12.2,0,0,339.0,0,0.3333333333333339,9,ERI,Sauber,9.0,2.0,2.0,0.0,False,+2 Laps
2018,Mexican Grand Prix,19,28.0,14,12.833333333333334,10.0,32.0,9,14.083333333333334,13.11111111111111,20.0,13.8,0,0,318.0,0,-2.0,10,GAS,Toro Rosso,10.0,1.0,1.0,0.0,False,+2 Laps
2018,Mexican Grand Prix,19,49.0,11,11.38888888888889,10.0,59.0,6,11.208333333333334,9.777777777777779,11.0,12.6,0,0,297.0,0,-1.6666666666666679,31,OCO,Racing Point,11.0,0.0,0.0,0.0,False,+2 Laps
2018,Mexican Grand Prix,19,6.0,18,14.277777777777779,10.0,7.0,11,14.972222222222221,16.0,17.0,13.8,0,0,340.0,0,-3.333333333333334,18,STR,Williams,12.0,0.0,0.0,0.0,False,+2 Laps
2018,Mexican Grand Prix,19,1.0,20,15.666666666666666,10.0,7.0,11,14.972222222222221,16.11111111111111,19.0,15.2,0,0,345.0,0,-2.0,35,SIR,Williams,13.0,0.0,0.0,0.0,False,+2 Laps
2018,Mexican Grand Prix,19,4.0,19,15.333333333333334,10.0,32.0,9,14.083333333333334,14.555555555555555,14.0,15.6,0,0,342.0,0,2.666666666666668,28,HAR,Toro Rosso,14.0,0.0,0.0,0.0,False,+2 Laps
2018,Mexican Grand Prix,19,53.0,9,11.38888888888889,10.0,84.0,5,12.11111111111111,9.833333333333334,16.0,16.4,0,0,293.0,0,-2.0,20,MAG,Haas F1 Team,15.0,0.0,0.0,0.0,False,+2 Laps
2018,Mexican Grand Prix,19,31.0,13,12.833333333333334,10.0,84.0,5,12.11111111111111,10.0,18.0,14.2,0,0,315.0,0,2.0,8,GRO,Haas F1 Team,16.0,0.0,0.0,0.0,False,+3 Laps
2018,Mexican Grand Prix,19,146.0,6,9.333333333333334,10.0,337.0,3,8.055555555555555,8.61111111111111,1.0,9.8,2,2,200.0,0,4.333333333333334,3,RIC,Red Bull Racing,17.0,0.0,0.0,0.0,False,Engine
2018,Mexican Grand Prix,19,57.0,8,10.333333333333334,10.0,59.0,6,11.208333333333334,10.88888888888889,13.0,9.6,0,0,289.0,0,1.0,11,PER,Racing Point,18.0,0.0,0.0,0.0,False,Brakes
2018,Mexican Grand Prix,19,45.0,12,9.944444444444445,10.0,106.0,4,10.63888888888889,9.777777777777779,8.0,10.0,0,0,301.0,0,-2.333333333333334,55,SAI,Renault,19.0,0.0,0.0,0.0,False,Suspension
2018,Mexican Grand Prix,19,50.0,10,12.11111111111111,10.0,58.0,7,12.555555555555555,12.61111111111111,12.0,14.2,0,0,296.0,0,-0.6666666666666679,14,ALO,McLaren,20.0,0.0,0.0,0.0,False,Engine
2018,Brazilian Grand Prix,20,358.0,1,2.789473684210526,10.0,585.0,1,3.9473684210526314,2.8947368421052633,1.0,2.0,9,9,0.0,0,-1.6666666666666665,44,HAM,Mercedes,1.0,25.0,25.0,0.0,False,Finished
2018,Brazilian Grand Prix,20,216.0,5,6.473684210526316,10.0,362.0,3,8.105263157894736,7.2105263157894735,5.0,2.6,2,2,142.0,0,2.0,33,VER,Red Bull Racing,2.0,18.0,18.0,0.0,False,Finished
2018,Brazilian Grand Prix,20,236.0,3,5.473684210526316,10.0,530.0,2,4.657894736842105,3.736842105263158,4.0,3.6,1,1,122.0,0,0.6666666666666665,7,RAI,Ferrari,3.0,15.0,15.0,0.0,False,Finished
2018,Brazilian Grand Prix,20,146.0,6,9.736842105263158,10.0,362.0,3,8.105263157894736,8.210526315789474,11.0,9.8,2,2,212.0,0,-2.666666666666668,3,RIC,Red Bull Racing,4.0,12.0,12.0,0.0,False,Finished
2018,Brazilian Grand Prix,20,227.0,4,5.105263157894737,10.0,585.0,1,3.9473684210526314,4.315789473684211,3.0,3.6,0,0,131.0,0,-1.0,77,BOT,Mercedes,5.0,10.0,10.0,0.0,False,Finished
2018,Brazilian Grand Prix,20,294.0,2,3.8421052631578947,10.0,530.0,2,4.657894736842105,2.8947368421052633,2.0,3.6,5,5,64.0,0,-0.6666666666666665,5,VET,Ferrari,6.0,8.0,8.0,0.0,False,Finished
2018,Brazilian Grand Prix,20,27.0,15,12.947368421052632,10.0,36.0,9,12.763157894736842,12.947368421052632,7.0,11.2,0,0,331.0,0,-4.333333333333334,16,LEC,Sauber,7.0,6.0,6.0,0.0,False,Finished
2018,Brazilian Grand Prix,20,31.0,13,13.0,10.0,84.0,5,12.289473684210526,10.421052631578947,8.0,13.4,0,0,327.0,0,1.6666666666666679,8,GRO,Haas F1 Team,8.0,4.0,4.0,0.0,False,Finished
2018,Brazilian Grand Prix,20,53.0,9,11.578947368421053,10.0,84.0,5,12.289473684210526,10.157894736842104,10.0,16.2,0,0,305.0,0,-4.333333333333332,20,MAG,Haas F1 Team,9.0,2.0,2.0,0.0,False,Finished
2018,Brazilian Grand Prix,20,57.0,8,10.736842105263158,10.0,59.0,7,11.208333333333334,11.0,12.0,11.8,0,0,301.0,0,0.0,11,PER,Racing Point,10.0,1.0,1.0,0.0,False,+1 Lap
2018,Brazilian Grand Prix,20,4.0,19,15.263157894736842,10.0,33.0,10,13.973684210526315,14.526315789473685,16.0,14.6,0,0,354.0,0,6.666666666666668,28,HAR,Toro Rosso,11.0,0.0,0.0,0.0,False,+1 Lap
2018,Brazilian Grand Prix,20,45.0,12,10.421052631578947,10.0,114.0,4,10.736842105263158,9.68421052631579,15.0,12.2,0,0,313.0,0,-1.0,55,SAI,Renault,12.0,0.0,0.0,0.0,False,+1 Lap
2018,Brazilian Grand Prix,20,29.0,14,12.68421052631579,10.0,33.0,10,13.973684210526315,13.473684210526315,9.0,13.0,0,0,329.0,0,4.333333333333334,10,GAS,Toro Rosso,13.0,0.0,0.0,0.0,False,+1 Lap
2018,Brazilian Grand Prix,20,12.0,16,12.736842105263158,10.0,62.0,6,12.631578947368421,15.578947368421053,20.0,12.4,0,0,346.0,0,2.0,2,VAN,McLaren,14.0,0.0,0.0,0.0,False,+1 Lap
2018,Brazilian Grand Prix,20,49.0,11,11.368421052631579,10.0,59.0,7,11.208333333333334,9.842105263157896,18.0,13.6,0,0,309.0,0,-1.333333333333334,31,OCO,Racing Point,15.0,0.0,0.0,0.0,False,+1 Lap
2018,Brazilian Grand Prix,20,1.0,20,15.526315789473685,10.0,7.0,11,14.842105263157896,16.263157894736842,14.0,15.8,0,0,357.0,0,1.666666666666666,35,SIR,Williams,16.0,0.0,0.0,0.0,False,+2 Laps
2018,Brazilian Grand Prix,20,50.0,10,12.526315789473685,10.0,62.0,6,12.631578947368421,12.578947368421053,17.0,14.6,0,0,308.0,0,-4.333333333333332,14,ALO,McLaren,17.0,0.0,0.0,0.0,False,+2 Laps
2018,Brazilian Grand Prix,20,6.0,18,14.157894736842104,10.0,7.0,11,14.842105263157896,16.05263157894737,19.0,14.4,0,0,352.0,0,-1.6666666666666679,18,STR,Williams,18.0,0.0,0.0,0.0,False,+2 Laps
2018,Brazilian Grand Prix,20,69.0,7,11.052631578947368,10.0,114.0,4,10.736842105263158,11.263157894736842,13.0,10.6,0,0,289.0,0,1.3333333333333321,27,HUL,Renault,19.0,0.0,0.0,0.0,False,Overheating
2018,Brazilian Grand Prix,20,9.0,17,12.578947368421053,10.0,36.0,9,12.763157894736842,15.894736842105264,6.0,11.0,0,0,349.0,0,2.666666666666666,9,ERI,Sauber,20.0,0.0,0.0,0.0,False,Collision
2018,Abu Dhabi Grand Prix,21,383.0,1,2.7,10.0,620.0,1,3.9,2.8,1.0,2.0,10,10,0.0,0,-1.6666666666666665,44,HAM,Mercedes,1.0,25.0,25.0,0.0,False,Finished
2018,Abu Dhabi Grand Prix,21,302.0,2,3.95,10.0,553.0,2,4.65,2.85,3.0,4.2,5,5,81.0,0,0.0,5,VET,Ferrari,2.0,18.0,18.0,0.0,False,Finished
2018,Abu Dhabi Grand Prix,21,234.0,5,6.25,10.0,392.0,3,7.85,7.1,6.0,2.6,2,2,149.0,0,1.6666666666666667,33,VER,Red Bull Racing,3.0,15.0,15.0,0.0,False,Finished
2018,Abu Dhabi Grand Prix,21,158.0,6,9.45,10.0,392.0,3,7.85,8.35,5.0,9.4,2,2,225.0,0,-7.000000000000001,3,RIC,Red Bull Racing,4.0,12.0,12.0,0.0,False,Finished
2018,Abu Dhabi Grand Prix,21,237.0,4,5.1,10.0,620.0,1,3.9,4.25,2.0,3.8,0,0,146.0,0,-2.3333333333333335,77,BOT,Mercedes,5.0,10.0,10.0,0.0,False,Finished
2018,Abu Dhabi Grand Prix,21,45.0,12,10.5,10.0,114.0,4,10.975,9.95,11.0,13.0,0,0,338.0,0,-1.0,55,SAI,Renault,6.0,8.0,8.0,0.0,False,Finished
2018,Abu Dhabi Grand Prix,21,33.0,14,12.65,10.0,42.0,9,12.8,12.65,8.0,10.8,0,0,350.0,0,1.6666666666666679,16,LEC,Sauber,7.0,6.0,6.0,0.0,False,Finished
2018,Abu Dhabi Grand Prix,21,58.0,8,10.7,10.0,59.0,7,11.208333333333334,11.05,14.0,10.6,0,0,325.0,0,-1.0,11,PER,Racing Point,8.0,4.0,4.0,0.0,False,Finished
2018,Abu Dhabi Grand Prix,21,35.0,13,12.75,10.0,90.0,5,12.1,10.3,7.0,12.0,0,0,348.0,0,-2.333333333333332,8,GRO,Haas F1 Team,9.0,2.0,2.0,0.0,False,+1 Lap
2018,Abu Dhabi Grand Prix,21,55.0,9,11.45,10.0,90.0,5,12.1,10.15,13.0,14.4,0,0,328.0,0,0.6666666666666679,20,MAG,Haas F1 Team,10.0,1.0,1.0,0.0,False,+1 Lap
2018,Abu Dhabi Grand Prix,21,50.0,10,12.75,10.0,62.0,6,12.775,12.8,15.0,16.6,0,0,333.0,0,-6.666666666666666,14,ALO,McLaren,11.0,0.0,0.0,0.0,False,+1 Lap
2018,Abu Dhabi Grand Prix,21,4.0,19,15.05,10.0,33.0,10,13.875,14.6,16.0,13.4,0,0,379.0,0,5.333333333333334,28,HAR,Toro Rosso,12.0,0.0,0.0,0.0,False,+1 Lap
2018,Abu Dhabi Grand Prix,21,6.0,18,14.35,10.0,7.0,11,14.95,16.2,20.0,15.2,0,0,377.0,0,0.6666666666666679,18,STR,Williams,13.0,0.0,0.0,0.0,False,+1 Lap
2018,Abu Dhabi Grand Prix,21,12.0,16,12.8,10.0,62.0,6,12.775,15.8,18.0,12.8,0,0,371.0,0,3.333333333333334,2,VAN,McLaren,14.0,0.0,0.0,0.0,False,+1 Lap
2018,Abu Dhabi Grand Prix,21,1.0,20,15.55,10.0,7.0,11,14.95,16.15,19.0,15.2,0,0,382.0,0,3.666666666666668,35,SIR,Williams,15.0,0.0,0.0,0.0,False,+1 Lap
2018,Abu Dhabi Grand Prix,21,29.0,15,12.7,10.0,33.0,10,13.875,13.25,17.0,13.0,0,0,354.0,0,2.666666666666668,10,GAS,Toro Rosso,16.0,0.0,0.0,0.0,False,Engine
2018,Abu Dhabi Grand Prix,21,49.0,11,11.55,10.0,59.0,7,11.208333333333334,10.25,9.0,12.6,0,0,334.0,0,-2.333333333333334,31,OCO,Racing Point,17.0,0.0,0.0,0.0,False,Engine
2018,Abu Dhabi Grand Prix,21,9.0,17,12.95,10.0,42.0,9,12.8,15.4,12.0,12.8,0,0,374.0,0,-1.0,9,ERI,Sauber,18.0,0.0,0.0,0.0,False,Power loss
2018,Abu Dhabi Grand Prix,21,251.0,3,5.35,10.0,553.0,2,4.65,3.75,4.0,3.2,1,1,132.0,0,2.3333333333333335,7,RAI,Ferrari,19.0,0.0,0.0,0.0,False,Power loss
2018,Abu Dhabi Grand Prix,21,69.0,7,11.45,10.0,114.0,4,10.975,11.35,10.0,12.4,0,0,314.0,0,3.333333333333332,27,HUL,Renault,20.0,0.0,0.0,0.0,False,Collision
2019,Australian Grand Prix,1,247.0,5,5.095238095238095,8.0,655.0,1,2.0,2.0,2.0,4.4,0,0,161.0,0,-2.0,77,BOT,Mercedes,1.0,25.0,25.0,0.0,False,Finished
2019,Australian Grand Prix,1,408.0,1,2.619047619047619,2.0,655.0,1,2.0,1.0,1.0,2.0,11,11,0.0,0,-0.33333333333333326,44,HAM,Mercedes,2.0,18.0,18.0,0.0,False,Finished
2019,Australian Grand Prix,1,249.0,4,6.095238095238095,6.0,419.0,3,5.0,4.0,4.0,2.2,2,2,159.0,0,1.3333333333333335,33,VER,Red Bull Racing,3.0,15.0,15.0,0.0,False,Finished
2019,Australian Grand Prix,1,320.0,2,3.857142857142857,1.0,571.0,2,5.0,3.0,3.0,4.0,5,5,88.0,0,0.9999999999999996,5,VET,Ferrari,4.0,12.0,12.0,0.0,False,Finished
2019,Australian Grand Prix,1,39.0,13,12.380952380952381,13.0,48.0,9,16.5,5.0,5.0,10.8,0,0,369.0,0,6.333333333333334,16,LEC,Ferrari,5.0,10.0,10.0,0.0,False,Finished
2019,Australian Grand Prix,1,56.0,9,11.380952380952381,17.0,93.0,5,8.5,7.0,7.0,14.8,0,0,352.0,0,4.666666666666666,20,MAG,Haas F1 Team,6.0,8.0,8.0,0.0,False,Finished
2019,Australian Grand Prix,1,69.0,7,11.857142857142858,7.0,122.0,4,7.0,11.0,11.0,14.0,0,0,339.0,0,-2.666666666666666,27,HUL,Renault,7.0,6.0,6.0,0.0,False,+1 Lap
2019,Australian Grand Prix,1,251.0,3,6.0,3.0,571.0,2,5.0,9.0,9.0,6.2,1,1,157.0,0,-5.0,7,RAI,Alfa Romeo Racing,8.0,4.0,4.0,0.0,False,+1 Lap
2019,Australian Grand Prix,1,6.0,18,14.285714285714286,14.0,7.0,11,14.904761904761905,16.0,16.0,14.8,0,0,402.0,0,1.0,18,STR,Racing Point,9.0,2.0,2.0,0.0,False,+1 Lap
2019,Australian Grand Prix,1,0.0,20,,10.0,0.0,10,17.0,15.0,15.0,,0,0,408.0,0,0.0,26,KVY,Toro Rosso,10.0,1.0,1.0,0.0,False,+1 Lap
2019,Australian Grand Prix,1,29.0,15,12.857142857142858,18.0,33.0,10,17.0,17.0,17.0,12.4,0,0,379.0,0,1.0,10,GAS,Red Bull Racing,11.0,0.0,0.0,0.0,False,+1 Lap
2019,Australian Grand Prix,1,0.0,20,,10.0,0.0,10,17.0,8.0,8.0,,0,0,408.0,0,0.0,4,NOR,McLaren,12.0,0.0,0.0,0.0,False,+1 Lap
2019,Australian Grand Prix,1,62.0,8,10.571428571428571,11.0,59.0,7,16.5,10.0,10.0,10.2,0,0,346.0,0,-3.666666666666666,11,PER,Racing Point,13.0,0.0,0.0,0.0,False,+1 Lap
2019,Australian Grand Prix,1,0.0,20,,10.0,0.0,10,17.0,13.0,13.0,,0,0,408.0,0,0.0,23,ALB,Toro Rosso,14.0,0.0,0.0,0.0,False,+1 Lap
2019,Australian Grand Prix,1,0.0,20,,10.0,0.0,10,17.0,14.0,14.0,,0,0,408.0,0,0.0,99,GIO,Alfa Romeo Racing,15.0,0.0,0.0,0.0,False,+1 Lap
2019,Australian Grand Prix,1,0.0,20,,10.0,0.0,10,17.0,19.0,19.0,,0,0,408.0,0,0.0,63,RUS,Williams,16.0,0.0,0.0,0.0,False,+2 Laps
2019,Australian Grand Prix,1,0.0,20,,10.0,0.0,10,17.0,20.0,20.0,,0,0,408.0,0,0.0,88,KUB,Williams,17.0,0.0,0.0,0.0,False,+3 Laps
2019,Australian Grand Prix,1,37.0,14,12.571428571428571,16.0,93.0,5,8.5,6.0,6.0,11.6,0,0,371.0,0,1.0,8,GRO,Haas F1 Team,18.0,0.0,0.0,0.0,False,Wheel
2019,Australian Grand Prix,1,170.0,6,9.19047619047619,4.0,419.0,3,5.0,12.0,12.0,9.0,2,2,238.0,0,0.33333333333333215,3,RIC,Renault,19.0,0.0,0.0,0.0,False,Damage
2019,Australian Grand Prix,1,53.0,10,10.285714285714286,10.0,122.0,4,7.0,18.0,18.0,10.8,0,0,355.0,0,-1.0,55,SAI,McLaren,20.0,0.0,0.0,0.0,False,Engine
2019,Bahrain Grand Prix,2,18.0,2,2.0,3.0,44.0,1,2.5,1.0,3.0,2.0,11,11,8.0,0,0.0,44,HAM,Mercedes,1.0,25.0,25.0,0.0,False,Finished
2019,Bahrain Grand Prix,2,26.0,1,1.0,2.0,44.0,1,2.5,2.0,4.0,1.0,1,1,0.0,0,0.0,77,BOT,Mercedes,2.0,18.0,18.0,0.0,False,Finished
2019,Bahrain Grand Prix,2,10.0,5,5.0,12.0,22.0,2,9.5,5.0,1.0,5.0,0,0,16.0,0,0.0,16,LEC,Ferrari,3.0,15.0,15.0,0.0,False,Finished
2019,Bahrain Grand Prix,2,15.0,3,3.0,19.0,15.0,3,10.5,4.0,5.0,3.0,2,2,11.0,0,0.0,33,VER,Red Bull Racing,4.0,12.0,12.0,0.0,False,Finished
2019,Bahrain Grand Prix,2,12.0,4,4.0,1.0,22.0,2,9.5,3.0,2.0,4.0,5,5,14.0,0,0.0,5,VET,Ferrari,5.0,10.0,10.0,0.0,False,Finished
2019,Bahrain Grand Prix,2,0.0,11,12.0,10.0,0.0,9,19.5,8.0,9.0,12.0,0,0,26.0,0,0.0,4,NOR,McLaren,6.0,8.0,8.0,0.0,False,Finished
2019,Bahrain Grand Prix,2,4.0,8,8.0,18.0,4.0,6,8.5,9.0,8.0,8.0,1,1,22.0,0,0.0,7,RAI,Alfa Romeo Racing,7.0,6.0,6.0,0.0,False,Finished
2019,Bahrain Grand Prix,2,0.0,11,11.0,4.0,15.0,3,10.5,17.0,13.0,11.0,0,0,26.0,0,0.0,10,GAS,Red Bull Racing,8.0,4.0,4.0,0.0,False,Finished
2019,Bahrain Grand Prix,2,0.0,11,14.0,10.0,1.0,8,13.0,13.0,12.0,14.0,0,0,26.0,0,0.0,23,ALB,Toro Rosso,9.0,2.0,2.0,0.0,False,Finished
2019,Bahrain Grand Prix,2,0.0,11,13.0,16.0,2.0,7,10.5,10.0,14.0,13.0,0,0,26.0,0,0.0,11,PER,Racing Point,10.0,1.0,1.0,0.0,False,Finished
2019,Bahrain Grand Prix,2,0.0,11,15.0,10.0,4.0,6,8.5,14.0,16.0,15.0,0,0,26.0,0,0.0,99,GIO,Alfa Romeo Racing,11.0,0.0,0.0,0.0,False,Finished
2019,Bahrain Grand Prix,2,1.0,10,10.0,10.0,1.0,8,13.0,15.0,15.0,10.0,0,0,25.0,0,0.0,26,KVY,Toro Rosso,12.0,0.0,0.0,0.0,False,+1 Lap
2019,Bahrain Grand Prix,2,8.0,6,6.0,5.0,8.0,4,7.5,7.0,6.0,6.0,0,0,18.0,0,0.0,20,MAG,Haas F1 Team,13.0,0.0,0.0,0.0,False,+1 Lap
2019,Bahrain Grand Prix,2,2.0,9,9.0,14.0,2.0,7,10.5,16.0,18.0,9.0,0,0,24.0,0,0.0,18,STR,Racing Point,14.0,0.0,0.0,0.0,False,+1 Lap
2019,Bahrain Grand Prix,2,0.0,11,16.0,10.0,0.0,10,14.5,19.0,19.0,16.0,0,0,26.0,0,0.0,63,RUS,Williams,15.0,0.0,0.0,0.0,False,+1 Lap
2019,Bahrain Grand Prix,2,0.0,11,17.0,10.0,0.0,10,14.5,20.0,20.0,17.0,0,0,26.0,0,0.0,88,KUB,Williams,16.0,0.0,0.0,0.0,False,+2 Laps
2019,Bahrain Grand Prix,2,6.0,7,7.0,6.0,6.0,5,9.0,11.0,17.0,7.0,0,0,20.0,0,0.0,27,HUL,Renault,17.0,0.0,0.0,0.0,False,Engine
2019,Bahrain Grand Prix,2,0.0,11,19.0,20.0,6.0,5,9.0,12.0,10.0,19.0,2,2,26.0,0,0.0,3,RIC,Renault,18.0,0.0,0.0,0.0,False,Out of fuel
2019,Bahrain Grand Prix,2,0.0,11,20.0,11.0,0.0,9,19.5,18.0,7.0,20.0,0,0,26.0,0,0.0,55,SAI,McLaren,19.0,0.0,0.0,0.0,False,Collision damage
2019,Bahrain Grand Prix,2,0.0,11,18.0,13.0,8.0,4,7.5,6.0,11.0,18.0,0,0,26.0,0,0.0,8,GRO,Haas F1 Team,20.0,0.0,0.0,0.0,False,Retired
2019,Chinese Grand Prix,3,43.0,2,1.5,4.0,87.0,1,3.0,2.0,2.0,1.5,12,12,1.0,0,0.0,44,HAM,Mercedes,1.0,25.0,25.0,0.0,False,Finished
2019,Chinese Grand Prix,3,44.0,1,1.5,2.0,87.0,1,3.0,3.0,1.0,1.5,1,1,0.0,0,0.0,77,BOT,Mercedes,2.0,18.0,18.0,0.0,False,Finished
2019,Chinese Grand Prix,3,22.0,5,4.5,8.0,48.0,2,3.0,2.5,3.0,4.5,5,5,22.0,0,0.0,5,VET,Ferrari,3.0,15.0,15.0,0.0,False,Finished
2019,Chinese Grand Prix,3,27.0,3,3.5,5.0,31.0,3,5.5,4.5,5.0,3.5,2,2,17.0,0,0.0,33,VER,Red Bull Racing,4.0,12.0,12.0,0.0,False,Finished
2019,Chinese Grand Prix,3,26.0,4,4.0,19.0,48.0,2,3.0,3.0,4.0,4.0,0,0,18.0,0,0.0,16,LEC,Ferrari,5.0,10.0,10.0,0.0,False,Finished
2019,Chinese Grand Prix,3,4.0,10,9.5,18.0,31.0,3,5.5,15.0,6.0,9.5,0,0,40.0,0,0.0,10,GAS,Red Bull Racing,6.0,8.0,8.0,0.0,False,Finished
2019,Chinese Grand Prix,3,0.0,15,18.5,1.0,6.0,7,11.5,11.0,7.0,18.5,2,2,44.0,0,0.0,3,RIC,Renault,7.0,6.0,6.0,0.0,False,+1 Lap
2019,Chinese Grand Prix,3,1.0,13,11.5,12.0,3.0,8,17.5,12.0,12.0,11.5,0,0,43.0,0,0.0,11,PER,Racing Point,8.0,4.0,4.0,0.0,False,+1 Lap
2019,Chinese Grand Prix,3,10.0,6,7.5,3.0,10.0,4,7.5,8.5,13.0,7.5,1,1,34.0,0,0.0,7,RAI,Alfa Romeo Racing,9.0,2.0,2.0,0.0,False,+1 Lap
2019,Chinese Grand Prix,3,2.0,11,11.5,10.0,3.0,9,19.0,12.5,0.0,11.5,0,0,42.0,0,0.0,23,ALB,Toro Rosso,10.0,1.0,1.0,0.0,False,+1 Lap
2019,Chinese Grand Prix,3,0.0,15,19.0,17.0,8.0,6,13.5,8.5,10.0,19.0,0,0,44.0,0,0.0,8,GRO,Haas F1 Team,11.0,0.0,0.0,0.0,False,+1 Lap
2019,Chinese Grand Prix,3,2.0,11,11.5,14.0,3.0,8,17.5,17.0,16.0,11.5,0,0,42.0,0,0.0,18,STR,Racing Point,12.0,0.0,0.0,0.0,False,+1 Lap
2019,Chinese Grand Prix,3,8.0,7,9.5,10.0,8.0,6,13.5,6.5,9.0,9.5,0,0,36.0,0,0.0,20,MAG,Haas F1 Team,13.0,0.0,0.0,0.0,False,+1 Lap
2019,Chinese Grand Prix,3,0.0,15,19.5,9.0,8.0,5,10.0,12.5,14.0,19.5,0,0,44.0,0,0.0,55,SAI,McLaren,14.0,0.0,0.0,0.0,False,+1 Lap
2019,Chinese Grand Prix,3,0.0,15,13.0,10.0,10.0,4,7.5,15.0,19.0,13.0,0,0,44.0,0,0.0,99,GIO,Alfa Romeo Racing,15.0,0.0,0.0,0.0,False,+1 Lap
2019,Chinese Grand Prix,3,0.0,15,15.5,10.0,0.0,10,14.5,19.0,17.0,15.5,0,0,44.0,0,0.0,63,RUS,Williams,16.0,0.0,0.0,0.0,False,+2 Laps
2019,Chinese Grand Prix,3,0.0,15,16.5,10.0,0.0,10,14.5,20.0,18.0,16.5,0,0,44.0,0,0.0,88,KUB,Williams,17.0,0.0,0.0,0.0,False,+2 Laps
2019,Chinese Grand Prix,3,8.0,7,9.0,10.0,8.0,5,10.0,8.5,15.0,9.0,0,0,36.0,0,0.0,4,NOR,McLaren,18.0,0.0,0.0,0.0,False,Collision
2019,Chinese Grand Prix,3,1.0,13,11.0,10.0,3.0,9,19.0,15.0,11.0,11.0,0,0,43.0,0,0.0,26,KVY,Toro Rosso,19.0,0.0,0.0,0.0,False,Collision
2019,Chinese Grand Prix,3,6.0,9,12.0,6.0,6.0,7,11.5,14.0,8.0,12.0,0,0,38.0,0,0.0,27,HUL,Renault,20.0,0.0,0.0,0.0,False,Power Unit
2019,Azerbaijan Grand Prix,4,62.0,2,1.6666666666666667,14.0,130.0,1,3.0,2.3333333333333335,1.0,1.6666666666666667,1,1,6.0,1,0.0,77,BOT,Mercedes,1.0,25.0,25.0,0.0,False,Finished
2019,Azerbaijan Grand Prix,4,68.0,1,1.3333333333333333,1.0,130.0,1,3.0,2.0,2.0,1.3333333333333333,13,13,0.0,1,0.0,44,HAM,Mercedes,2.0,18.0,18.0,0.0,False,Finished
2019,Azerbaijan Grand Prix,4,37.0,4,4.0,4.0,73.0,2,7.5,2.6666666666666665,3.0,4.0,5,5,31.0,1,0.0,5,VET,Ferrari,3.0,15.0,15.0,0.0,False,Finished
2019,Azerbaijan Grand Prix,4,39.0,3,3.6666666666666665,16.0,52.0,3,11.0,4.666666666666667,4.0,3.6666666666666665,2,2,29.0,1,0.0,33,VER,Red Bull Racing,4.0,12.0,12.0,0.0,False,Finished
2019,Azerbaijan Grand Prix,4,36.0,5,4.333333333333333,6.0,73.0,2,7.5,3.3333333333333335,8.0,4.333333333333333,0,0,32.0,1,0.0,16,LEC,Ferrari,5.0,10.0,10.0,0.0,False,Finished
2019,Azerbaijan Grand Prix,4,5.0,12,10.333333333333334,3.0,7.0,8,11.0,12.0,5.0,10.333333333333334,0,0,63.0,1,0.0,11,PER,Racing Point,6.0,8.0,8.0,0.0,False,Finished
2019,Azerbaijan Grand Prix,4,0.0,16,17.666666666666668,5.0,8.0,7,14.0,13.0,9.0,17.666666666666668,0,0,68.0,1,0.0,55,SAI,McLaren,7.0,6.0,6.0,0.0,False,Finished
2019,Azerbaijan Grand Prix,4,8.0,8,12.0,10.0,8.0,7,14.0,10.666666666666666,7.0,12.0,0,0,60.0,1,0.0,4,NOR,McLaren,8.0,4.0,4.0,0.0,False,Finished
2019,Azerbaijan Grand Prix,4,2.0,14,11.666666666666666,8.0,7.0,8,11.0,16.666666666666668,13.0,11.666666666666666,0,0,66.0,1,0.0,18,STR,Racing Point,9.0,2.0,2.0,0.0,False,Finished
2019,Azerbaijan Grand Prix,4,12.0,7,8.0,2.0,12.0,4,11.5,10.0,0.0,8.0,1,1,56.0,1,0.0,7,RAI,Alfa Romeo Racing,10.0,1.0,1.0,0.0,False,+1 Lap
2019,Azerbaijan Grand Prix,4,3.0,13,11.0,10.0,4.0,9,16.5,8.333333333333334,11.0,11.0,0,0,65.0,1,0.0,23,ALB,Toro Rosso,11.0,0.0,0.0,0.0,False,+1 Lap
2019,Azerbaijan Grand Prix,4,0.0,16,13.666666666666666,10.0,12.0,4,11.5,16.333333333333332,17.0,13.666666666666666,0,0,68.0,1,0.0,99,GIO,Alfa Romeo Racing,12.0,0.0,0.0,0.0,False,+1 Lap
2019,Azerbaijan Grand Prix,4,8.0,8,10.666666666666666,13.0,8.0,6,8.0,7.333333333333333,12.0,10.666666666666666,0,0,60.0,1,0.0,20,MAG,Haas F1 Team,13.0,0.0,0.0,0.0,False,+1 Lap
2019,Azerbaijan Grand Prix,4,6.0,10,14.666666666666666,18.0,12.0,5,8.5,12.0,15.0,14.666666666666666,0,0,62.0,1,0.0,27,HUL,Renault,14.0,0.0,0.0,0.0,False,+1 Lap
2019,Azerbaijan Grand Prix,4,0.0,16,15.666666666666666,10.0,0.0,10,14.0,18.333333333333332,16.0,15.666666666666666,0,0,68.0,1,0.0,63,RUS,Williams,15.0,0.0,0.0,0.0,False,+2 Laps
2019,Azerbaijan Grand Prix,4,0.0,16,16.666666666666668,10.0,0.0,10,14.0,19.333333333333332,0.0,16.666666666666668,0,0,68.0,1,0.0,88,KUB,Williams,16.0,0.0,0.0,0.0,False,+2 Laps
2019,Azerbaijan Grand Prix,4,13.0,6,8.333333333333334,12.0,52.0,3,11.0,12.0,0.0,8.333333333333334,0,0,55.0,1,0.0,10,GAS,Red Bull Racing,17.0,0.0,0.0,0.0,False,Transmission
2019,Azerbaijan Grand Prix,4,0.0,16,16.333333333333332,15.0,8.0,6,8.0,9.0,14.0,16.333333333333332,0,0,68.0,1,0.0,8,GRO,Haas F1 Team,18.0,0.0,0.0,0.0,False,Brakes
2019,Azerbaijan Grand Prix,4,1.0,15,13.666666666666666,10.0,4.0,9,16.5,13.666666666666666,6.0,13.666666666666666,0,0,67.0,1,0.0,26,KVY,Toro Rosso,19.0,0.0,0.0,0.0,False,Collision
2019,Azerbaijan Grand Prix,4,6.0,10,14.666666666666666,17.0,12.0,5,8.5,9.666666666666666,10.0,14.666666666666666,2,2,62.0,1,0.0,3,RIC,Renault,20.0,0.0,0.0,0.0,False,Collision
2019,Spanish Grand Prix,5,86.0,2,1.5,1.0,173.0,1,1.5,2.0,2.0,1.5,13,13,1.0,0,0.0,44,HAM,Mercedes,1.0,25.0,25.0,0.0,False,Finished
2019,Spanish Grand Prix,5,87.0,1,1.5,2.0,173.0,1,1.5,2.0,1.0,1.5,2,2,0.0,0,0.0,77,BOT,Mercedes,2.0,18.0,18.0,0.0,False,Finished
2019,Spanish Grand Prix,5,51.0,4,3.75,3.0,64.0,3,10.5,4.5,4.0,3.75,2,2,36.0,0,0.0,33,VER,Red Bull Racing,3.0,15.0,15.0,0.0,False,Finished
2019,Spanish Grand Prix,5,52.0,3,3.75,4.0,99.0,2,4.0,2.75,3.0,3.75,5,5,35.0,0,0.0,5,VET,Ferrari,4.0,12.0,12.0,0.0,False,Finished
2019,Spanish Grand Prix,5,47.0,5,4.5,10.0,99.0,2,4.0,4.5,5.0,4.5,0,0,40.0,0,0.0,16,LEC,Ferrari,5.0,10.0,10.0,0.0,False,Finished
2019,Spanish Grand Prix,5,13.0,6,10.5,19.0,64.0,3,10.5,9.0,6.0,10.5,0,0,74.0,0,0.0,10,GAS,Red Bull Racing,6.0,8.0,8.0,0.0,False,Finished
2019,Spanish Grand Prix,5,8.0,10,11.25,6.0,8.0,8,11.5,8.5,8.0,11.25,0,0,79.0,0,0.0,20,MAG,Haas F1 Team,7.0,6.0,6.0,0.0,False,Finished
2019,Spanish Grand Prix,5,6.0,11,15.0,7.0,18.0,4,12.0,12.0,12.0,15.0,0,0,81.0,0,0.0,55,SAI,McLaren,8.0,4.0,4.0,0.0,False,Finished
2019,Spanish Grand Prix,5,1.0,16,15.0,10.0,4.0,9,15.5,11.75,9.0,15.0,0,0,86.0,0,0.0,26,KVY,Toro Rosso,9.0,2.0,2.0,0.0,False,Finished
2019,Spanish Grand Prix,5,0.0,17,16.75,18.0,8.0,8,11.5,10.25,7.0,16.75,0,0,87.0,0,0.0,8,GRO,Haas F1 Team,10.0,1.0,1.0,0.0,False,Finished
2019,Spanish Grand Prix,5,3.0,15,11.0,10.0,4.0,9,15.5,9.0,11.0,11.0,0,0,84.0,0,0.0,23,ALB,Toro Rosso,11.0,0.0,0.0,0.0,False,Finished
2019,Spanish Grand Prix,5,6.0,11,16.0,5.0,12.0,7,12.5,9.75,13.0,16.0,2,2,81.0,0,0.0,3,RIC,Renault,12.0,0.0,0.0,0.0,False,Finished
2019,Spanish Grand Prix,5,6.0,11,14.5,20.0,12.0,7,12.5,12.75,0.0,14.5,0,0,81.0,0,0.0,27,HUL,Renault,13.0,0.0,0.0,0.0,False,Finished
2019,Spanish Grand Prix,5,13.0,6,8.5,17.0,13.0,6,11.5,7.5,14.0,8.5,1,1,74.0,0,0.0,7,RAI,Alfa Romeo Racing,14.0,0.0,0.0,0.0,False,Finished
2019,Spanish Grand Prix,5,13.0,6,9.25,9.0,17.0,5,13.5,10.25,15.0,9.25,0,0,74.0,0,0.0,11,PER,Racing Point,15.0,0.0,0.0,0.0,False,Finished
2019,Spanish Grand Prix,5,0.0,17,13.25,10.0,13.0,6,11.5,16.5,18.0,13.25,0,0,87.0,0,0.0,99,GIO,Alfa Romeo Racing,16.0,0.0,0.0,0.0,False,Finished
2019,Spanish Grand Prix,5,0.0,17,15.5,10.0,0.0,10,12.5,17.75,19.0,15.5,0,0,87.0,0,0.0,63,RUS,Williams,17.0,0.0,0.0,0.0,False,+1 Lap
2019,Spanish Grand Prix,5,0.0,17,16.5,10.0,0.0,10,12.5,14.5,17.0,16.5,0,0,87.0,0,0.0,88,KUB,Williams,18.0,0.0,0.0,0.0,False,+1 Lap
2019,Spanish Grand Prix,5,4.0,14,11.0,11.0,17.0,5,13.5,15.75,16.0,11.0,0,0,83.0,0,0.0,18,STR,Racing Point,19.0,0.0,0.0,0.0,False,Collision
2019,Spanish Grand Prix,5,12.0,9,11.0,10.0,18.0,4,12.0,9.75,10.0,11.0,0,0,75.0,0,0.0,4,NOR,McLaren,20.0,0.0,0.0,0.0,False,Collision
2019,Monaco Grand Prix,6,112.0,1,1.4,3.0,217.0,1,3.0,2.0,1.0,1.4,14,14,0.0,1,0.0,44,HAM,Mercedes,1.0,25.0,25.0,0.0,False,Finished
2019,Monaco Grand Prix,6,64.0,4,3.8,2.0,121.0,2,5.0,2.8,4.0,3.8,5,5,48.0,1,0.0,5,VET,Ferrari,2.0,18.0,18.0,0.0,False,Finished
2019,Monaco Grand Prix,6,105.0,2,1.6,5.0,217.0,1,3.0,1.8,2.0,1.6,2,2,7.0,1,0.0,77,BOT,Mercedes,3.0,15.0,15.0,0.0,False,Finished
2019,Monaco Grand Prix,6,66.0,3,3.6,9.0,87.0,3,4.0,4.4,3.0,3.6,2,2,46.0,1,0.0,33,VER,Red Bull Racing,4.0,12.0,12.0,0.0,False,Finished
2019,Monaco Grand Prix,6,21.0,6,9.6,7.0,87.0,3,4.0,8.4,8.0,9.6,0,0,91.0,1,0.0,10,GAS,Red Bull Racing,5.0,10.0,10.0,0.0,False,Finished
2019,Monaco Grand Prix,6,10.0,11,13.6,10.0,22.0,4,9.0,12.0,9.0,13.6,0,0,102.0,1,0.0,55,SAI,McLaren,6.0,8.0,8.0,0.0,False,Finished
2019,Monaco Grand Prix,6,3.0,15,13.8,10.0,6.0,9,14.5,11.2,7.0,13.8,0,0,109.0,1,0.0,26,KVY,Toro Rosso,7.0,6.0,6.0,0.0,False,Finished
2019,Monaco Grand Prix,6,3.0,15,11.0,10.0,6.0,9,14.5,9.4,10.0,11.0,0,0,109.0,1,0.0,23,ALB,Toro Rosso,8.0,4.0,4.0,0.0,False,Finished
2019,Monaco Grand Prix,6,6.0,12,15.2,1.0,12.0,8,17.0,10.4,6.0,15.2,2,2,106.0,1,0.0,3,RIC,Renault,9.0,2.0,2.0,0.0,False,Finished
2019,Monaco Grand Prix,6,1.0,17,15.4,15.0,15.0,6,9.0,9.6,13.0,15.4,0,0,111.0,1,0.0,8,GRO,Haas F1 Team,10.0,1.0,1.0,0.0,False,Finished
2019,Monaco Grand Prix,6,12.0,10,12.8,10.0,22.0,4,9.0,9.8,12.0,12.8,0,0,100.0,1,0.0,4,NOR,McLaren,11.0,0.0,0.0,0.0,False,Finished
2019,Monaco Grand Prix,6,13.0,8,10.4,12.0,17.0,5,13.0,11.2,16.0,10.4,0,0,99.0,1,0.0,11,PER,Racing Point,12.0,0.0,0.0,0.0,False,+1 Lap
2019,Monaco Grand Prix,6,6.0,12,14.2,8.0,12.0,8,17.0,10.2,11.0,14.2,0,0,106.0,1,0.0,27,HUL,Renault,13.0,0.0,0.0,0.0,False,+1 Lap
2019,Monaco Grand Prix,6,14.0,7,10.4,13.0,15.0,6,9.0,8.4,5.0,10.4,0,0,98.0,1,0.0,20,MAG,Haas F1 Team,14.0,0.0,0.0,0.0,False,+1 Lap
2019,Monaco Grand Prix,6,0.0,18,15.8,10.0,0.0,10,16.5,18.0,19.0,15.8,0,0,112.0,1,0.0,63,RUS,Williams,15.0,0.0,0.0,0.0,False,+1 Lap
2019,Monaco Grand Prix,6,4.0,14,12.6,17.0,17.0,5,13.0,15.8,17.0,12.6,0,0,108.0,1,0.0,18,STR,Racing Point,16.0,0.0,0.0,0.0,False,+1 Lap
2019,Monaco Grand Prix,6,13.0,8,9.6,4.0,13.0,7,14.0,8.8,14.0,9.6,1,1,99.0,1,0.0,7,RAI,Alfa Romeo Racing,17.0,0.0,0.0,0.0,False,+1 Lap
2019,Monaco Grand Prix,6,0.0,18,16.8,10.0,0.0,10,16.5,15.0,20.0,16.8,0,0,112.0,1,0.0,88,KUB,Williams,18.0,0.0,0.0,0.0,False,+1 Lap
2019,Monaco Grand Prix,6,0.0,18,13.8,10.0,13.0,7,14.0,16.8,18.0,13.8,0,0,112.0,1,0.0,99,GIO,Alfa Romeo Racing,19.0,0.0,0.0,0.0,False,+2 Laps
2019,Monaco Grand Prix,6,57.0,5,4.6,18.0,121.0,2,5.0,4.6,15.0,4.6,0,0,55.0,1,0.0,16,LEC,Ferrari,20.0,0.0,0.0,0.0,False,Collision
2019,Canadian Grand Prix,7,137.0,1,1.3333333333333333,5.0,257.0,1,3.5,1.8333333333333333,2.0,1.2,15,15,0.0,0,0.0,44,HAM,Mercedes,1.0,25.0,25.0,0.0,False,Finished
2019,Canadian Grand Prix,7,82.0,3,3.5,1.0,139.0,2,3.5,3.0,1.0,3.4,5,5,55.0,0,1.0,5,VET,Ferrari,2.0,18.0,18.0,0.0,False,Finished
2019,Canadian Grand Prix,7,57.0,5,7.166666666666667,10.0,139.0,2,3.5,6.333333333333333,3.0,7.6,0,0,80.0,0,-5.666666666666667,16,LEC,Ferrari,3.0,15.0,15.0,0.0,False,Finished
2019,Canadian Grand Prix,7,120.0,2,1.8333333333333333,2.0,257.0,1,3.5,1.8333333333333333,6.0,2.0,2,2,17.0,0,-0.33333333333333326,77,BOT,Mercedes,4.0,12.0,12.0,0.0,False,Finished
2019,Canadian Grand Prix,7,78.0,4,3.6666666666666665,3.0,110.0,3,3.5,4.166666666666667,9.0,3.8,2,2,59.0,0,0.0,33,VER,Red Bull Racing,5.0,10.0,10.0,0.0,False,Finished
2019,Canadian Grand Prix,7,8.0,13,14.166666666666666,4.0,14.0,8,17.0,9.666666666666666,4.0,13.2,2,2,129.0,0,1.0,3,RIC,Renault,6.0,8.0,8.0,0.0,False,+1 Lap
2019,Canadian Grand Prix,7,6.0,15,14.0,7.0,14.0,8,17.0,10.333333333333334,7.0,15.4,0,0,131.0,0,1.3333333333333321,27,HUL,Renault,7.0,6.0,6.0,0.0,False,+1 Lap
2019,Canadian Grand Prix,7,32.0,6,8.833333333333334,11.0,110.0,3,3.5,8.333333333333334,5.0,8.4,0,0,105.0,0,-1.0,10,GAS,Red Bull Racing,8.0,4.0,4.0,0.0,False,+1 Lap
2019,Canadian Grand Prix,7,4.0,16,13.166666666666666,20.0,17.0,5,11.5,16.0,17.0,14.0,0,0,133.0,0,-3.0,18,STR,Racing Point,9.0,2.0,2.0,0.0,False,+1 Lap
2019,Canadian Grand Prix,7,9.0,12,12.666666666666666,10.0,16.0,7,12.5,10.5,10.0,13.2,0,0,128.0,0,2.0,26,KVY,Toro Rosso,10.0,1.0,1.0,0.0,False,+1 Lap
2019,Canadian Grand Prix,7,18.0,7,12.333333333333334,8.0,30.0,4,7.5,11.5,11.0,10.8,0,0,119.0,0,10.666666666666668,55,SAI,McLaren,11.0,0.0,0.0,0.0,False,+1 Lap
2019,Canadian Grand Prix,7,13.0,9,10.666666666666666,14.0,17.0,5,11.5,12.0,15.0,10.2,0,0,124.0,0,-0.6666666666666661,11,PER,Racing Point,12.0,0.0,0.0,0.0,False,+1 Lap
2019,Canadian Grand Prix,7,0.0,18,14.666666666666666,10.0,13.0,9,15.0,17.0,12.0,14.6,0,0,137.0,0,-2.0,99,GIO,Alfa Romeo Racing,13.0,0.0,0.0,0.0,False,+1 Lap
2019,Canadian Grand Prix,7,2.0,17,14.5,12.0,16.0,6,12.5,10.166666666666666,14.0,13.8,0,0,135.0,0,3.666666666666666,8,GRO,Haas F1 Team,14.0,0.0,0.0,0.0,False,+1 Lap
2019,Canadian Grand Prix,7,13.0,9,10.833333333333334,6.0,13.0,9,15.0,9.666666666666666,16.0,11.4,1,1,124.0,0,-5.666666666666666,7,RAI,Alfa Romeo Racing,15.0,0.0,0.0,0.0,False,+1 Lap
2019,Canadian Grand Prix,7,0.0,18,15.666666666666666,10.0,0.0,10,18.5,18.166666666666668,18.0,15.6,0,0,137.0,0,0.0,63,RUS,Williams,16.0,0.0,0.0,0.0,False,+2 Laps
2019,Canadian Grand Prix,7,14.0,8,11.0,13.0,16.0,6,12.5,7.833333333333333,0.0,12.0,0,0,123.0,0,-0.6666666666666679,20,MAG,Haas F1 Team,17.0,0.0,0.0,0.0,False,+2 Laps
2019,Canadian Grand Prix,7,0.0,18,17.0,10.0,0.0,10,18.5,15.833333333333334,19.0,17.0,0,0,137.0,0,-0.6666666666666643,88,KUB,Williams,18.0,0.0,0.0,0.0,False,+3 Laps
2019,Canadian Grand Prix,7,7.0,14,10.5,10.0,16.0,7,12.5,9.5,13.0,9.8,0,0,130.0,0,1.0,23,ALB,Toro Rosso,19.0,0.0,0.0,0.0,False,Collision damage
2019,Canadian Grand Prix,7,12.0,11,12.5,10.0,30.0,4,7.5,10.166666666666666,8.0,12.6,0,0,125.0,0,-1.0,4,NOR,McLaren,20.0,0.0,0.0,0.0,False,Suspension
2019,French Grand Prix,8,162.0,1,1.2857142857142858,1.0,295.0,1,4.0,1.8571428571428572,1.0,1.2,16,16,0.0,0,0.33333333333333326,44,HAM,Mercedes,1.0,25.0,25.0,0.0,False,Finished
2019,French Grand Prix,8,133.0,2,2.142857142857143,7.0,295.0,1,4.0,2.4285714285714284,2.0,2.4,2,2,29.0,0,-1.3333333333333333,77,BOT,Mercedes,2.0,18.0,18.0,0.0,False,Finished
2019,French Grand Prix,8,72.0,5,6.571428571428571,10.0,172.0,2,3.0,5.857142857142857,3.0,7.6,0,0,90.0,0,-5.000000000000001,16,LEC,Ferrari,3.0,15.0,15.0,0.0,False,Finished
2019,French Grand Prix,8,88.0,4,3.857142857142857,2.0,124.0,3,4.0,4.857142857142857,4.0,4.0,2,2,74.0,0,0.0,33,VER,Red Bull Racing,4.0,12.0,12.0,0.0,False,Finished
2019,French Grand Prix,8,100.0,3,3.2857142857142856,5.0,172.0,2,3.0,2.7142857142857144,7.0,2.8,5,5,62.0,0,1.0,5,VET,Ferrari,5.0,10.0,10.0,0.0,False,Finished
2019,French Grand Prix,8,18.0,7,12.142857142857142,8.0,30.0,4,8.5,11.428571428571429,6.0,9.2,0,0,144.0,0,5.0,55,SAI,McLaren,6.0,8.0,8.0,0.0,False,Finished
2019,French Grand Prix,8,13.0,10,11.428571428571429,3.0,13.0,9,17.0,10.571428571428571,12.0,13.0,1,1,149.0,0,-6.666666666666668,7,RAI,Alfa Romeo Racing,7.0,6.0,6.0,0.0,False,+1 Lap
2019,French Grand Prix,8,12.0,12,13.0,9.0,28.0,5,8.5,9.857142857142858,13.0,13.4,0,0,150.0,0,6.0,27,HUL,Renault,8.0,4.0,4.0,0.0,False,+1 Lap
2019,French Grand Prix,8,12.0,12,13.571428571428571,10.0,30.0,4,8.5,9.857142857142858,5.0,15.4,0,0,150.0,0,-6.333333333333334,4,NOR,McLaren,9.0,2.0,2.0,0.0,False,+1 Lap
2019,French Grand Prix,8,36.0,6,8.714285714285714,20.0,124.0,3,4.0,7.857142857142857,9.0,8.4,0,0,126.0,0,4.000000000000001,10,GAS,Red Bull Racing,10.0,1.0,1.0,0.0,False,+1 Lap
2019,French Grand Prix,8,16.0,8,13.0,4.0,28.0,5,8.5,8.857142857142858,8.0,10.8,2,2,146.0,0,6.0,3,RIC,Renault,11.0,0.0,0.0,0.0,False,+1 Lap
2019,French Grand Prix,8,13.0,10,10.857142857142858,18.0,19.0,6,11.5,12.428571428571429,14.0,10.6,0,0,149.0,0,-5.0,11,PER,Racing Point,12.0,0.0,0.0,0.0,False,+1 Lap
2019,French Grand Prix,8,6.0,16,12.571428571428571,17.0,19.0,6,11.5,16.142857142857142,17.0,13.0,0,0,156.0,0,-3.0,18,STR,Racing Point,13.0,0.0,0.0,0.0,False,+1 Lap
2019,French Grand Prix,8,10.0,14,12.285714285714286,10.0,17.0,7,18.5,10.428571428571429,19.0,12.8,0,0,152.0,0,8.000000000000002,26,KVY,Toro Rosso,14.0,0.0,0.0,0.0,False,+1 Lap
2019,French Grand Prix,8,7.0,15,11.714285714285714,10.0,17.0,7,18.5,10.0,11.0,11.8,0,0,155.0,0,-2.666666666666666,23,ALB,Toro Rosso,15.0,0.0,0.0,0.0,False,+1 Lap
2019,French Grand Prix,8,0.0,18,14.428571428571429,10.0,13.0,9,17.0,16.285714285714285,10.0,15.0,0,0,162.0,0,-3.333333333333334,99,GIO,Alfa Romeo Racing,16.0,0.0,0.0,0.0,False,+1 Lap
2019,French Grand Prix,8,14.0,9,11.857142857142858,6.0,16.0,8,14.0,6.714285714285714,15.0,12.8,0,0,148.0,0,0.3333333333333339,20,MAG,Haas F1 Team,17.0,0.0,0.0,0.0,False,+1 Lap
2019,French Grand Prix,8,0.0,18,17.142857142857142,10.0,0.0,10,16.0,16.285714285714285,18.0,17.4,0,0,162.0,0,-1.6666666666666679,88,KUB,Williams,18.0,0.0,0.0,0.0,False,+2 Laps
2019,French Grand Prix,8,0.0,18,15.714285714285714,10.0,0.0,10,16.0,18.142857142857142,20.0,15.8,0,0,162.0,0,-0.6666666666666661,63,RUS,Williams,19.0,0.0,0.0,0.0,False,+2 Laps
2019,French Grand Prix,8,2.0,17,14.428571428571429,11.0,16.0,8,14.0,10.714285714285714,16.0,12.6,0,0,160.0,0,4.999999999999998,8,GRO,Haas F1 Team,20.0,0.0,0.0,0.0,False,Retired
2019,Austrian Grand Prix,9,100.0,4,3.875,1.0,137.0,3,4.5,4.75,2.0,4.0,2,2,87.0,0,-0.6666666666666665,33,VER,Red Bull Racing,1.0,25.0,25.0,0.0,False,Finished
2019,Austrian Grand Prix,9,87.0,5,6.125,9.0,198.0,2,9.5,5.5,1.0,7.2,0,0,100.0,0,-3.666666666666666,16,LEC,Ferrari,2.0,18.0,18.0,0.0,False,Finished
2019,Austrian Grand Prix,9,151.0,2,2.125,19.0,338.0,1,2.5,2.375,3.0,2.4,2,2,36.0,0,-1.3333333333333333,77,BOT,Mercedes,3.0,15.0,15.0,0.0,False,Finished
2019,Austrian Grand Prix,9,111.0,3,3.5,3.0,198.0,2,9.5,3.25,9.0,3.2,5,5,76.0,0,0.3333333333333335,5,VET,Ferrari,4.0,12.0,12.0,0.0,False,Finished
2019,Austrian Grand Prix,9,187.0,1,1.25,16.0,338.0,1,2.5,1.75,4.0,1.2,17,17,0.0,0,0.33333333333333326,44,HAM,Mercedes,5.0,10.0,10.0,0.0,False,Finished
2019,Austrian Grand Prix,9,14.0,11,13.0,10.0,40.0,4,6.5,9.25,5.0,13.6,0,0,173.0,0,2.0,4,NOR,McLaren,6.0,8.0,8.0,0.0,False,+1 Lap
2019,Austrian Grand Prix,9,37.0,6,8.875,11.0,137.0,3,4.5,8.0,8.0,9.2,0,0,150.0,0,1.9999999999999991,10,GAS,Red Bull Racing,7.0,6.0,6.0,0.0,False,+1 Lap
2019,Austrian Grand Prix,9,26.0,7,11.375,12.0,40.0,4,6.5,10.75,19.0,7.6,0,0,161.0,0,1.9999999999999991,55,SAI,McLaren,8.0,4.0,4.0,0.0,False,+1 Lap
2019,Austrian Grand Prix,9,19.0,8,10.875,2.0,19.0,6,9.5,10.75,6.0,12.6,1,1,168.0,0,-2.0,7,RAI,Alfa Romeo Racing,9.0,2.0,2.0,0.0,False,+1 Lap
2019,Austrian Grand Prix,9,0.0,18,14.625,10.0,19.0,6,9.5,15.5,7.0,15.2,0,0,187.0,0,-1.666666666666666,99,GIO,Alfa Romeo Racing,10.0,1.0,1.0,0.0,False,+1 Lap
2019,Austrian Grand Prix,9,13.0,13,11.0,7.0,19.0,7,17.5,12.625,13.0,11.4,0,0,174.0,0,-2.333333333333334,11,PER,Racing Point,11.0,0.0,0.0,0.0,False,+1 Lap
2019,Austrian Grand Prix,9,16.0,9,12.75,18.0,32.0,5,11.5,8.75,12.0,11.6,2,2,171.0,0,4.333333333333334,3,RIC,Renault,12.0,0.0,0.0,0.0,False,+1 Lap
2019,Austrian Grand Prix,9,16.0,9,12.375,20.0,32.0,5,11.5,10.25,15.0,11.0,0,0,171.0,0,6.333333333333332,27,HUL,Renault,13.0,0.0,0.0,0.0,False,+1 Lap
2019,Austrian Grand Prix,9,6.0,16,12.625,14.0,19.0,7,17.5,16.25,14.0,13.2,0,0,181.0,0,0.6666666666666679,18,STR,Racing Point,14.0,0.0,0.0,0.0,False,+1 Lap
2019,Austrian Grand Prix,9,7.0,15,12.125,10.0,17.0,8,16.0,10.125,18.0,12.8,0,0,180.0,0,-3.333333333333334,23,ALB,Toro Rosso,15.0,0.0,0.0,0.0,False,+1 Lap
2019,Austrian Grand Prix,9,2.0,17,15.125,4.0,16.0,9,14.0,11.375,11.0,14.4,0,0,185.0,0,-1.666666666666666,8,GRO,Haas F1 Team,16.0,0.0,0.0,0.0,False,+1 Lap
2019,Austrian Grand Prix,9,10.0,14,12.5,10.0,17.0,8,16.0,11.5,16.0,11.8,0,0,177.0,0,5.333333333333332,26,KVY,Toro Rosso,17.0,0.0,0.0,0.0,False,+1 Lap
2019,Austrian Grand Prix,9,0.0,18,16.125,10.0,0.0,10,13.5,18.375,0.0,16.4,0,0,187.0,0,-0.6666666666666679,63,RUS,Williams,18.0,0.0,0.0,0.0,False,+2 Laps
2019,Austrian Grand Prix,9,14.0,11,12.5,5.0,16.0,9,14.0,7.75,10.0,13.6,0,0,173.0,0,-5.0,20,MAG,Haas F1 Team,19.0,0.0,0.0,0.0,False,+2 Laps
2019,Austrian Grand Prix,9,0.0,18,17.25,10.0,0.0,10,13.5,16.5,17.0,17.6,0,0,187.0,0,-1.0,88,KUB,Williams,20.0,0.0,0.0,0.0,False,+3 Laps
2019,British Grand Prix,10,197.0,1,1.6666666666666667,2.0,363.0,1,2.0,2.0,2.0,1.8,17,17,0.0,0,-1.0000000000000002,44,HAM,Mercedes,1.0,25.0,25.0,0.0,False,Finished
2019,British Grand Prix,10,166.0,2,2.2222222222222223,4.0,363.0,1,2.0,2.4444444444444446,1.0,2.8,2,2,31.0,0,-1.0,77,BOT,Mercedes,2.0,18.0,18.0,0.0,False,Finished
2019,British Grand Prix,10,105.0,5,5.666666666666667,19.0,228.0,2,3.0,5.0,3.0,6.6,0,0,92.0,0,7.333333333333334,16,LEC,Ferrari,3.0,15.0,15.0,0.0,False,Finished
2019,British Grand Prix,10,43.0,6,8.666666666666666,13.0,169.0,3,10.0,8.0,5.0,7.2,0,0,154.0,0,1.0,10,GAS,Red Bull Racing,4.0,12.0,12.0,0.0,False,Finished
2019,British Grand Prix,10,126.0,3,3.5555555555555554,15.0,169.0,3,10.0,4.444444444444445,4.0,3.4,3,3,71.0,0,0.33333333333333304,33,VER,Red Bull Racing,5.0,10.0,10.0,0.0,False,Finished
2019,British Grand Prix,10,30.0,7,11.0,17.0,52.0,4,11.5,11.666666666666666,13.0,7.8,0,0,167.0,0,-1.333333333333334,55,SAI,McLaren,6.0,8.0,8.0,0.0,False,Finished
2019,British Grand Prix,10,16.0,10,12.666666666666666,5.0,32.0,5,8.5,9.11111111111111,7.0,10.0,2,2,181.0,0,4.0,3,RIC,Renault,7.0,6.0,6.0,0.0,False,Finished
2019,British Grand Prix,10,21.0,9,10.666666666666666,3.0,22.0,6,9.5,10.222222222222221,12.0,12.4,1,1,176.0,0,3.333333333333332,7,RAI,Alfa Romeo Racing,8.0,4.0,4.0,0.0,False,Finished
2019,British Grand Prix,10,10.0,14,13.0,10.0,17.0,8,18.5,12.0,17.0,11.4,0,0,187.0,0,-2.0,26,KVY,Toro Rosso,9.0,2.0,2.0,0.0,False,Finished
2019,British Grand Prix,10,16.0,10,12.444444444444445,6.0,32.0,5,8.5,10.777777777777779,10.0,10.8,0,0,181.0,0,4.0,27,HUL,Renault,10.0,1.0,1.0,0.0,False,Finished
2019,British Grand Prix,10,22.0,8,12.222222222222221,10.0,52.0,4,11.5,8.777777777777779,8.0,13.2,0,0,175.0,0,1.333333333333334,4,NOR,McLaren,11.0,0.0,0.0,0.0,False,Finished
2019,British Grand Prix,10,7.0,15,12.444444444444445,10.0,17.0,8,18.5,11.0,9.0,13.6,0,0,190.0,0,-6.333333333333332,23,ALB,Toro Rosso,12.0,0.0,0.0,0.0,False,Finished
2019,British Grand Prix,10,6.0,16,12.777777777777779,12.0,19.0,7,12.5,16.0,18.0,14.2,0,0,191.0,0,2.666666666666666,18,STR,Racing Point,13.0,0.0,0.0,0.0,False,Finished
2019,British Grand Prix,10,0.0,19,16.333333333333332,10.0,0.0,10,13.0,16.333333333333332,19.0,17.0,0,0,197.0,0,-2.0000000000000018,63,RUS,Williams,14.0,0.0,0.0,0.0,False,+1 Lap
2019,British Grand Prix,10,0.0,19,17.555555555555557,10.0,0.0,10,13.0,16.555555555555557,20.0,18.4,0,0,197.0,0,-1.3333333333333357,88,KUB,Williams,15.0,0.0,0.0,0.0,False,+1 Lap
2019,British Grand Prix,10,123.0,4,3.5555555555555554,1.0,228.0,2,3.0,3.888888888888889,6.0,3.4,5,5,74.0,0,-0.6666666666666665,5,VET,Ferrari,16.0,0.0,0.0,0.0,False,+1 Lap
2019,British Grand Prix,10,13.0,13,11.0,10.0,19.0,7,12.5,12.666666666666666,15.0,12.4,0,0,184.0,0,-0.6666666666666661,11,PER,Racing Point,17.0,0.0,0.0,0.0,False,+1 Lap
2019,British Grand Prix,10,1.0,18,14.11111111111111,10.0,22.0,6,9.5,14.555555555555555,11.0,14.8,0,0,196.0,0,2.666666666666666,99,GIO,Alfa Romeo Racing,18.0,0.0,0.0,0.0,False,Spun off
2019,British Grand Prix,10,2.0,17,15.222222222222221,16.0,16.0,9,16.5,11.333333333333334,14.0,14.0,0,0,195.0,0,-4.000000000000002,8,GRO,Haas F1 Team,19.0,0.0,0.0,0.0,False,Collision
2019,British Grand Prix,10,14.0,12,13.222222222222221,9.0,16.0,9,16.5,8.0,16.0,14.8,0,0,183.0,0,-6.333333333333334,20,MAG,Haas F1 Team,20.0,0.0,0.0,0.0,False,Collision
2019,German Grand Prix,11,136.0,3,3.7,4.0,191.0,3,12.0,4.4,2.0,3.8,3,3,87.0,0,0.6666666666666665,33,VER,Red Bull Racing,1.0,25.0,25.0,0.0,False,Finished
2019,German Grand Prix,11,123.0,4,4.8,18.0,243.0,2,10.5,4.1,20.0,5.8,5,5,100.0,0,-5.666666666666668,5,VET,Ferrari,2.0,18.0,18.0,0.0,False,Finished
2019,German Grand Prix,11,12.0,14,12.6,10.0,19.0,7,12.0,12.5,14.0,11.4,0,0,211.0,0,-4.666666666666668,26,KVY,Toro Rosso,3.0,15.0,15.0,0.0,False,Finished
2019,German Grand Prix,11,6.0,16,12.8,17.0,19.0,8,12.0,16.2,15.0,13.0,0,0,217.0,0,1.3333333333333321,18,STR,Racing Point,4.0,12.0,12.0,0.0,False,Finished
2019,German Grand Prix,11,38.0,7,10.5,12.0,60.0,4,7.5,11.8,7.0,7.4,0,0,185.0,0,1.666666666666667,55,SAI,McLaren,5.0,10.0,10.0,0.0,False,Finished
2019,German Grand Prix,11,7.0,15,12.4,10.0,19.0,7,12.0,10.8,16.0,13.8,0,0,216.0,0,-1.333333333333334,23,ALB,Toro Rosso,6.0,8.0,8.0,0.0,False,Finished
2019,German Grand Prix,11,2.0,17,15.6,6.0,16.0,9,14.5,11.6,6.0,15.8,0,0,221.0,0,-6.999999999999998,8,GRO,Haas F1 Team,7.0,6.0,6.0,0.0,False,Finished
2019,German Grand Prix,11,14.0,12,13.9,11.0,16.0,9,14.5,8.8,12.0,17.4,0,0,209.0,0,-6.000000000000002,20,MAG,Haas F1 Team,8.0,4.0,4.0,0.0,False,Finished
2019,German Grand Prix,11,223.0,1,1.6,1.0,407.0,1,1.5,2.0,1.0,1.8,18,18,0.0,0,-1.3333333333333335,44,HAM,Mercedes,9.0,2.0,2.0,0.0,False,Finished
2019,German Grand Prix,11,0.0,19,17.3,10.0,0.0,10,18.0,16.9,18.0,17.8,0,0,223.0,0,0.33333333333333215,88,KUB,Williams,10.0,1.0,1.0,0.0,False,Finished
2019,German Grand Prix,11,0.0,19,16.1,10.0,0.0,10,18.0,16.6,17.0,16.4,0,0,223.0,0,-1.0,63,RUS,Williams,11.0,0.0,0.0,0.0,False,Finished
2019,German Grand Prix,11,25.0,8,10.4,3.0,26.0,6,8.5,10.4,5.0,11.2,1,1,198.0,0,7.333333333333334,7,RAI,Alfa Romeo Racing,12.0,0.0,0.0,0.0,False,Finished
2019,German Grand Prix,11,1.0,18,14.5,10.0,26.0,6,8.5,14.2,11.0,15.2,0,0,222.0,0,1.333333333333334,99,GIO,Alfa Romeo Racing,13.0,0.0,0.0,0.0,False,Finished
2019,German Grand Prix,11,55.0,6,8.2,14.0,191.0,3,12.0,7.7,4.0,6.8,0,0,168.0,0,-0.666666666666667,10,GAS,Red Bull Racing,14.0,0.0,0.0,0.0,False,Collision
2019,German Grand Prix,11,184.0,2,2.2,2.0,407.0,1,1.5,2.3,3.0,2.8,2,2,39.0,0,0.6666666666666665,77,BOT,Mercedes,15.0,0.0,0.0,0.0,False,Accident
2019,German Grand Prix,11,17.0,11,12.2,5.0,39.0,5,8.5,10.7,9.0,10.2,0,0,206.0,0,0.6666666666666661,27,HUL,Renault,16.0,0.0,0.0,0.0,False,Accident
2019,German Grand Prix,11,120.0,5,5.4,15.0,243.0,2,10.5,4.8,10.0,6.2,0,0,103.0,0,6.666666666666668,16,LEC,Ferrari,17.0,0.0,0.0,0.0,False,Accident
2019,German Grand Prix,11,22.0,9,12.1,10.0,60.0,4,7.5,8.7,19.0,11.4,0,0,201.0,0,8.333333333333334,4,NOR,McLaren,18.0,0.0,0.0,0.0,False,Power loss
2019,German Grand Prix,11,22.0,9,12.1,20.0,39.0,5,8.5,8.9,13.0,9.0,2,2,201.0,0,-1.0,3,RIC,Renault,19.0,0.0,0.0,0.0,False,Exhaust
2019,German Grand Prix,11,13.0,13,11.6,7.0,19.0,8,12.0,12.9,8.0,12.8,0,0,210.0,0,-0.3333333333333339,11,PER,Racing Point,20.0,0.0,0.0,0.0,False,Spun off
2019,Hungarian Grand Prix,12,225.0,1,2.272727272727273,1.0,409.0,1,3.0,1.9090909090909092,3.0,3.4,18,18,0.0,0,-4.0,44,HAM,Mercedes,1.0,25.0,25.0,0.0,False,Finished
2019,Hungarian Grand Prix,12,162.0,3,3.4545454545454546,19.0,217.0,3,11.5,4.181818181818182,1.0,3.2,4,4,63.0,0,1.9999999999999996,33,VER,Red Bull Racing,2.0,18.0,18.0,0.0,False,Finished
2019,Hungarian Grand Prix,12,141.0,4,4.545454545454546,2.0,261.0,2,2.5,5.545454545454546,5.0,5.8,5,5,84.0,0,-4.333333333333333,5,VET,Ferrari,3.0,15.0,15.0,0.0,False,Finished
2019,Hungarian Grand Prix,12,120.0,5,6.454545454545454,20.0,261.0,2,2.5,5.2727272727272725,4.0,5.6,0,0,105.0,0,1.333333333333333,16,LEC,Ferrari,4.0,12.0,12.0,0.0,False,Finished
2019,Hungarian Grand Prix,12,48.0,7,10.0,9.0,70.0,4,8.5,11.363636363636363,8.0,7.2,0,0,177.0,0,1.333333333333334,55,SAI,McLaren,5.0,10.0,10.0,0.0,False,+1 Lap
2019,Hungarian Grand Prix,12,55.0,6,8.727272727272727,6.0,217.0,3,11.5,7.363636363636363,6.0,8.6,0,0,170.0,0,-0.666666666666667,10,GAS,Red Bull Racing,6.0,8.0,8.0,0.0,False,+1 Lap
2019,Hungarian Grand Prix,12,25.0,9,10.545454545454545,3.0,26.0,8,13.5,9.909090909090908,10.0,10.2,1,1,200.0,0,3.333333333333334,7,RAI,Alfa Romeo Racing,7.0,6.0,6.0,0.0,False,+1 Lap
2019,Hungarian Grand Prix,12,184.0,2,3.3636363636363638,5.0,409.0,1,3.0,2.3636363636363638,2.0,5.2,2,2,41.0,0,-3.666666666666667,77,BOT,Mercedes,8.0,4.0,4.0,0.0,False,+1 Lap
2019,Hungarian Grand Prix,12,22.0,10,12.636363636363637,10.0,70.0,4,8.5,9.636363636363637,7.0,12.8,0,0,203.0,0,1.6666666666666679,4,NOR,McLaren,9.0,2.0,2.0,0.0,False,+1 Lap
2019,Hungarian Grand Prix,12,15.0,15,11.818181818181818,10.0,42.0,5,8.5,11.272727272727273,12.0,13.4,0,0,210.0,0,3.0,23,ALB,Toro Rosso,10.0,1.0,1.0,0.0,False,+1 Lap
2019,Hungarian Grand Prix,12,13.0,16,12.363636363636363,14.0,31.0,7,10.5,12.454545454545455,16.0,14.4,0,0,212.0,0,-4.0,11,PER,Racing Point,11.0,0.0,0.0,0.0,False,+1 Lap
2019,Hungarian Grand Prix,12,17.0,14,12.545454545454545,12.0,39.0,6,13.0,10.545454545454545,11.0,10.8,0,0,208.0,0,-3.666666666666666,27,HUL,Renault,12.0,0.0,0.0,0.0,False,+1 Lap
2019,Hungarian Grand Prix,12,18.0,12,13.363636363636363,7.0,26.0,9,17.5,9.090909090909092,14.0,16.2,0,0,207.0,0,0.3333333333333339,20,MAG,Haas F1 Team,13.0,0.0,0.0,0.0,False,+1 Lap
2019,Hungarian Grand Prix,12,22.0,10,12.727272727272727,4.0,39.0,6,13.0,9.272727272727273,20.0,11.0,2,2,203.0,0,-4.0,3,RIC,Renault,14.0,0.0,0.0,0.0,False,+1 Lap
2019,Hungarian Grand Prix,12,27.0,8,11.727272727272727,10.0,42.0,5,8.5,12.636363636363637,13.0,10.6,0,0,198.0,0,0.6666666666666679,26,KVY,Toro Rosso,15.0,0.0,0.0,0.0,False,+2 Laps
2019,Hungarian Grand Prix,12,0.0,20,15.636363636363637,10.0,1.0,10,16.5,16.636363636363637,15.0,15.6,0,0,225.0,0,2.333333333333334,63,RUS,Williams,16.0,0.0,0.0,0.0,False,+2 Laps
2019,Hungarian Grand Prix,12,18.0,12,12.0,17.0,31.0,7,10.5,16.09090909090909,18.0,10.6,0,0,207.0,0,2.333333333333332,18,STR,Racing Point,17.0,0.0,0.0,0.0,False,+2 Laps
2019,Hungarian Grand Prix,12,1.0,18,14.363636363636363,10.0,26.0,8,13.5,13.909090909090908,17.0,14.0,0,0,224.0,0,2.333333333333334,99,GIO,Alfa Romeo Racing,18.0,0.0,0.0,0.0,False,+2 Laps
2019,Hungarian Grand Prix,12,1.0,18,16.636363636363637,10.0,1.0,10,16.5,17.0,19.0,16.2,0,0,224.0,0,3.0,88,KUB,Williams,19.0,0.0,0.0,0.0,False,+3 Laps
2019,Hungarian Grand Prix,12,8.0,17,14.818181818181818,10.0,26.0,9,17.5,11.090909090909092,9.0,15.2,0,0,217.0,0,0.6666666666666661,8,GRO,Haas F1 Team,20.0,0.0,0.0,0.0,False,Water pressure
2019,Belgian Grand Prix,13,132.0,5,6.25,18.0,288.0,2,9.0,5.166666666666667,1.0,5.8,0,0,118.0,0,-5.333333333333334,16,LEC,Ferrari,1.0,25.0,25.0,0.0,False,Finished
2019,Belgian Grand Prix,13,250.0,1,2.1666666666666665,2.0,438.0,1,3.0,2.0,3.0,3.4,19,19,0.0,0,-1.333333333333333,44,HAM,Mercedes,2.0,18.0,18.0,0.0,False,Finished
2019,Belgian Grand Prix,13,188.0,2,3.75,4.0,438.0,1,3.0,2.3333333333333335,4.0,6.0,2,2,62.0,0,-5.333333333333334,77,BOT,Mercedes,3.0,15.0,15.0,0.0,False,Finished
2019,Belgian Grand Prix,13,156.0,4,4.416666666666667,1.0,288.0,2,9.0,5.5,2.0,6.0,5,5,94.0,0,-3.3333333333333335,5,VET,Ferrari,4.0,12.0,12.0,0.0,False,Finished
2019,Belgian Grand Prix,13,16.0,15,11.666666666666666,10.0,43.0,5,7.5,11.333333333333334,17.0,11.6,0,0,234.0,0,6.999999999999998,23,ALB,Red Bull Racing,5.0,10.0,10.0,0.0,False,Finished
2019,Belgian Grand Prix,13,13.0,16,12.25,5.0,31.0,8,17.0,12.75,7.0,14.2,0,0,237.0,0,-4.333333333333334,11,PER,Racing Point,6.0,8.0,8.0,0.0,False,Finished
2019,Belgian Grand Prix,13,27.0,9,12.0,10.0,43.0,5,7.5,12.666666666666666,19.0,11.6,0,0,223.0,0,4.666666666666666,26,KVY,Toro Rosso,7.0,6.0,6.0,0.0,False,Finished
2019,Belgian Grand Prix,13,17.0,14,12.5,20.0,39.0,6,11.5,10.583333333333334,12.0,11.8,0,0,233.0,0,-3.333333333333332,27,HUL,Renault,8.0,4.0,4.0,0.0,False,Finished
2019,Belgian Grand Prix,13,63.0,6,8.5,9.0,244.0,3,5.5,7.25,13.0,8.2,0,0,187.0,0,0.3333333333333339,10,GAS,Toro Rosso,9.0,2.0,2.0,0.0,False,Finished
2019,Belgian Grand Prix,13,18.0,12,12.416666666666666,13.0,31.0,8,17.0,16.25,16.0,12.2,0,0,232.0,0,0.6666666666666661,18,STR,Racing Point,10.0,1.0,1.0,0.0,False,Finished
2019,Belgian Grand Prix,13,24.0,10,12.333333333333334,10.0,82.0,4,9.5,9.416666666666666,11.0,10.6,0,0,226.0,0,-1.0,4,NOR,McLaren,11.0,0.0,0.0,0.0,False,Engine
2019,Belgian Grand Prix,13,18.0,12,13.333333333333334,8.0,26.0,9,15.5,9.5,8.0,15.4,0,0,232.0,0,4.000000000000002,20,MAG,Haas F1 Team,12.0,0.0,0.0,0.0,False,+1 Lap
2019,Belgian Grand Prix,13,8.0,17,15.25,7.0,26.0,9,15.5,10.916666666666666,9.0,16.4,0,0,242.0,0,1.333333333333334,8,GRO,Haas F1 Team,13.0,0.0,0.0,0.0,False,+1 Lap
2019,Belgian Grand Prix,13,22.0,11,12.833333333333334,16.0,39.0,6,11.5,10.166666666666666,10.0,12.6,2,2,228.0,0,-3.666666666666668,3,RIC,Renault,14.0,0.0,0.0,0.0,False,+1 Lap
2019,Belgian Grand Prix,13,0.0,20,15.666666666666666,10.0,1.0,10,12.5,16.5,14.0,15.6,0,0,250.0,0,4.000000000000002,63,RUS,Williams,15.0,0.0,0.0,0.0,False,+1 Lap
2019,Belgian Grand Prix,13,31.0,8,10.25,17.0,32.0,7,14.0,9.916666666666666,6.0,8.6,1,1,219.0,0,1.333333333333334,7,RAI,Alfa Romeo Racing,16.0,0.0,0.0,0.0,False,+1 Lap
2019,Belgian Grand Prix,13,1.0,18,16.833333333333332,10.0,1.0,10,12.5,17.166666666666668,0.0,16.4,0,0,249.0,0,4.000000000000002,88,KUB,Williams,17.0,0.0,0.0,0.0,False,+1 Lap
2019,Belgian Grand Prix,13,1.0,18,14.666666666666666,10.0,32.0,7,14.0,14.166666666666666,18.0,15.0,0,0,249.0,0,-3.333333333333332,99,GIO,Alfa Romeo Racing,18.0,0.0,0.0,0.0,False,Accident
2019,Belgian Grand Prix,13,58.0,7,9.583333333333334,11.0,82.0,4,9.5,11.083333333333334,15.0,6.0,0,0,192.0,0,3.000000000000001,55,SAI,McLaren,19.0,0.0,0.0,0.0,False,Power loss
2019,Belgian Grand Prix,13,181.0,3,3.3333333333333335,3.0,244.0,3,5.5,3.9166666666666665,5.0,2.6,4,4,69.0,0,0.666666666666667,33,VER,Red Bull Racing,20.0,0.0,0.0,0.0,False,Accident
2019,Italian Grand Prix,14,157.0,5,5.846153846153846,11.0,326.0,2,3.0,4.846153846153846,1.0,5.4,1,1,111.0,0,-4.666666666666666,16,LEC,Ferrari,1.0,25.0,25.0,0.0,False,Finished
2019,Italian Grand Prix,14,203.0,2,3.6923076923076925,3.0,471.0,1,2.0,2.4615384615384617,3.0,6.2,2,2,65.0,0,-6.333333333333332,77,BOT,Mercedes,2.0,18.0,18.0,0.0,False,Finished
2019,Italian Grand Prix,14,268.0,1,2.1538461538461537,1.0,471.0,1,2.0,2.076923076923077,2.0,3.6,19,19,0.0,0,-1.6666666666666665,44,HAM,Mercedes,3.0,15.0,15.0,0.0,False,Finished
2019,Italian Grand Prix,14,22.0,12,12.923076923076923,17.0,43.0,6,9.5,10.153846153846153,5.0,13.2,2,2,246.0,0,-5.666666666666666,3,RIC,Renault,4.0,12.0,12.0,0.0,False,Finished
2019,Italian Grand Prix,14,21.0,13,12.153846153846153,13.0,43.0,6,9.5,10.692307692307692,6.0,11.8,0,0,247.0,0,-1.666666666666666,27,HUL,Renault,5.0,10.0,10.0,0.0,False,Finished
2019,Italian Grand Prix,14,26.0,10,11.153846153846153,10.0,51.0,5,10.5,11.76923076923077,8.0,9.6,0,0,242.0,0,7.0,23,ALB,Red Bull Racing,6.0,8.0,8.0,0.0,False,Finished
2019,Italian Grand Prix,14,21.0,13,11.76923076923077,7.0,40.0,7,18.0,12.307692307692308,18.0,13.0,0,0,247.0,0,1.0,11,PER,Racing Point,7.0,6.0,6.0,0.0,False,Finished
2019,Italian Grand Prix,14,181.0,3,4.615384615384615,5.0,254.0,3,6.5,4.0,19.0,5.8,4,4,87.0,0,-4.333333333333334,33,VER,Red Bull Racing,8.0,4.0,4.0,0.0,False,Finished
2019,Italian Grand Prix,14,1.0,18,14.923076923076923,10.0,32.0,8,15.0,14.461538461538462,10.0,15.4,0,0,267.0,0,-1.666666666666666,99,GIO,Alfa Romeo Racing,9.0,2.0,2.0,0.0,False,+1 Lap
2019,Italian Grand Prix,14,24.0,11,12.23076923076923,10.0,82.0,4,11.0,9.538461538461538,16.0,11.0,0,0,244.0,0,-4.0,4,NOR,McLaren,10.0,1.0,1.0,0.0,False,+1 Lap
2019,Italian Grand Prix,14,65.0,6,8.538461538461538,14.0,254.0,3,6.5,7.6923076923076925,17.0,8.0,0,0,203.0,0,-2.666666666666666,10,GAS,Toro Rosso,11.0,0.0,0.0,0.0,False,+1 Lap
2019,Italian Grand Prix,14,19.0,15,12.23076923076923,9.0,40.0,7,18.0,16.23076923076923,9.0,11.6,0,0,249.0,0,3.0,18,STR,Racing Point,12.0,0.0,0.0,0.0,False,+1 Lap
2019,Italian Grand Prix,14,169.0,4,4.384615384615385,4.0,326.0,2,3.0,5.230769230769231,4.0,5.8,5,5,99.0,0,5.333333333333334,5,VET,Ferrari,13.0,0.0,0.0,0.0,False,+1 Lap
2019,Italian Grand Prix,14,0.0,20,15.615384615384615,10.0,1.0,10,16.5,16.307692307692307,14.0,14.8,0,0,268.0,0,3.0,63,RUS,Williams,14.0,0.0,0.0,0.0,False,+1 Lap
2019,Italian Grand Prix,14,31.0,9,10.692307692307692,2.0,32.0,8,15.0,9.615384615384615,0.0,10.4,1,1,237.0,0,-3.666666666666666,7,RAI,Alfa Romeo Racing,15.0,0.0,0.0,0.0,False,+1 Lap
2019,Italian Grand Prix,14,8.0,17,15.076923076923077,20.0,26.0,9,13.0,10.76923076923077,13.0,15.0,0,0,260.0,0,4.999999999999998,8,GRO,Haas F1 Team,16.0,0.0,0.0,0.0,False,+1 Lap
2019,Italian Grand Prix,14,1.0,18,16.846153846153847,10.0,1.0,10,16.5,15.846153846153847,15.0,16.2,0,0,267.0,0,2.333333333333334,88,KUB,Williams,17.0,0.0,0.0,0.0,False,+2 Laps
2019,Italian Grand Prix,14,18.0,16,13.23076923076923,16.0,26.0,9,13.0,9.384615384615385,11.0,14.4,0,0,250.0,0,7.666666666666668,20,MAG,Haas F1 Team,18.0,0.0,0.0,0.0,False,Hydraulics
2019,Italian Grand Prix,14,33.0,8,11.615384615384615,10.0,51.0,5,10.5,13.153846153846153,12.0,10.2,0,0,235.0,0,5.0,26,KVY,Toro Rosso,19.0,0.0,0.0,0.0,False,Engine
2019,Italian Grand Prix,14,58.0,7,10.307692307692308,8.0,82.0,4,11.0,11.384615384615385,7.0,8.6,0,0,210.0,0,-2.999999999999999,55,SAI,McLaren,20.0,0.0,0.0,0.0,False,Wheel
2019,Singapore Grand Prix,15,169.0,5,5.0,3.0,351.0,2,4.0,5.142857142857143,3.0,7.6,5,5,115.0,1,0.6666666666666661,5,VET,Ferrari,1.0,25.0,25.0,0.0,False,Finished
2019,Singapore Grand Prix,15,182.0,4,5.5,9.0,351.0,2,4.0,4.571428571428571,1.0,5.2,2,2,102.0,1,5.333333333333333,16,LEC,Ferrari,2.0,18.0,18.0,0.0,False,Finished
2019,Singapore Grand Prix,15,185.0,3,4.857142857142857,2.0,266.0,3,4.0,5.071428571428571,4.0,7.2,4,4,99.0,1,-7.666666666666666,33,VER,Red Bull Racing,3.0,15.0,15.0,0.0,False,Finished
2019,Singapore Grand Prix,15,284.0,1,2.2142857142857144,1.0,505.0,1,2.5,2.0714285714285716,2.0,3.2,19,19,0.0,1,3.0,44,HAM,Mercedes,4.0,12.0,12.0,0.0,False,Finished
2019,Singapore Grand Prix,15,221.0,2,3.5714285714285716,4.0,505.0,1,2.5,2.5,5.0,6.0,2,2,63.0,1,2.333333333333334,77,BOT,Mercedes,5.0,10.0,10.0,0.0,False,Finished
2019,Singapore Grand Prix,15,34.0,8,10.785714285714286,10.0,51.0,6,10.0,11.5,6.0,7.8,0,0,250.0,1,4.0,23,ALB,Red Bull Racing,6.0,8.0,8.0,0.0,False,Finished
2019,Singapore Grand Prix,15,25.0,14,12.071428571428571,10.0,83.0,4,9.5,10.0,9.0,11.8,0,0,259.0,1,1.666666666666666,4,NOR,McLaren,7.0,6.0,6.0,0.0,False,Finished
2019,Singapore Grand Prix,15,65.0,6,8.714285714285714,13.0,266.0,3,4.0,8.357142857142858,11.0,8.8,0,0,219.0,1,-0.33333333333333215,10,GAS,Toro Rosso,8.0,4.0,4.0,0.0,False,Finished
2019,Singapore Grand Prix,15,31.0,11,11.642857142857142,10.0,65.0,5,9.0,10.357142857142858,8.0,10.2,0,0,253.0,1,4.666666666666666,27,HUL,Renault,9.0,2.0,2.0,0.0,False,Finished
2019,Singapore Grand Prix,15,3.0,18,14.5,10.0,34.0,8,18.0,14.142857142857142,10.0,15.2,0,0,281.0,1,-1.333333333333334,99,GIO,Alfa Romeo Racing,10.0,1.0,1.0,0.0,False,Finished
2019,Singapore Grand Prix,15,8.0,17,15.142857142857142,15.0,26.0,9,15.0,10.928571428571429,17.0,15.0,0,0,276.0,1,-2.333333333333332,8,GRO,Haas F1 Team,11.0,0.0,0.0,0.0,False,Finished
2019,Singapore Grand Prix,15,58.0,7,11.0,8.0,83.0,4,9.5,11.071428571428571,7.0,11.0,0,0,226.0,1,-8.333333333333332,55,SAI,McLaren,12.0,0.0,0.0,0.0,False,Finished
2019,Singapore Grand Prix,15,19.0,15,12.214285714285714,14.0,46.0,7,16.5,15.714285714285714,16.0,11.2,0,0,265.0,1,-2.666666666666666,18,STR,Racing Point,13.0,0.0,0.0,0.0,False,Finished
2019,Singapore Grand Prix,15,34.0,8,12.285714285714286,6.0,65.0,5,9.0,9.785714285714286,20.0,11.6,2,2,250.0,1,2.0,3,RIC,Renault,14.0,0.0,0.0,0.0,False,Finished
2019,Singapore Grand Prix,15,33.0,10,12.142857142857142,10.0,51.0,6,10.0,13.071428571428571,14.0,10.6,0,0,251.0,1,-4.0,26,KVY,Toro Rosso,15.0,0.0,0.0,0.0,False,Finished
2019,Singapore Grand Prix,15,1.0,19,16.857142857142858,10.0,1.0,10,16.5,15.785714285714286,19.0,15.6,0,0,283.0,1,-2.666666666666668,88,KUB,Williams,16.0,0.0,0.0,0.0,False,Finished
2019,Singapore Grand Prix,15,18.0,16,13.571428571428571,18.0,26.0,9,15.0,9.5,13.0,14.2,0,0,266.0,1,1.3333333333333321,20,MAG,Haas F1 Team,17.0,0.0,0.0,0.0,False,Finished
2019,Singapore Grand Prix,15,31.0,11,11.0,5.0,34.0,8,18.0,8.928571428571429,12.0,11.6,1,1,253.0,1,-3.0,7,RAI,Alfa Romeo Racing,18.0,0.0,0.0,0.0,False,Collision
2019,Singapore Grand Prix,15,27.0,13,11.428571428571429,16.0,46.0,7,16.5,12.714285714285714,15.0,12.2,0,0,257.0,1,8.0,11,PER,Racing Point,19.0,0.0,0.0,0.0,False,Engine
2019,Singapore Grand Prix,15,0.0,20,15.5,10.0,1.0,10,16.5,16.142857142857142,18.0,14.0,0,0,284.0,1,-0.6666666666666661,63,RUS,Williams,20.0,0.0,0.0,0.0,False,Collision
2019,Russian Grand Prix,16,296.0,1,2.3333333333333335,1.0,527.0,1,1.5,2.066666666666667,2.0,3.8,19,19,0.0,0,0.6666666666666665,44,HAM,Mercedes,1.0,25.0,25.0,0.0,False,Finished
2019,Russian Grand Prix,16,231.0,2,3.6666666666666665,2.0,527.0,1,1.5,2.6666666666666665,4.0,6.6,2,2,65.0,0,5.0,77,BOT,Mercedes,2.0,18.0,18.0,0.0,False,Finished
2019,Russian Grand Prix,16,200.0,3,5.266666666666667,7.0,394.0,2,3.5,4.333333333333333,1.0,5.0,2,2,96.0,0,6.666666666666667,16,LEC,Ferrari,3.0,15.0,15.0,0.0,False,Finished
2019,Russian Grand Prix,16,200.0,3,4.733333333333333,5.0,289.0,3,5.5,5.0,9.0,6.8,4,4,96.0,0,-7.666666666666668,33,VER,Red Bull Racing,4.0,12.0,12.0,0.0,False,Finished
2019,Russian Grand Prix,16,42.0,8,10.466666666666667,10.0,55.0,6,9.5,11.133333333333333,0.0,6.6,0,0,254.0,0,3.666666666666667,23,ALB,Red Bull Racing,5.0,10.0,10.0,0.0,False,Finished
2019,Russian Grand Prix,16,58.0,7,11.066666666666666,17.0,89.0,4,10.0,10.8,5.0,12.2,0,0,238.0,0,-11.666666666666668,55,SAI,McLaren,6.0,8.0,8.0,0.0,False,Finished
2019,Russian Grand Prix,16,27.0,14,11.933333333333334,10.0,46.0,7,15.0,12.866666666666667,11.0,12.6,0,0,269.0,0,5.333333333333334,11,PER,Racing Point,7.0,6.0,6.0,0.0,False,Finished
2019,Russian Grand Prix,16,31.0,12,11.733333333333333,10.0,89.0,4,10.0,9.933333333333334,7.0,11.0,0,0,265.0,0,3.333333333333332,4,NOR,McLaren,8.0,4.0,4.0,0.0,False,Finished
2019,Russian Grand Prix,16,18.0,16,13.8,8.0,26.0,9,19.5,9.733333333333333,13.0,13.6,0,0,278.0,0,-2.0,20,MAG,Haas F1 Team,9.0,2.0,2.0,0.0,False,Finished
2019,Russian Grand Prix,16,33.0,10,11.466666666666667,12.0,67.0,5,9.5,10.2,6.0,10.0,0,0,263.0,0,5.333333333333333,27,HUL,Renault,10.0,1.0,1.0,0.0,False,Finished
2019,Russian Grand Prix,16,19.0,15,12.266666666666667,15.0,46.0,7,15.0,15.733333333333333,14.0,11.2,0,0,277.0,0,-0.33333333333333215,18,STR,Racing Point,11.0,0.0,0.0,0.0,False,Finished
2019,Russian Grand Prix,16,33.0,10,12.333333333333334,10.0,55.0,6,9.5,13.133333333333333,19.0,11.8,0,0,263.0,0,-4.666666666666666,26,KVY,Toro Rosso,12.0,0.0,0.0,0.0,False,Finished
2019,Russian Grand Prix,16,31.0,12,11.466666666666667,4.0,35.0,8,14.5,9.133333333333333,15.0,13.6,1,1,265.0,0,-7.333333333333332,7,RAI,Alfa Romeo Racing,13.0,0.0,0.0,0.0,False,Finished
2019,Russian Grand Prix,16,69.0,6,8.666666666666666,19.0,289.0,3,5.5,8.533333333333333,16.0,9.6,0,0,227.0,0,-1.333333333333334,10,GAS,Toro Rosso,14.0,0.0,0.0,0.0,False,Finished
2019,Russian Grand Prix,16,4.0,18,14.2,10.0,35.0,8,14.5,13.866666666666667,12.0,13.6,0,0,292.0,0,3.9999999999999982,99,GIO,Alfa Romeo Racing,15.0,0.0,0.0,0.0,False,Finished
2019,Russian Grand Prix,16,1.0,19,16.8,10.0,1.0,10,16.5,16.0,18.0,15.8,0,0,295.0,0,-2.0000000000000018,88,KUB,Williams,16.0,0.0,0.0,0.0,False,Brakes
2019,Russian Grand Prix,16,0.0,20,15.8,10.0,1.0,10,16.5,16.266666666666666,17.0,15.2,0,0,296.0,0,-2.666666666666666,63,RUS,Williams,17.0,0.0,0.0,0.0,False,Brakes
2019,Russian Grand Prix,16,194.0,5,4.733333333333333,3.0,394.0,2,3.5,5.0,3.0,4.6,6,6,102.0,0,1.0,5,VET,Ferrari,18.0,0.0,0.0,0.0,False,Power loss
2019,Russian Grand Prix,16,34.0,9,12.4,6.0,67.0,5,9.5,10.466666666666667,10.0,13.0,2,2,262.0,0,2.666666666666668,3,RIC,Renault,19.0,0.0,0.0,0.0,False,Collision
2019,Russian Grand Prix,16,8.0,17,14.866666666666667,11.0,26.0,9,19.5,11.333333333333334,8.0,13.4,0,0,288.0,0,2.0,8,GRO,Haas F1 Team,20.0,0.0,0.0,0.0,False,Collision
2019,Japanese Grand Prix,17,249.0,2,3.5625,2.0,571.0,1,1.5,2.75,3.0,4.0,2,2,73.0,0,5.666666666666666,77,BOT,Mercedes,1.0,25.0,25.0,0.0,False,Finished
2019,Japanese Grand Prix,17,194.0,5,5.5625,6.0,409.0,2,3.5,4.875,1.0,7.8,6,6,128.0,0,-7.666666666666666,5,VET,Ferrari,2.0,18.0,18.0,0.0,False,Finished
2019,Japanese Grand Prix,17,322.0,1,2.25,1.0,571.0,1,1.5,2.0625,4.0,2.2,20,20,0.0,0,1.3333333333333335,44,HAM,Mercedes,3.0,15.0,15.0,0.0,False,Finished
2019,Japanese Grand Prix,17,52.0,8,10.125,10.0,55.0,6,14.5,10.4375,6.0,6.4,0,0,270.0,0,1.333333333333333,23,ALB,Red Bull Racing,4.0,12.0,12.0,0.0,False,Finished
2019,Japanese Grand Prix,17,66.0,7,10.75,10.0,101.0,4,8.0,10.4375,7.0,12.4,0,0,256.0,0,-3.0,55,SAI,McLaren,5.0,10.0,10.0,0.0,False,Finished
2019,Japanese Grand Prix,17,215.0,3,5.125,18.0,409.0,2,3.5,4.125,2.0,2.2,2,2,107.0,0,5.333333333333333,16,LEC,Ferrari,6.0,8.0,8.0,0.0,False,+1 Lap
2019,Japanese Grand Prix,17,69.0,6,9.0,11.0,311.0,3,5.5,9.0,9.0,9.6,0,0,253.0,0,-1.333333333333334,10,GAS,Toro Rosso,7.0,6.0,6.0,0.0,False,+1 Lap
2019,Japanese Grand Prix,17,33.0,12,11.625,7.0,52.0,7,14.5,12.75,17.0,10.0,0,0,289.0,0,1.333333333333334,11,PER,Racing Point,8.0,4.0,4.0,0.0,False,+1 Lap
2019,Japanese Grand Prix,17,19.0,16,12.1875,17.0,52.0,7,14.5,15.625,12.0,12.6,0,0,303.0,0,-1.666666666666666,18,STR,Racing Point,9.0,2.0,2.0,0.0,False,+1 Lap
2019,Japanese Grand Prix,17,33.0,12,12.3125,10.0,55.0,6,14.5,13.5,14.0,13.6,0,0,289.0,0,-7.0,26,KVY,Toro Rosso,10.0,1.0,1.0,0.0,False,+1 Lap
2019,Japanese Grand Prix,17,35.0,9,11.5,10.0,101.0,4,8.0,9.75,8.0,9.0,0,0,287.0,0,4.333333333333332,4,NOR,McLaren,11.0,0.0,0.0,0.0,False,+1 Lap
2019,Japanese Grand Prix,17,31.0,14,11.5625,5.0,35.0,8,15.0,9.5,13.0,13.8,1,1,291.0,0,-3.666666666666668,7,RAI,Alfa Romeo Racing,12.0,0.0,0.0,0.0,False,+1 Lap
2019,Japanese Grand Prix,17,8.0,17,15.1875,8.0,28.0,9,12.0,11.125,10.0,16.0,0,0,314.0,0,-2.333333333333332,8,GRO,Haas F1 Team,13.0,0.0,0.0,0.0,False,+1 Lap
2019,Japanese Grand Prix,17,4.0,18,14.25,10.0,35.0,8,15.0,13.75,11.0,14.0,0,0,318.0,0,4.999999999999998,99,GIO,Alfa Romeo Racing,14.0,0.0,0.0,0.0,False,+1 Lap
2019,Japanese Grand Prix,17,20.0,15,13.5,20.0,28.0,9,12.0,9.9375,19.0,13.8,0,0,302.0,0,-3.666666666666666,20,MAG,Haas F1 Team,15.0,0.0,0.0,0.0,False,+1 Lap
2019,Japanese Grand Prix,17,0.0,20,15.875,10.0,1.0,10,16.5,16.3125,18.0,16.4,0,0,322.0,0,-3.0,63,RUS,Williams,16.0,0.0,0.0,0.0,False,+2 Laps
2019,Japanese Grand Prix,17,1.0,19,16.75,10.0,1.0,10,16.5,16.125,0.0,17.0,0,0,321.0,0,-0.9999999999999982,88,KUB,Williams,17.0,0.0,0.0,0.0,False,+2 Laps
2019,Japanese Grand Prix,17,212.0,4,4.6875,3.0,311.0,3,5.5,5.25,5.0,7.4,4,4,110.0,0,2.666666666666667,33,VER,Red Bull Racing,18.0,0.0,0.0,0.0,False,Brakes
2019,Japanese Grand Prix,17,34.0,10,12.8125,4.0,68.0,5,14.0,10.4375,16.0,13.0,2,2,288.0,0,3.333333333333332,3,RIC,Renault,19.0,0.0,0.0,0.0,True,Disqualified
2019,Japanese Grand Prix,17,34.0,10,11.375,19.0,68.0,5,14.0,9.9375,15.0,8.8,0,0,288.0,0,4.0,27,HUL,Renault,20.0,0.0,0.0,0.0,True,Disqualified
2019,Mexican Grand Prix,18,338.0,1,2.2941176470588234,4.0,612.0,1,2.5,2.176470588235294,3.0,2.6,20,20,0.0,0,-0.6666666666666665,44,HAM,Mercedes,1.0,25.0,25.0,0.0,False,Finished
2019,Mexican Grand Prix,18,212.0,4,5.352941176470588,2.0,435.0,2,9.0,4.647058823529412,2.0,7.6,6,6,126.0,0,-0.33333333333333304,5,VET,Ferrari,2.0,18.0,18.0,0.0,False,Finished
2019,Mexican Grand Prix,18,274.0,2,3.411764705882353,5.0,612.0,1,2.5,2.764705882352941,6.0,2.6,3,3,64.0,0,1.6666666666666665,77,BOT,Mercedes,3.0,15.0,15.0,0.0,False,Finished
2019,Mexican Grand Prix,18,223.0,3,5.176470588235294,7.0,435.0,2,9.0,4.0,1.0,2.6,2,2,115.0,0,-1.6666666666666665,16,LEC,Ferrari,4.0,12.0,12.0,0.0,False,Finished
2019,Mexican Grand Prix,18,64.0,8,9.764705882352942,10.0,62.0,6,14.0,10.176470588235293,5.0,5.2,0,0,274.0,0,2.0,23,ALB,Red Bull Racing,5.0,10.0,10.0,0.0,False,Finished
2019,Mexican Grand Prix,18,212.0,4,5.470588235294118,1.0,323.0,3,4.5,5.235294117647059,4.0,10.6,4,4,126.0,0,1.666666666666666,33,VER,Red Bull Racing,6.0,8.0,8.0,0.0,False,Finished
2019,Mexican Grand Prix,18,37.0,9,11.411764705882353,18.0,58.0,7,12.0,13.0,11.0,9.4,0,0,301.0,0,-3.333333333333334,11,PER,Racing Point,7.0,6.0,6.0,0.0,False,Finished
2019,Mexican Grand Prix,18,34.0,11,13.176470588235293,17.0,68.0,5,12.5,10.764705882352942,13.0,14.0,2,2,304.0,0,-6.666666666666666,3,RIC,Renault,8.0,4.0,4.0,0.0,False,Finished
2019,Mexican Grand Prix,18,75.0,7,8.882352941176471,10.0,323.0,3,4.5,9.0,10.0,9.8,0,0,263.0,0,-1.0,10,GAS,Toro Rosso,9.0,2.0,2.0,0.0,False,+1 Lap
2019,Mexican Grand Prix,18,34.0,11,11.882352941176471,6.0,68.0,5,12.5,10.235294117647058,12.0,10.4,0,0,304.0,0,-4.666666666666666,27,HUL,Renault,10.0,1.0,1.0,0.0,False,+1 Lap
2019,Mexican Grand Prix,18,34.0,11,12.176470588235293,10.0,62.0,6,14.0,13.529411764705882,9.0,12.6,0,0,304.0,0,1.3333333333333321,26,KVY,Toro Rosso,11.0,0.0,0.0,0.0,False,+1 Lap
2019,Mexican Grand Prix,18,21.0,15,12.0,12.0,58.0,7,12.0,15.411764705882353,16.0,11.0,0,0,317.0,0,2.0,18,STR,Racing Point,12.0,0.0,0.0,0.0,False,+1 Lap
2019,Mexican Grand Prix,18,76.0,6,10.411764705882353,19.0,111.0,4,8.0,10.235294117647058,7.0,12.4,0,0,262.0,0,6.999999999999999,55,SAI,McLaren,13.0,0.0,0.0,0.0,False,+1 Lap
2019,Mexican Grand Prix,18,4.0,18,14.235294117647058,10.0,35.0,8,15.5,13.588235294117647,15.0,13.2,0,0,334.0,0,2.0,99,GIO,Alfa Romeo Racing,14.0,0.0,0.0,0.0,False,+1 Lap
2019,Mexican Grand Prix,18,20.0,16,13.588235294117647,15.0,28.0,9,14.5,10.470588235294118,17.0,14.2,0,0,318.0,0,0.6666666666666679,20,MAG,Haas F1 Team,15.0,0.0,0.0,0.0,False,+2 Laps
2019,Mexican Grand Prix,18,0.0,20,15.882352941176471,10.0,1.0,10,12.5,16.41176470588235,19.0,16.4,0,0,338.0,0,-2.666666666666668,63,RUS,Williams,16.0,0.0,0.0,0.0,False,+2 Laps
2019,Mexican Grand Prix,18,8.0,17,15.058823529411764,16.0,28.0,9,14.5,11.058823529411764,18.0,14.6,0,0,330.0,0,1.666666666666666,8,GRO,Haas F1 Team,17.0,0.0,0.0,0.0,False,+2 Laps
2019,Mexican Grand Prix,18,1.0,19,16.764705882352942,10.0,1.0,10,12.5,15.176470588235293,20.0,16.6,0,0,337.0,0,1.3333333333333357,88,KUB,Williams,18.0,0.0,0.0,0.0,False,+2 Laps
2019,Mexican Grand Prix,18,31.0,14,11.588235294117647,3.0,35.0,8,15.5,9.705882352941176,14.0,14.8,1,1,307.0,0,-1.6666666666666679,7,RAI,Alfa Romeo Racing,19.0,0.0,0.0,0.0,False,Overheating
2019,Mexican Grand Prix,18,35.0,10,11.470588235294118,10.0,111.0,4,8.0,9.647058823529411,8.0,9.4,0,0,303.0,0,1.333333333333334,4,NOR,McLaren,20.0,0.0,0.0,0.0,False,Withdrew
2019,United States Grand Prix,19,289.0,2,3.388888888888889,5.0,652.0,1,2.5,2.9444444444444446,1.0,2.6,3,3,74.0,0,1.3333333333333335,77,BOT,Mercedes,1.0,25.0,25.0,0.0,False,Finished
2019,United States Grand Prix,19,363.0,1,2.2222222222222223,3.0,652.0,1,2.5,2.2222222222222223,5.0,2.4,21,21,0.0,0,1.3333333333333333,44,HAM,Mercedes,2.0,18.0,18.0,0.0,False,Finished
2019,United States Grand Prix,19,220.0,5,5.5,2.0,341.0,3,9.0,5.166666666666667,3.0,7.8,4,4,143.0,0,1.0,33,VER,Red Bull Racing,3.0,15.0,15.0,0.0,False,Finished
2019,United States Grand Prix,19,236.0,3,5.111111111111111,15.0,466.0,2,4.0,3.8333333333333335,4.0,3.2,2,2,127.0,0,-3.0,16,LEC,Ferrari,4.0,12.0,12.0,0.0,False,Finished
2019,United States Grand Prix,19,74.0,8,9.5,10.0,64.0,6,10.5,9.88888888888889,6.0,5.2,0,0,289.0,0,1.0,23,ALB,Red Bull Racing,5.0,10.0,10.0,0.0,False,Finished
2019,United States Grand Prix,19,38.0,10,12.88888888888889,16.0,73.0,5,13.5,10.88888888888889,9.0,12.8,2,2,325.0,0,-4.666666666666668,3,RIC,Renault,6.0,8.0,8.0,0.0,False,Finished
2019,United States Grand Prix,19,35.0,11,11.944444444444445,10.0,111.0,4,6.5,9.555555555555555,8.0,11.2,0,0,328.0,0,-3.666666666666666,4,NOR,McLaren,7.0,6.0,6.0,0.0,False,Finished
2019,United States Grand Prix,19,76.0,7,10.555555555555555,7.0,111.0,4,6.5,10.055555555555555,7.0,11.2,0,0,287.0,0,9.0,55,SAI,McLaren,8.0,4.0,4.0,0.0,False,+1 Lap
2019,United States Grand Prix,19,35.0,11,11.777777777777779,6.0,73.0,5,13.5,10.333333333333334,11.0,10.8,0,0,328.0,0,-6.000000000000001,27,HUL,Renault,9.0,2.0,2.0,0.0,False,+1 Lap
2019,United States Grand Prix,19,43.0,9,11.166666666666666,8.0,64.0,7,12.5,12.88888888888889,0.0,9.6,0,0,320.0,0,3.333333333333333,11,PER,Racing Point,10.0,1.0,1.0,0.0,False,+1 Lap
2019,United States Grand Prix,19,31.0,14,12.0,1.0,35.0,8,18.5,9.944444444444445,17.0,15.4,1,1,332.0,0,1.666666666666666,7,RAI,Alfa Romeo Racing,11.0,0.0,0.0,0.0,False,+1 Lap
2019,United States Grand Prix,19,34.0,13,12.11111111111111,10.0,64.0,6,10.5,13.277777777777779,13.0,13.4,0,0,329.0,0,2.666666666666666,26,KVY,Toro Rosso,12.0,0.0,0.0,0.0,False,+1 Lap
2019,United States Grand Prix,19,21.0,15,12.0,14.0,64.0,7,12.5,15.444444444444445,14.0,11.4,0,0,342.0,0,1.0,18,STR,Racing Point,13.0,0.0,0.0,0.0,False,+1 Lap
2019,United States Grand Prix,19,4.0,18,14.222222222222221,10.0,35.0,8,18.5,13.666666666666666,16.0,12.4,0,0,359.0,0,-2.0,99,GIO,Alfa Romeo Racing,14.0,0.0,0.0,0.0,False,+1 Lap
2019,United States Grand Prix,19,8.0,17,15.166666666666666,17.0,28.0,9,14.5,11.444444444444445,15.0,15.4,0,0,355.0,0,-3.333333333333334,8,GRO,Haas F1 Team,15.0,0.0,0.0,0.0,False,+1 Lap
2019,United States Grand Prix,19,77.0,6,8.88888888888889,12.0,341.0,3,9.0,9.055555555555555,10.0,9.8,0,0,286.0,0,-0.6666666666666661,10,GAS,Toro Rosso,16.0,0.0,0.0,0.0,False,Suspension
2019,United States Grand Prix,19,0.0,20,15.88888888888889,10.0,1.0,10,13.5,16.555555555555557,18.0,16.6,0,0,363.0,0,0.0,63,RUS,Williams,17.0,0.0,0.0,0.0,False,+2 Laps
2019,United States Grand Prix,19,20.0,16,13.666666666666666,20.0,28.0,9,14.5,10.833333333333334,12.0,14.8,0,0,343.0,0,2.666666666666666,20,MAG,Haas F1 Team,18.0,0.0,0.0,0.0,False,Brakes
2019,United States Grand Prix,19,1.0,19,16.833333333333332,10.0,1.0,10,13.5,15.444444444444445,19.0,16.8,0,0,362.0,0,-0.33333333333333215,88,KUB,Williams,19.0,0.0,0.0,0.0,False,Oil leak
2019,United States Grand Prix,19,230.0,4,5.166666666666667,4.0,466.0,2,4.0,4.5,2.0,7.2,6,6,133.0,0,-1.333333333333333,5,VET,Ferrari,20.0,0.0,0.0,0.0,False,Suspension
2019,Brazilian Grand Prix,20,235.0,4,5.368421052631579,2.0,366.0,3,4.5,5.052631578947368,1.0,6.8,4,4,146.0,0,-4.0,33,VER,Red Bull Racing,1.0,25.0,25.0,0.0,False,Finished
2019,Brazilian Grand Prix,20,77.0,8,9.263157894736842,13.0,366.0,3,4.5,9.105263157894736,6.0,10.8,0,0,304.0,0,0.3333333333333339,10,GAS,Toro Rosso,2.0,18.0,18.0,0.0,False,Finished
2019,Brazilian Grand Prix,20,80.0,7,10.421052631578947,12.0,121.0,4,8.5,9.894736842105264,20.0,8.8,0,0,301.0,0,4.0,55,SAI,McLaren,3.0,15.0,15.0,0.0,False,Finished
2019,Brazilian Grand Prix,20,31.0,14,11.947368421052632,3.0,35.0,8,15.5,10.31578947368421,8.0,14.6,1,1,350.0,0,1.333333333333334,7,RAI,Alfa Romeo Racing,4.0,12.0,12.0,0.0,False,Finished
2019,Brazilian Grand Prix,20,4.0,18,14.210526315789474,10.0,35.0,8,15.5,13.789473684210526,12.0,13.4,0,0,377.0,0,-2.666666666666666,99,GIO,Alfa Romeo Racing,5.0,10.0,10.0,0.0,False,Finished
2019,Brazilian Grand Prix,20,46.0,9,12.526315789473685,4.0,83.0,5,13.5,10.789473684210526,11.0,13.2,2,2,335.0,0,1.333333333333334,3,RIC,Renault,6.0,8.0,8.0,0.0,False,Finished
2019,Brazilian Grand Prix,20,381.0,1,2.210526315789474,1.0,695.0,1,3.0,2.3684210526315788,3.0,2.2,21,21,0.0,0,0.6666666666666665,44,HAM,Mercedes,7.0,6.0,6.0,0.0,False,Finished
2019,Brazilian Grand Prix,20,41.0,11,11.68421052631579,10.0,121.0,4,8.5,9.473684210526315,10.0,10.6,0,0,340.0,0,-4.333333333333332,4,NOR,McLaren,8.0,4.0,4.0,0.0,False,Finished
2019,Brazilian Grand Prix,20,44.0,10,11.105263157894736,10.0,65.0,6,12.5,12.210526315789474,15.0,10.2,0,0,337.0,0,2.666666666666666,11,PER,Racing Point,9.0,2.0,2.0,0.0,False,Finished
2019,Brazilian Grand Prix,20,34.0,13,12.105263157894736,10.0,64.0,7,15.5,13.263157894736842,16.0,12.0,0,0,347.0,0,4.333333333333334,26,KVY,Toro Rosso,10.0,1.0,1.0,0.0,False,Finished
2019,Brazilian Grand Prix,20,20.0,16,13.894736842105264,9.0,28.0,9,12.0,10.894736842105264,9.0,14.8,0,0,361.0,0,-1.333333333333334,20,MAG,Haas F1 Team,11.0,0.0,0.0,0.0,False,Finished
2019,Brazilian Grand Prix,20,0.0,20,15.947368421052632,10.0,1.0,10,17.0,16.63157894736842,18.0,17.2,0,0,381.0,0,0.6666666666666679,63,RUS,Williams,12.0,0.0,0.0,0.0,False,Finished
2019,Brazilian Grand Prix,20,8.0,17,15.157894736842104,8.0,28.0,9,12.0,11.631578947368421,7.0,15.2,0,0,373.0,0,0.6666666666666661,8,GRO,Haas F1 Team,13.0,0.0,0.0,0.0,False,Finished
2019,Brazilian Grand Prix,20,84.0,6,9.263157894736842,10.0,64.0,7,15.5,9.68421052631579,5.0,5.0,0,0,297.0,0,1.0,23,ALB,Red Bull Racing,14.0,0.0,0.0,0.0,False,Finished
2019,Brazilian Grand Prix,20,37.0,12,11.631578947368421,19.0,83.0,5,13.5,10.368421052631579,13.0,11.6,0,0,344.0,0,-5.0,27,HUL,Renault,15.0,0.0,0.0,0.0,False,Finished
2019,Brazilian Grand Prix,20,1.0,19,16.94736842105263,10.0,1.0,10,17.0,15.631578947368421,19.0,17.2,0,0,380.0,0,-1.6666666666666679,88,KUB,Williams,16.0,0.0,0.0,0.0,False,+1 Lap
2019,Brazilian Grand Prix,20,230.0,5,5.947368421052632,6.0,479.0,2,3.0,4.368421052631579,2.0,8.6,6,6,151.0,0,2.666666666666666,5,VET,Ferrari,17.0,0.0,0.0,0.0,False,Collision
2019,Brazilian Grand Prix,20,249.0,3,5.052631578947368,7.0,479.0,2,3.0,3.8421052631578947,14.0,3.8,2,2,132.0,0,-2.666666666666667,16,LEC,Ferrari,18.0,0.0,0.0,0.0,False,Collision
2019,Brazilian Grand Prix,20,21.0,15,12.052631578947368,18.0,65.0,6,12.5,15.368421052631579,17.0,11.6,0,0,360.0,0,0.6666666666666661,18,STR,Racing Point,19.0,0.0,0.0,0.0,False,Suspension
2019,Brazilian Grand Prix,20,314.0,2,3.263157894736842,5.0,695.0,1,3.0,2.8421052631578947,4.0,2.4,4,4,67.0,0,1.3333333333333333,77,BOT,Mercedes,20.0,0.0,0.0,0.0,False,Power Unit
2019,Abu Dhabi Grand Prix,21,387.0,1,2.45,1.0,701.0,1,3.0,2.4,1.0,2.8,21,21,0.0,0,-0.666666666666667,44,HAM,Mercedes,1.0,25.0,25.0,0.0,False,Finished
2019,Abu Dhabi Grand Prix,21,260.0,3,5.15,3.0,391.0,3,10.5,4.85,2.0,6.4,5,5,127.0,0,5.0,33,VER,Red Bull Racing,2.0,18.0,18.0,0.0,False,Finished
2019,Abu Dhabi Grand Prix,21,249.0,4,5.7,7.0,479.0,2,3.5,4.35,3.0,7.0,2,2,138.0,0,-5.0,16,LEC,Ferrari,3.0,15.0,15.0,0.0,False,Finished
2019,Abu Dhabi Grand Prix,21,314.0,2,4.1,5.0,701.0,1,3.0,2.9,20.0,5.4,4,4,73.0,0,-5.333333333333334,77,BOT,Mercedes,4.0,12.0,12.0,0.0,False,Finished
2019,Abu Dhabi Grand Prix,21,230.0,5,6.5,2.0,479.0,2,3.5,4.25,4.0,11.8,6,6,157.0,0,-6.0,5,VET,Ferrari,5.0,10.0,10.0,0.0,False,Finished
2019,Abu Dhabi Grand Prix,21,84.0,8,9.5,10.0,83.0,6,12.5,9.45,5.0,6.6,0,0,303.0,0,-3.0,23,ALB,Red Bull Racing,6.0,8.0,8.0,0.0,False,Finished
2019,Abu Dhabi Grand Prix,21,46.0,10,11.0,8.0,67.0,7,9.5,12.35,10.0,8.2,0,0,341.0,0,2.666666666666668,11,PER,Racing Point,7.0,6.0,6.0,0.0,False,+1 Lap
2019,Abu Dhabi Grand Prix,21,45.0,11,11.5,10.0,140.0,4,13.0,9.5,6.0,10.8,0,0,342.0,0,-3.0,4,NOR,McLaren,8.0,4.0,4.0,0.0,False,+1 Lap
2019,Abu Dhabi Grand Prix,21,35.0,14,12.0,10.0,83.0,6,12.5,13.4,13.0,11.0,0,0,352.0,0,1.333333333333334,26,KVY,Toro Rosso,9.0,2.0,2.0,0.0,False,+1 Lap
2019,Abu Dhabi Grand Prix,21,95.0,6,10.05,6.0,140.0,4,13.0,10.4,8.0,7.0,0,0,292.0,0,-0.33333333333333304,55,SAI,McLaren,10.0,1.0,1.0,0.0,False,+1 Lap
2019,Abu Dhabi Grand Prix,21,54.0,9,12.2,4.0,91.0,5,12.5,10.8,7.0,11.6,2,2,333.0,0,10.666666666666664,3,RIC,Renault,11.0,0.0,0.0,0.0,False,+1 Lap
2019,Abu Dhabi Grand Prix,21,37.0,13,11.8,20.0,91.0,5,12.5,10.5,9.0,12.8,0,0,350.0,0,1.666666666666666,27,HUL,Renault,12.0,0.0,0.0,0.0,False,+1 Lap
2019,Abu Dhabi Grand Prix,21,43.0,12,11.55,19.0,57.0,8,12.5,10.2,17.0,11.8,1,1,344.0,0,3.0,7,RAI,Alfa Romeo Racing,13.0,0.0,0.0,0.0,False,+1 Lap
2019,Abu Dhabi Grand Prix,21,20.0,16,13.75,10.0,28.0,9,14.0,10.8,14.0,13.6,0,0,367.0,0,-1.0,20,MAG,Haas F1 Team,14.0,0.0,0.0,0.0,False,+1 Lap
2019,Abu Dhabi Grand Prix,21,8.0,18,15.05,9.0,28.0,9,14.0,11.4,15.0,15.6,0,0,379.0,0,-0.3333333333333339,8,GRO,Haas F1 Team,15.0,0.0,0.0,0.0,False,+1 Lap
2019,Abu Dhabi Grand Prix,21,14.0,17,13.75,10.0,57.0,8,12.5,13.7,16.0,12.4,0,0,373.0,0,2.0,99,GIO,Alfa Romeo Racing,16.0,0.0,0.0,0.0,False,+1 Lap
2019,Abu Dhabi Grand Prix,21,0.0,20,15.75,10.0,1.0,10,14.0,16.7,18.0,15.6,0,0,387.0,0,2.666666666666668,63,RUS,Williams,17.0,0.0,0.0,0.0,False,+1 Lap
2019,Abu Dhabi Grand Prix,21,95.0,6,8.9,16.0,391.0,3,10.5,8.95,11.0,9.6,0,0,292.0,0,0.6666666666666661,10,GAS,Toro Rosso,18.0,0.0,0.0,0.0,False,+2 Laps
2019,Abu Dhabi Grand Prix,21,1.0,19,16.9,10.0,1.0,10,14.0,15.8,19.0,17.2,0,0,386.0,0,-1.3333333333333357,88,KUB,Williams,19.0,0.0,0.0,0.0,False,+2 Laps
2019,Abu Dhabi Grand Prix,21,21.0,15,12.4,13.0,67.0,7,9.5,15.45,12.0,12.8,0,0,366.0,0,-3.666666666666666,18,STR,Racing Point,20.0,0.0,0.0,0.0,False,Brakes
2020,Austrian Grand Prix,1,326.0,2,4.095238095238095,11.0,739.0,1,3.25,1.0,1.0,5.8,4,4,87.0,0,-6.333333333333334,77,BOT,Mercedes,1.0,25.0,25.0,0.0,False,Finished
2020,Austrian Grand Prix,1,264.0,4,5.571428571428571,5.5,504.0,2,6.25,7.0,7.0,7.0,2,2,149.0,0,-4.000000000000001,16,LEC,Ferrari,2.0,18.0,18.0,0.0,False,Finished
2020,Austrian Grand Prix,1,49.0,11,11.333333333333334,6.0,145.0,4,6.75,3.0,3.0,10.8,0,0,364.0,0,5.333333333333333,4,NOR,McLaren,3.0,15.0,15.0,0.0,False,Finished
2020,Austrian Grand Prix,1,413.0,1,2.380952380952381,10.5,739.0,1,3.25,5.0,5.0,2.8,22,22,0.0,0,-1.6666666666666667,44,HAM,Mercedes,4.0,12.0,12.0,0.0,False,Finished
2020,Austrian Grand Prix,1,96.0,6,10.047619047619047,10.0,145.0,4,6.75,8.0,8.0,7.8,0,0,317.0,0,1.0,55,SAI,McLaren,5.0,10.0,10.0,0.0,False,Finished
2020,Austrian Grand Prix,1,52.0,10,10.80952380952381,9.0,73.0,7,15.0,6.0,6.0,8.2,0,0,361.0,0,-1.333333333333333,11,PER,Racing Point,6.0,8.0,8.0,0.0,False,Finished
2020,Austrian Grand Prix,1,95.0,7,9.333333333333334,9.0,417.0,3,4.25,12.0,12.0,10.4,0,0,318.0,0,-2.0,10,GAS,AlphaTauri,7.0,6.0,6.0,0.0,False,Finished
2020,Austrian Grand Prix,1,0.0,20,,6.0,0.0,10,16.25,14.0,14.0,,0,0,413.0,0,0.0,31,OCO,Renault,8.0,4.0,4.0,0.0,False,Finished
2020,Austrian Grand Prix,1,14.0,17,13.857142857142858,10.0,57.0,8,14.25,18.0,18.0,12.6,0,0,399.0,0,2.666666666666668,99,GIO,Alfa Romeo Racing,9.0,2.0,2.0,0.0,False,Finished
2020,Austrian Grand Prix,1,240.0,5,6.428571428571429,3.5,504.0,2,6.25,11.0,11.0,9.2,6,6,173.0,0,-6.666666666666667,5,VET,Ferrari,10.0,1.0,1.0,0.0,False,Finished
2020,Austrian Grand Prix,1,0.0,20,,10.0,0.0,10,16.25,20.0,20.0,,0,0,413.0,0,0.0,6,LAT,Williams,11.0,0.0,0.0,0.0,False,Finished
2020,Austrian Grand Prix,1,37.0,13,11.857142857142858,17.0,85.0,6,13.5,13.0,13.0,10.4,0,0,376.0,0,0.6666666666666661,26,KVY,AlphaTauri,12.0,0.0,0.0,0.0,False,Suspension
2020,Austrian Grand Prix,1,92.0,8,9.333333333333334,15.0,85.0,6,13.5,4.0,4.0,6.8,0,0,321.0,0,-3.666666666666667,23,ALB,Red Bull Racing,13.0,0.0,0.0,0.0,False,Electronics
2020,Austrian Grand Prix,1,43.0,12,11.619047619047619,5.5,57.0,8,14.25,19.0,19.0,11.8,1,1,370.0,0,5.333333333333332,7,RAI,Alfa Romeo Racing,14.0,0.0,0.0,0.0,False,Wheel
2020,Austrian Grand Prix,1,0.0,20,15.80952380952381,18.0,1.0,10,16.25,17.0,17.0,15.6,0,0,413.0,0,0.9999999999999982,63,RUS,Williams,15.0,0.0,0.0,0.0,False,Fuel pressure
2020,Austrian Grand Prix,1,8.0,18,15.047619047619047,10.0,28.0,9,15.0,15.0,15.0,14.6,0,0,405.0,0,2.333333333333334,8,GRO,Haas F1 Team,16.0,0.0,0.0,0.0,False,Brakes
2020,Austrian Grand Prix,1,20.0,16,13.761904761904763,12.0,28.0,9,15.0,16.0,16.0,14.6,0,0,393.0,0,-1.333333333333334,20,MAG,Haas F1 Team,17.0,0.0,0.0,0.0,False,Brakes
2020,Austrian Grand Prix,1,21.0,15,12.761904761904763,14.0,73.0,7,15.0,9.0,9.0,14.6,0,0,392.0,0,-6.666666666666666,18,STR,Racing Point,18.0,0.0,0.0,0.0,False,Engine
2020,Austrian Grand Prix,1,54.0,9,12.142857142857142,15.0,91.0,5,10.5,10.0,10.0,10.0,2,2,359.0,0,7.666666666666667,3,RIC,Renault,19.0,0.0,0.0,0.0,False,Overheating
2020,Austrian Grand Prix,1,278.0,3,5.0,1.0,417.0,3,4.25,2.0,2.0,6.0,5,5,135.0,0,7.333333333333334,33,VER,Red Bull Racing,20.0,0.0,0.0,0.0,False,Electronics
2020,Styrian Grand Prix,2,12.0,4,4.0,10.0,37.0,1,3.5232558139534884,5.0,1.0,4.0,22,22,13.0,0,0.0,44,HAM,Mercedes,1.0,25.0,25.0,0.0,False,Finished
2020,Styrian Grand Prix,2,25.0,1,1.0,10.0,37.0,1,3.5232558139534884,1.0,4.0,1.0,5,5,0.0,0,0.0,77,BOT,Mercedes,2.0,18.0,18.0,0.0,False,Finished
2020,Styrian Grand Prix,2,0.0,11,20.0,10.0,0.0,9,7.174418604651163,2.0,2.0,20.0,5,5,25.0,0,0.0,33,VER,Red Bull Racing,3.0,15.0,15.0,0.0,False,Finished
2020,Styrian Grand Prix,2,0.0,11,13.0,10.0,0.0,9,7.174418604651163,4.0,6.0,13.0,0,0,25.0,0,0.0,23,ALB,Red Bull Racing,4.0,12.0,12.0,0.0,False,Finished
2020,Styrian Grand Prix,2,16.0,3,3.0,10.0,26.0,2,11.546511627906977,3.0,9.0,3.0,0,0,9.0,0,0.0,4,NOR,McLaren,5.0,10.0,10.0,0.0,False,Finished
2020,Styrian Grand Prix,2,8.0,6,6.0,10.0,8.0,4,11.612903225806452,6.0,17.0,6.0,0,0,17.0,0,0.0,11,PER,Racing Point,6.0,8.0,8.0,0.0,False,Finished
2020,Styrian Grand Prix,2,0.0,11,18.0,10.0,8.0,4,11.612903225806452,9.0,12.0,18.0,0,0,25.0,0,0.0,18,STR,Racing Point,7.0,6.0,6.0,0.0,False,Finished
2020,Styrian Grand Prix,2,0.0,11,19.0,10.0,4.0,6,11.569767441860465,10.0,8.0,19.0,2,2,25.0,0,0.0,3,RIC,Renault,8.0,4.0,4.0,0.0,False,Finished
2020,Styrian Grand Prix,2,10.0,5,5.0,10.0,26.0,2,11.546511627906977,8.0,3.0,5.0,0,0,15.0,0,0.0,55,SAI,McLaren,9.0,2.0,2.0,0.0,False,+1 Lap
2020,Styrian Grand Prix,2,0.0,11,12.0,10.0,6.0,5,9.5,13.0,13.0,12.0,0,0,25.0,0,0.0,26,KVY,AlphaTauri,10.0,1.0,1.0,0.0,False,+1 Lap
2020,Styrian Grand Prix,2,0.0,11,14.0,10.0,2.0,7,12.681818181818182,19.0,16.0,14.0,1,1,25.0,0,0.0,7,RAI,Alfa Romeo Racing,11.0,0.0,0.0,0.0,False,+1 Lap
2020,Styrian Grand Prix,2,0.0,11,17.0,10.0,0.0,8,13.267441860465116,16.0,15.0,17.0,0,0,25.0,0,0.0,20,MAG,Haas F1 Team,12.0,0.0,0.0,0.0,False,+1 Lap
2020,Styrian Grand Prix,2,0.0,11,16.0,10.0,0.0,8,13.267441860465116,15.0,0.0,16.0,0,0,25.0,0,0.0,8,GRO,Haas F1 Team,13.0,0.0,0.0,0.0,False,+1 Lap
2020,Styrian Grand Prix,2,2.0,9,9.0,10.0,2.0,7,12.681818181818182,18.0,19.0,9.0,0,0,23.0,0,0.0,99,GIO,Alfa Romeo Racing,14.0,0.0,0.0,0.0,False,+1 Lap
2020,Styrian Grand Prix,2,6.0,7,7.0,10.0,6.0,5,9.5,12.0,7.0,7.0,0,0,19.0,0,0.0,10,GAS,AlphaTauri,15.0,0.0,0.0,0.0,False,+1 Lap
2020,Styrian Grand Prix,2,0.0,11,15.0,10.0,0.0,10,15.593023255813954,17.0,11.0,15.0,0,0,25.0,0,0.0,63,RUS,Williams,16.0,0.0,0.0,0.0,False,+2 Laps
2020,Styrian Grand Prix,2,0.0,11,11.0,10.0,0.0,10,15.593023255813954,20.0,18.0,11.0,0,0,25.0,0,0.0,6,LAT,Williams,17.0,0.0,0.0,0.0,False,+2 Laps
2020,Styrian Grand Prix,2,4.0,8,8.0,10.0,4.0,6,11.569767441860465,14.0,5.0,8.0,0,0,21.0,0,0.0,31,OCO,Renault,18.0,0.0,0.0,0.0,False,Overheating
2020,Styrian Grand Prix,2,18.0,2,2.0,10.0,19.0,3,5.476744186046512,7.0,14.0,2.0,2,2,7.0,0,0.0,16,LEC,Ferrari,19.0,0.0,0.0,0.0,False,Collision damage
2020,Styrian Grand Prix,2,1.0,10,10.0,10.0,19.0,3,5.476744186046512,11.0,10.0,10.0,6,6,24.0,0,0.0,5,VET,Ferrari,20.0,0.0,0.0,0.0,False,Collision damage
2020,Hungarian Grand Prix,3,37.0,2,2.5,1.0,80.0,1,3.75,3.0,1.0,2.5,23,23,6.0,0,0.0,44,HAM,Mercedes,1.0,25.0,25.0,0.0,False,Finished
2020,Hungarian Grand Prix,3,15.0,6,11.5,10.5,27.0,3,7.75,2.0,7.0,11.5,5,5,28.0,0,0.0,33,VER,Red Bull Racing,2.0,18.0,18.0,0.0,False,Finished
2020,Hungarian Grand Prix,3,43.0,1,1.5,6.5,80.0,1,3.75,2.5,2.0,1.5,5,5,0.0,0,0.0,77,BOT,Mercedes,3.0,15.0,15.0,0.0,False,Finished
2020,Hungarian Grand Prix,3,6.0,9,12.5,17.0,22.0,4,7.75,10.5,3.0,12.5,0,0,37.0,0,0.0,18,STR,Racing Point,4.0,12.0,12.0,0.0,False,Finished
2020,Hungarian Grand Prix,3,12.0,8,8.5,10.0,27.0,3,7.75,5.0,13.0,8.5,0,0,31.0,0,0.0,23,ALB,Red Bull Racing,5.0,10.0,10.0,0.0,False,Finished
2020,Hungarian Grand Prix,3,1.0,14,15.0,2.5,19.0,5,10.5,10.5,5.0,15.0,6,6,42.0,0,0.0,5,VET,Ferrari,6.0,8.0,8.0,0.0,False,+1 Lap
2020,Hungarian Grand Prix,3,16.0,5,6.0,12.5,22.0,4,7.75,11.5,4.0,6.0,0,0,27.0,0,0.0,11,PER,Racing Point,7.0,6.0,6.0,0.0,False,+1 Lap
2020,Hungarian Grand Prix,3,4.0,11,13.5,9.0,8.0,6,12.75,9.0,11.0,13.5,2,2,39.0,0,0.0,3,RIC,Renault,8.0,4.0,4.0,0.0,False,+1 Lap
2020,Hungarian Grand Prix,3,13.0,7,7.0,7.0,39.0,2,3.0,5.5,9.0,7.0,0,0,30.0,0,0.0,55,SAI,McLaren,9.0,2.0,2.0,0.0,False,+1 Lap
2020,Hungarian Grand Prix,3,0.0,16,14.5,10.0,0.0,9,15.25,15.5,0.0,14.5,0,0,43.0,0,0.0,20,MAG,Haas F1 Team,10.0,1.0,1.0,0.0,False,+1 Lap
2020,Hungarian Grand Prix,3,18.0,4,10.5,12.0,19.0,5,10.5,10.5,6.0,10.5,2,2,25.0,0,0.0,16,LEC,Ferrari,11.0,0.0,0.0,0.0,False,+1 Lap
2020,Hungarian Grand Prix,3,1.0,14,11.0,15.0,7.0,7,12.25,13.0,17.0,11.0,0,0,42.0,0,0.0,26,KVY,AlphaTauri,12.0,0.0,0.0,0.0,False,+1 Lap
2020,Hungarian Grand Prix,3,26.0,3,4.0,9.0,39.0,2,3.0,6.0,8.0,4.0,0,0,17.0,0,0.0,4,NOR,McLaren,13.0,0.0,0.0,0.0,False,+1 Lap
2020,Hungarian Grand Prix,3,4.0,11,13.0,13.0,8.0,6,12.75,9.5,14.0,13.0,0,0,39.0,0,0.0,31,OCO,Renault,14.0,0.0,0.0,0.0,False,+1 Lap
2020,Hungarian Grand Prix,3,0.0,16,12.5,5.0,2.0,8,15.0,17.5,20.0,12.5,1,1,43.0,0,0.0,7,RAI,Alfa Romeo Racing,15.0,0.0,0.0,0.0,False,+1 Lap
2020,Hungarian Grand Prix,3,0.0,16,14.5,15.0,0.0,9,15.25,7.5,0.0,14.5,0,0,43.0,0,0.0,8,GRO,Haas F1 Team,16.0,0.0,0.0,0.0,False,+1 Lap
2020,Hungarian Grand Prix,3,2.0,13,11.5,18.0,2.0,8,15.0,18.5,19.0,11.5,0,0,41.0,0,0.0,99,GIO,Alfa Romeo Racing,17.0,0.0,0.0,0.0,False,+1 Lap
2020,Hungarian Grand Prix,3,0.0,16,15.5,16.0,0.0,10,17.0,14.0,12.0,15.5,0,0,43.0,0,0.0,63,RUS,Williams,18.0,0.0,0.0,0.0,False,+1 Lap
2020,Hungarian Grand Prix,3,0.0,16,14.0,10.0,0.0,10,17.0,19.0,15.0,14.0,0,0,43.0,0,0.0,6,LAT,Williams,19.0,0.0,0.0,0.0,False,+5 Laps
2020,Hungarian Grand Prix,3,6.0,9,11.0,6.0,7.0,7,12.25,9.5,10.0,11.0,0,0,37.0,0,0.0,10,GAS,AlphaTauri,20.0,0.0,0.0,0.0,False,Engine
2020,British Grand Prix,4,63.0,1,2.0,1.5,121.0,1,1.75,2.3333333333333335,1.0,2.0,24,24,0.0,0,0.0,44,HAM,Mercedes,1.0,25.0,25.0,0.0,False,Finished
2020,British Grand Prix,4,33.0,3,8.333333333333334,10.0,55.0,2,3.75,3.6666666666666665,3.0,8.333333333333334,5,5,30.0,0,0.0,33,VER,Red Bull Racing,2.0,18.0,18.0,0.0,False,Finished
2020,British Grand Prix,4,18.0,7,10.666666666666666,11.0,27.0,5,8.5,9.0,4.0,10.666666666666666,2,2,45.0,0,0.0,16,LEC,Ferrari,3.0,15.0,15.0,0.0,False,Finished
2020,British Grand Prix,4,8.0,11,11.666666666666666,6.0,12.0,6,11.25,9.666666666666666,8.0,11.666666666666666,2,2,55.0,0,0.0,3,RIC,Renault,4.0,12.0,12.0,0.0,False,Finished
2020,British Grand Prix,4,26.0,4,7.0,11.0,41.0,3,9.75,6.666666666666667,5.0,7.0,0,0,37.0,0,0.0,4,NOR,McLaren,5.0,10.0,10.0,0.0,False,Finished
2020,British Grand Prix,4,4.0,13,13.333333333333334,7.0,12.0,6,11.25,11.0,9.0,13.333333333333334,0,0,59.0,0,0.0,31,OCO,Renault,6.0,8.0,8.0,0.0,False,Finished
2020,British Grand Prix,4,6.0,12,14.0,8.5,7.0,7,11.5,9.666666666666666,11.0,14.0,0,0,57.0,0,0.0,10,GAS,AlphaTauri,7.0,6.0,6.0,0.0,False,Finished
2020,British Grand Prix,4,22.0,5,7.333333333333333,12.0,55.0,2,3.75,7.666666666666667,12.0,7.333333333333333,0,0,41.0,0,0.0,23,ALB,Red Bull Racing,8.0,4.0,4.0,0.0,False,Finished
2020,British Grand Prix,4,18.0,7,9.666666666666666,12.5,40.0,4,10.0,8.0,6.0,9.666666666666666,0,0,45.0,0,0.0,18,STR,Racing Point,9.0,2.0,2.0,0.0,False,Finished
2020,British Grand Prix,4,9.0,10,12.0,8.5,27.0,5,8.5,8.666666666666666,10.0,12.0,6,6,54.0,0,0.0,5,VET,Ferrari,10.0,1.0,1.0,0.0,False,Finished
2020,British Grand Prix,4,58.0,2,2.0,3.0,121.0,1,1.75,2.3333333333333335,2.0,2.0,5,5,5.0,0,0.0,77,BOT,Mercedes,11.0,0.0,0.0,0.0,False,Finished
2020,British Grand Prix,4,0.0,17,16.333333333333332,14.0,0.0,10,13.75,13.333333333333334,20.0,16.333333333333332,0,0,63.0,0,0.0,63,RUS,Williams,12.0,0.0,0.0,0.0,False,Finished
2020,British Grand Prix,4,15.0,9,7.666666666666667,11.5,41.0,3,9.75,6.666666666666667,7.0,7.666666666666667,0,0,48.0,0,0.0,55,SAI,McLaren,13.0,0.0,0.0,0.0,False,Finished
2020,British Grand Prix,4,2.0,14,13.333333333333334,18.0,2.0,8,19.0,18.666666666666668,15.0,13.333333333333334,0,0,61.0,0,0.0,99,GIO,Alfa Romeo Racing,14.0,0.0,0.0,0.0,False,Finished
2020,British Grand Prix,4,0.0,17,15.666666666666666,10.0,0.0,10,13.75,17.666666666666668,18.0,15.666666666666666,0,0,63.0,0,0.0,6,LAT,Williams,15.0,0.0,0.0,0.0,False,Finished
2020,British Grand Prix,4,0.0,17,15.0,17.5,1.0,9,15.75,5.0,17.0,15.0,0,0,63.0,0,0.0,8,GRO,Haas F1 Team,16.0,0.0,0.0,0.0,False,Finished
2020,British Grand Prix,4,0.0,17,13.333333333333334,5.5,2.0,8,19.0,18.333333333333332,16.0,13.333333333333334,1,1,63.0,0,0.0,7,RAI,Alfa Romeo Racing,17.0,0.0,0.0,0.0,False,+1 Lap
2020,British Grand Prix,4,1.0,15,11.333333333333334,9.0,7.0,7,11.5,14.333333333333334,19.0,11.333333333333334,0,0,62.0,0,0.0,26,KVY,AlphaTauri,18.0,0.0,0.0,0.0,False,Accident
2020,British Grand Prix,4,1.0,15,13.0,14.5,1.0,9,15.75,10.333333333333334,14.0,13.0,0,0,62.0,0,0.0,20,MAG,Haas F1 Team,19.0,0.0,0.0,0.0,False,Collision
2020,British Grand Prix,4,0.0,20,,8.0,0.0,10,13.75,13.0,13.0,,0,0,63.0,0,0.0,27,HUL,Racing Point,20.0,0.0,0.0,0.0,False,Power Unit
2020,70th Anniversary Grand Prix,5,52.0,3,6.75,10.0,78.0,2,6.967391304347826,3.5,4.0,6.75,5,5,36.0,0,0.0,33,VER,Red Bull Racing,1.0,25.0,25.0,0.0,False,Finished
2020,70th Anniversary Grand Prix,5,88.0,1,1.75,10.0,146.0,1,3.5,2.0,2.0,1.75,25,25,0.0,0,0.0,44,HAM,Mercedes,2.0,18.0,18.0,0.0,False,Finished
2020,70th Anniversary Grand Prix,5,58.0,2,4.25,10.0,146.0,1,3.5,2.25,1.0,4.25,5,5,30.0,0,0.0,77,BOT,Mercedes,3.0,15.0,15.0,0.0,False,Finished
2020,70th Anniversary Grand Prix,5,33.0,5,8.75,10.0,43.0,4,5.869565217391305,7.75,8.0,8.75,2,2,55.0,0,0.0,16,LEC,Ferrari,4.0,12.0,12.0,0.0,False,Finished
2020,70th Anniversary Grand Prix,5,26.0,6,7.5,10.0,78.0,2,6.967391304347826,8.75,9.0,7.5,0,0,62.0,0,0.0,23,ALB,Red Bull Racing,5.0,10.0,10.0,0.0,False,Finished
2020,70th Anniversary Grand Prix,5,20.0,8,9.5,10.0,42.0,5,11.367647058823529,7.5,6.0,9.5,0,0,68.0,0,0.0,18,STR,Racing Point,6.0,8.0,8.0,0.0,False,Finished
2020,70th Anniversary Grand Prix,5,0.0,17,20.0,10.0,42.0,5,11.367647058823529,13.0,3.0,20.0,0,0,88.0,0,0.0,27,HUL,Racing Point,7.0,6.0,6.0,0.0,False,Finished
2020,70th Anniversary Grand Prix,5,12.0,11,11.5,10.0,32.0,6,11.445652173913043,10.5,14.0,11.5,0,0,76.0,0,0.0,31,OCO,Renault,8.0,4.0,4.0,0.0,False,Finished
2020,70th Anniversary Grand Prix,5,36.0,4,6.5,10.0,51.0,3,11.380434782608695,6.25,10.0,6.5,0,0,52.0,0,0.0,4,NOR,McLaren,9.0,2.0,2.0,0.0,False,Finished
2020,70th Anniversary Grand Prix,5,1.0,15,13.0,10.0,13.0,7,12.625,15.5,16.0,13.0,0,0,87.0,0,0.0,26,KVY,AlphaTauri,10.0,1.0,1.0,0.0,False,Finished
2020,70th Anniversary Grand Prix,5,12.0,11,12.25,10.0,13.0,7,12.625,10.0,7.0,12.25,0,0,76.0,0,0.0,10,GAS,AlphaTauri,11.0,0.0,0.0,0.0,False,Finished
2020,70th Anniversary Grand Prix,5,10.0,13,11.5,10.0,43.0,4,5.869565217391305,9.0,11.0,11.5,6,6,78.0,0,0.0,5,VET,Ferrari,12.0,0.0,0.0,0.0,False,Finished
2020,70th Anniversary Grand Prix,5,15.0,10,9.0,10.0,51.0,3,11.380434782608695,6.75,12.0,9.0,0,0,73.0,0,0.0,55,SAI,McLaren,13.0,0.0,0.0,0.0,False,Finished
2020,70th Anniversary Grand Prix,5,20.0,8,9.75,10.0,32.0,6,11.445652173913043,9.25,5.0,9.75,2,2,68.0,0,0.0,3,RIC,Renault,14.0,0.0,0.0,0.0,False,+1 Lap
2020,70th Anniversary Grand Prix,5,0.0,17,14.25,10.0,2.0,8,12.92,17.75,20.0,14.25,1,1,88.0,0,0.0,7,RAI,Alfa Romeo Racing,15.0,0.0,0.0,0.0,False,+1 Lap
2020,70th Anniversary Grand Prix,5,0.0,17,15.25,10.0,1.0,9,13.33695652173913,8.0,13.0,15.25,0,0,88.0,0,0.0,8,GRO,Haas F1 Team,16.0,0.0,0.0,0.0,False,+1 Lap
2020,70th Anniversary Grand Prix,5,2.0,14,13.5,10.0,2.0,8,12.92,17.75,19.0,13.5,0,0,86.0,0,0.0,99,GIO,Alfa Romeo Racing,17.0,0.0,0.0,0.0,False,+1 Lap
2020,70th Anniversary Grand Prix,5,0.0,17,15.25,10.0,0.0,10,15.630434782608695,15.0,15.0,15.25,0,0,88.0,0,0.0,63,RUS,Williams,18.0,0.0,0.0,0.0,False,+1 Lap
2020,70th Anniversary Grand Prix,5,0.0,17,15.5,10.0,0.0,10,15.630434782608695,17.75,18.0,15.5,0,0,88.0,0,0.0,6,LAT,Williams,19.0,0.0,0.0,0.0,False,+1 Lap
2020,70th Anniversary Grand Prix,5,1.0,15,14.5,10.0,1.0,9,13.33695652173913,11.25,17.0,14.5,0,0,87.0,0,0.0,20,MAG,Haas F1 Team,20.0,0.0,0.0,0.0,False,Retired
2020,Spanish Grand Prix,6,107.0,1,1.8,1.0,180.0,1,1.5,2.0,1.0,1.8,25,25,0.0,0,0.0,44,HAM,Mercedes,1.0,25.0,25.0,0.0,False,Finished
2020,Spanish Grand Prix,6,77.0,2,5.6,3.0,113.0,2,4.25,3.6,3.0,5.6,6,6,30.0,0,0.0,33,VER,Red Bull Racing,2.0,18.0,18.0,0.0,False,Finished
2020,Spanish Grand Prix,6,73.0,3,4.0,2.0,180.0,1,1.5,2.0,2.0,4.0,5,5,34.0,0,0.0,77,BOT,Mercedes,3.0,15.0,15.0,0.0,False,Finished
2020,Spanish Grand Prix,6,28.0,7,8.8,15.0,56.0,3,7.5,7.2,5.0,8.8,0,0,79.0,0,0.0,18,STR,Racing Point,4.0,12.0,12.0,0.0,False,+1 Lap
2020,Spanish Grand Prix,6,22.0,8,6.333333333333333,12.0,56.0,3,7.5,9.0,4.0,6.333333333333333,0,0,85.0,0,0.0,11,PER,Racing Point,5.0,10.0,10.0,0.0,False,+1 Lap
2020,Spanish Grand Prix,6,15.0,11,9.8,7.5,53.0,5,13.75,7.8,7.0,9.8,0,0,92.0,0,0.0,55,SAI,McLaren,6.0,8.0,8.0,0.0,False,+1 Lap
2020,Spanish Grand Prix,6,10.0,13,11.6,4.0,55.0,4,10.25,9.4,11.0,11.6,6,6,97.0,0,0.0,5,VET,Ferrari,7.0,6.0,6.0,0.0,False,+1 Lap
2020,Spanish Grand Prix,6,36.0,6,7.0,11.0,113.0,2,4.25,8.8,6.0,7.0,0,0,71.0,0,0.0,23,ALB,Red Bull Racing,8.0,4.0,4.0,0.0,False,+1 Lap
2020,Spanish Grand Prix,6,12.0,12,12.0,12.5,14.0,7,13.75,9.4,10.0,12.0,0,0,95.0,0,0.0,10,GAS,AlphaTauri,9.0,2.0,2.0,0.0,False,+1 Lap
2020,Spanish Grand Prix,6,38.0,5,7.0,20.0,53.0,5,13.75,7.0,8.0,7.0,0,0,69.0,0,0.0,4,NOR,McLaren,10.0,1.0,1.0,0.0,False,+1 Lap
2020,Spanish Grand Prix,6,20.0,9,10.6,8.5,36.0,6,10.75,8.4,13.0,10.6,2,2,87.0,0,0.0,3,RIC,Renault,11.0,0.0,0.0,0.0,False,+1 Lap
2020,Spanish Grand Prix,6,2.0,15,12.4,9.0,14.0,7,13.75,15.6,12.0,12.4,0,0,105.0,0,0.0,26,KVY,AlphaTauri,12.0,0.0,0.0,0.0,False,+1 Lap
2020,Spanish Grand Prix,6,16.0,10,10.8,16.0,36.0,6,10.75,11.2,15.0,10.8,0,0,91.0,0,0.0,31,OCO,Renault,13.0,0.0,0.0,0.0,False,+1 Lap
2020,Spanish Grand Prix,6,0.0,18,14.4,15.5,2.0,8,14.25,18.2,14.0,14.4,1,1,107.0,0,0.0,7,RAI,Alfa Romeo Racing,14.0,0.0,0.0,0.0,False,+1 Lap
2020,Spanish Grand Prix,6,1.0,17,15.6,6.5,1.0,9,14.0,12.4,16.0,15.6,0,0,106.0,0,0.0,20,MAG,Haas F1 Team,15.0,0.0,0.0,0.0,False,+1 Lap
2020,Spanish Grand Prix,6,2.0,15,14.2,16.0,2.0,8,14.25,18.0,20.0,14.2,0,0,105.0,0,0.0,99,GIO,Alfa Romeo Racing,16.0,0.0,0.0,0.0,False,+1 Lap
2020,Spanish Grand Prix,6,0.0,18,15.8,17.0,0.0,10,15.0,15.0,18.0,15.8,0,0,107.0,0,0.0,63,RUS,Williams,17.0,0.0,0.0,0.0,False,+1 Lap
2020,Spanish Grand Prix,6,0.0,18,16.2,10.0,0.0,10,15.0,17.8,19.0,16.2,0,0,107.0,0,0.0,6,LAT,Williams,18.0,0.0,0.0,0.0,False,+2 Laps
2020,Spanish Grand Prix,6,0.0,18,15.4,14.0,1.0,9,14.0,9.0,17.0,15.4,0,0,107.0,0,0.0,8,GRO,Haas F1 Team,19.0,0.0,0.0,0.0,False,+2 Laps
2020,Spanish Grand Prix,6,45.0,4,7.8,7.5,55.0,4,10.25,7.8,9.0,7.8,2,2,62.0,0,0.0,16,LEC,Ferrari,20.0,0.0,0.0,0.0,False,Electronics
2020,Belgian Grand Prix,7,132.0,1,1.6666666666666667,2.0,221.0,1,2.75,1.8333333333333333,1.0,1.2,26,26,0.0,0,0.6666666666666667,44,HAM,Mercedes,1.0,25.0,25.0,0.0,False,Finished
2020,Belgian Grand Prix,7,89.0,3,3.8333333333333335,3.5,221.0,1,2.75,2.0,2.0,4.4,5,5,43.0,0,-3.666666666666667,77,BOT,Mercedes,2.0,18.0,18.0,0.0,False,Finished
2020,Belgian Grand Prix,7,95.0,2,5.0,11.5,135.0,2,5.75,3.5,3.0,2.0,6,6,37.0,0,6.666666666666667,33,VER,Red Bull Racing,3.0,15.0,15.0,0.0,False,Finished
2020,Belgian Grand Prix,7,20.0,10,10.666666666666666,15.0,36.0,6,11.25,9.166666666666666,4.0,9.0,2,2,112.0,0,2.0,3,RIC,Renault,4.0,12.0,12.0,0.0,False,Finished
2020,Belgian Grand Prix,7,16.0,11,11.166666666666666,6.0,36.0,6,11.25,11.833333333333334,6.0,11.8,0,0,116.0,0,4.333333333333334,31,OCO,Renault,5.0,10.0,10.0,0.0,False,Finished
2020,Belgian Grand Prix,7,40.0,5,7.166666666666667,5.0,135.0,2,5.75,8.333333333333334,5.0,6.0,0,0,92.0,0,0.33333333333333304,23,ALB,Red Bull Racing,6.0,8.0,8.0,0.0,False,Finished
2020,Belgian Grand Prix,7,39.0,7,7.5,11.0,62.0,4,8.75,7.166666666666667,10.0,8.4,0,0,93.0,0,-1.0,4,NOR,McLaren,7.0,6.0,6.0,0.0,False,Finished
2020,Belgian Grand Prix,7,14.0,13,11.5,9.0,16.0,7,15.5,9.5,12.0,12.4,0,0,118.0,0,5.0,10,GAS,AlphaTauri,8.0,4.0,4.0,0.0,False,Finished
2020,Belgian Grand Prix,7,40.0,5,8.0,11.5,78.0,3,9.0,6.833333333333333,9.0,6.0,0,0,92.0,0,3.333333333333333,18,STR,Racing Point,9.0,2.0,2.0,0.0,False,Finished
2020,Belgian Grand Prix,7,32.0,8,6.0,5.5,78.0,3,9.0,7.75,8.0,6.0,0,0,100.0,0,0.0,11,PER,Racing Point,10.0,1.0,1.0,0.0,False,Finished
2020,Belgian Grand Prix,7,2.0,15,12.333333333333334,7.0,16.0,7,15.5,15.0,11.0,12.4,0,0,130.0,0,-2.0,26,KVY,AlphaTauri,11.0,0.0,0.0,0.0,False,Finished
2020,Belgian Grand Prix,7,0.0,18,14.333333333333334,16.5,2.0,8,16.0,17.5,16.0,14.4,1,1,132.0,0,-2.0,7,RAI,Alfa Romeo Racing,12.0,0.0,0.0,0.0,False,Finished
2020,Belgian Grand Prix,7,16.0,11,10.833333333333334,2.5,61.0,5,7.75,9.666666666666666,14.0,11.0,6,6,116.0,0,2.333333333333334,5,VET,Ferrari,13.0,0.0,0.0,0.0,False,Finished
2020,Belgian Grand Prix,7,45.0,4,9.833333333333334,9.5,61.0,5,7.75,8.0,13.0,11.4,2,2,87.0,0,1.666666666666666,16,LEC,Ferrari,14.0,0.0,0.0,0.0,False,Finished
2020,Belgian Grand Prix,7,0.0,18,16.0,10.0,1.0,9,14.0,10.333333333333334,17.0,16.0,0,0,132.0,0,-2.0,8,GRO,Haas F1 Team,15.0,0.0,0.0,0.0,False,Finished
2020,Belgian Grand Prix,7,0.0,18,16.5,10.0,0.0,10,14.25,18.0,19.0,17.6,0,0,132.0,0,-1.666666666666666,6,LAT,Williams,16.0,0.0,0.0,0.0,False,Finished
2020,Belgian Grand Prix,7,1.0,17,15.5,10.0,1.0,9,14.0,13.0,20.0,15.2,0,0,131.0,0,-5.0,20,MAG,Haas F1 Team,17.0,0.0,0.0,0.0,False,Finished
2020,Belgian Grand Prix,7,2.0,15,14.5,18.0,2.0,8,16.0,18.333333333333332,18.0,15.6,0,0,130.0,0,-2.333333333333332,99,GIO,Alfa Romeo Racing,18.0,0.0,0.0,0.0,False,Accident
2020,Belgian Grand Prix,7,0.0,18,16.0,15.0,0.0,10,14.25,15.5,15.0,16.2,0,0,132.0,0,0.6666666666666661,63,RUS,Williams,19.0,0.0,0.0,0.0,False,Debris
2020,Belgian Grand Prix,7,23.0,9,9.166666666666666,15.0,62.0,4,8.75,7.666666666666667,7.0,10.0,0,0,109.0,0,-2.999999999999999,55,SAI,McLaren,20.0,0.0,0.0,0.0,False,Exhaust
2020,Italian Grand Prix,8,18.0,12,11.0,12.5,20.0,7,16.5,9.857142857142858,10.0,11.0,0,0,139.0,0,4.666666666666666,10,GAS,AlphaTauri,1.0,25.0,25.0,0.0,False,Finished
2020,Italian Grand Prix,8,23.0,11,10.714285714285714,14.0,68.0,4,9.0,7.571428571428571,3.0,12.2,0,0,134.0,0,-2.666666666666666,55,SAI,McLaren,2.0,18.0,18.0,0.0,False,Finished
2020,Italian Grand Prix,8,42.0,7,8.142857142857142,10.5,81.0,3,5.5,7.142857142857143,8.0,6.4,0,0,115.0,0,0.3333333333333339,18,STR,Racing Point,3.0,15.0,15.0,0.0,False,Finished
2020,Italian Grand Prix,8,45.0,5,7.428571428571429,10.0,68.0,4,9.0,7.571428571428571,6.0,8.8,0,0,112.0,0,-0.9999999999999991,4,NOR,McLaren,4.0,12.0,12.0,0.0,False,Finished
2020,Italian Grand Prix,8,107.0,3,3.5714285714285716,2.5,264.0,1,2.25,2.0,2.0,4.4,5,5,50.0,0,2.6666666666666665,77,BOT,Mercedes,5.0,10.0,10.0,0.0,False,Finished
2020,Italian Grand Prix,8,33.0,8,9.714285714285714,10.5,59.0,6,10.75,8.428571428571429,7.0,8.2,2,2,124.0,0,-2.999999999999999,3,RIC,Renault,6.0,8.0,8.0,0.0,False,Finished
2020,Italian Grand Prix,8,157.0,1,1.5714285714285714,2.0,264.0,1,2.25,1.7142857142857142,1.0,1.2,27,27,0.0,0,-0.33333333333333326,44,HAM,Mercedes,7.0,6.0,6.0,0.0,False,Finished
2020,Italian Grand Prix,8,26.0,10,10.285714285714286,6.0,59.0,6,10.75,11.0,12.0,9.2,0,0,131.0,0,4.0,31,OCO,Renault,8.0,4.0,4.0,0.0,False,Finished
2020,Italian Grand Prix,8,2.0,15,12.142857142857142,19.0,20.0,7,16.5,14.428571428571429,11.0,12.6,0,0,155.0,0,2.333333333333334,26,KVY,AlphaTauri,9.0,2.0,2.0,0.0,False,Finished
2020,Italian Grand Prix,8,33.0,8,6.8,7.0,81.0,3,5.5,7.8,4.0,6.8,0,0,124.0,0,0.0,11,PER,Racing Point,10.0,1.0,1.0,0.0,False,Finished
2020,Italian Grand Prix,8,0.0,18,16.428571428571427,10.0,0.0,10,16.0,18.142857142857142,20.0,17.4,0,0,157.0,0,-0.6666666666666679,6,LAT,Williams,11.0,0.0,0.0,0.0,False,Finished
2020,Italian Grand Prix,8,0.0,18,15.857142857142858,18.0,1.0,9,14.0,11.285714285714286,16.0,16.4,0,0,157.0,0,-1.6666666666666679,8,GRO,Haas F1 Team,12.0,0.0,0.0,0.0,False,Finished
2020,Italian Grand Prix,8,0.0,18,14.0,8.5,2.0,8,16.0,17.285714285714285,14.0,14.6,1,1,157.0,0,0.6666666666666679,7,RAI,Alfa Romeo Racing,13.0,0.0,0.0,0.0,False,Finished
2020,Italian Grand Prix,8,0.0,18,16.428571428571427,14.0,0.0,10,16.0,15.428571428571429,19.0,16.8,0,0,157.0,0,-2.666666666666666,63,RUS,Williams,14.0,0.0,0.0,0.0,False,Finished
2020,Italian Grand Prix,8,48.0,4,7.0,6.0,158.0,2,5.0,7.857142857142857,9.0,6.4,0,0,109.0,0,-0.6666666666666661,23,ALB,Red Bull Racing,15.0,0.0,0.0,0.0,False,Finished
2020,Italian Grand Prix,8,2.0,15,15.0,9.0,2.0,8,16.0,18.285714285714285,18.0,16.4,0,0,155.0,0,-2.0,99,GIO,Alfa Romeo Racing,16.0,0.0,0.0,0.0,False,Finished
2020,Italian Grand Prix,8,110.0,2,4.714285714285714,6.5,158.0,2,5.0,3.4285714285714284,5.0,2.0,6,6,47.0,0,0.3333333333333335,33,VER,Red Bull Racing,17.0,0.0,0.0,0.0,False,Power Unit
2020,Italian Grand Prix,8,45.0,5,10.428571428571429,6.0,61.0,5,10.0,8.714285714285714,13.0,10.4,2,2,112.0,0,-1.666666666666666,16,LEC,Ferrari,18.0,0.0,0.0,0.0,False,Accident
2020,Italian Grand Prix,8,1.0,17,15.714285714285714,17.0,1.0,9,14.0,14.0,15.0,16.2,0,0,156.0,0,-3.666666666666666,20,MAG,Haas F1 Team,19.0,0.0,0.0,0.0,False,Power Unit
2020,Italian Grand Prix,8,16.0,13,11.142857142857142,8.5,61.0,5,10.0,10.285714285714286,17.0,9.6,6,6,141.0,0,1.333333333333334,5,VET,Ferrari,20.0,0.0,0.0,0.0,False,Brakes
2020,Tuscan Grand Prix,9,164.0,1,2.25,10.0,281.0,1,3.46,1.625,1.0,2.4,27,27,0.0,0,-1.6666666666666667,44,HAM,Mercedes,1.0,25.0,25.0,0.0,False,Finished
2020,Tuscan Grand Prix,9,117.0,2,3.75,10.0,281.0,1,3.46,2.0,2.0,4.8,5,5,47.0,0,2.3333333333333335,77,BOT,Mercedes,2.0,18.0,18.0,0.0,False,Finished
2020,Tuscan Grand Prix,9,48.0,6,8.0,10.0,158.0,2,6.98,8.0,4.0,8.4,0,0,116.0,0,-3.666666666666666,23,ALB,Red Bull Racing,3.0,15.0,15.0,0.0,False,Finished
2020,Tuscan Grand Prix,9,41.0,9,9.25,10.0,71.0,5,11.22,8.25,8.0,7.8,2,2,123.0,0,1.666666666666666,3,RIC,Renault,4.0,12.0,12.0,0.0,False,Finished
2020,Tuscan Grand Prix,9,34.0,11,7.333333333333333,10.0,97.0,4,10.881578947368421,7.166666666666667,7.0,7.6,0,0,130.0,0,-2.000000000000001,11,PER,Racing Point,5.0,10.0,10.0,0.0,False,Finished
2020,Tuscan Grand Prix,9,57.0,4,7.0,10.0,98.0,3,11.18,7.375,11.0,7.0,0,0,107.0,0,2.0,4,NOR,McLaren,6.0,8.0,8.0,0.0,False,Finished
2020,Tuscan Grand Prix,9,4.0,15,11.75,10.0,47.0,7,10.75,14.0,12.0,12.0,0,0,160.0,0,2.666666666666668,26,KVY,AlphaTauri,7.0,6.0,6.0,0.0,False,Finished
2020,Tuscan Grand Prix,9,45.0,7,11.375,10.0,61.0,6,6.48,9.25,5.0,11.8,2,2,119.0,0,-11.333333333333332,16,LEC,Ferrari,8.0,4.0,4.0,0.0,False,Finished
2020,Tuscan Grand Prix,9,0.0,18,13.875,10.0,2.0,8,13.224137931034482,16.875,13.0,14.2,1,1,164.0,0,2.666666666666666,7,RAI,Alfa Romeo Racing,9.0,2.0,2.0,0.0,False,Finished
2020,Tuscan Grand Prix,9,16.0,13,12.25,10.0,61.0,6,6.48,11.125,14.0,12.4,6,6,148.0,0,-4.0,5,VET,Ferrari,10.0,1.0,1.0,0.0,False,Finished
2020,Tuscan Grand Prix,9,0.0,18,16.125,10.0,0.0,10,15.7,15.875,18.0,16.0,0,0,164.0,0,-0.6666666666666679,63,RUS,Williams,11.0,0.0,0.0,0.0,False,Finished
2020,Tuscan Grand Prix,9,0.0,18,15.375,10.0,1.0,9,13.6,11.875,15.0,15.6,0,0,164.0,0,0.6666666666666661,8,GRO,Haas F1 Team,12.0,0.0,0.0,0.0,False,Finished
2020,Tuscan Grand Prix,9,57.0,4,7.5,10.0,97.0,4,10.881578947368421,7.25,6.0,6.2,0,0,107.0,0,1.0,18,STR,Racing Point,13.0,0.0,0.0,0.0,True,Puncture
2020,Tuscan Grand Prix,9,30.0,12,10.0,10.0,71.0,5,11.22,11.125,10.0,8.0,0,0,134.0,0,0.6666666666666679,31,OCO,Renault,14.0,0.0,0.0,0.0,False,Brakes
2020,Tuscan Grand Prix,9,0.0,18,15.75,10.0,0.0,10,15.7,18.375,19.0,15.8,0,0,164.0,0,2.666666666666668,6,LAT,Williams,15.0,0.0,0.0,0.0,False,Collision
2020,Tuscan Grand Prix,9,1.0,17,16.125,10.0,1.0,9,13.6,14.125,20.0,18.0,0,0,163.0,0,-0.6666666666666679,20,MAG,Haas F1 Team,16.0,0.0,0.0,0.0,False,Collision
2020,Tuscan Grand Prix,9,2.0,16,15.125,10.0,2.0,8,13.224137931034482,18.25,17.0,16.2,0,0,162.0,0,-0.6666666666666679,99,GIO,Alfa Romeo Racing,17.0,0.0,0.0,0.0,False,Collision
2020,Tuscan Grand Prix,9,41.0,9,9.625,10.0,98.0,3,11.18,7.0,9.0,10.8,0,0,123.0,0,2.333333333333332,55,SAI,McLaren,18.0,0.0,0.0,0.0,False,Collision
2020,Tuscan Grand Prix,9,110.0,3,6.25,10.0,158.0,2,6.98,3.625,3.0,5.0,6,6,54.0,0,-5.666666666666666,33,VER,Red Bull Racing,19.0,0.0,0.0,0.0,False,Collision
2020,Tuscan Grand Prix,9,43.0,8,9.75,10.0,47.0,7,10.75,9.875,16.0,7.2,1,1,121.0,0,6.666666666666666,10,GAS,AlphaTauri,20.0,0.0,0.0,0.0,False,Collision
2020,Russian Grand Prix,10,135.0,2,3.5555555555555554,2.0,325.0,1,1.5,2.0,3.0,3.0,5,5,55.0,0,2.666666666666667,77,BOT,Mercedes,1.0,25.0,25.0,0.0,False,Finished
2020,Russian Grand Prix,10,110.0,3,7.666666666666667,4.5,173.0,2,4.0,3.5555555555555554,2.0,8.4,6,6,80.0,0,-11.333333333333334,33,VER,Red Bull Racing,2.0,18.0,18.0,0.0,False,Finished
2020,Russian Grand Prix,10,190.0,1,2.111111111111111,1.0,325.0,1,1.5,1.5555555555555556,1.0,2.4,28,28,0.0,0,-1.6666666666666667,44,HAM,Mercedes,3.0,15.0,15.0,0.0,False,Finished
2020,Russian Grand Prix,10,44.0,9,7.0,8.5,107.0,3,8.0,7.142857142857143,4.0,7.4,0,0,146.0,0,-2.333333333333334,11,PER,Racing Point,4.0,12.0,12.0,0.0,False,Finished
2020,Russian Grand Prix,10,53.0,7,8.666666666666666,12.5,83.0,5,9.25,8.222222222222221,5.0,7.8,2,2,137.0,0,4.999999999999999,3,RIC,Renault,5.0,10.0,10.0,0.0,False,Finished
2020,Russian Grand Prix,10,49.0,8,11.0,5.0,66.0,6,12.0,8.777777777777779,10.0,12.8,2,2,141.0,0,-4.333333333333334,16,LEC,Ferrari,6.0,8.0,8.0,0.0,False,Finished
2020,Russian Grand Prix,10,30.0,12,10.444444444444445,9.0,83.0,5,9.25,11.0,7.0,9.6,0,0,160.0,0,0.0,31,OCO,Renault,7.0,6.0,6.0,0.0,False,Finished
2020,Russian Grand Prix,10,10.0,14,11.222222222222221,12.0,53.0,7,14.75,13.777777777777779,11.0,9.8,0,0,180.0,0,4.333333333333334,26,KVY,AlphaTauri,8.0,4.0,4.0,0.0,False,Finished
2020,Russian Grand Prix,10,43.0,10,10.88888888888889,16.5,53.0,7,14.75,10.555555555555555,9.0,9.8,1,1,147.0,0,-0.6666666666666661,10,GAS,AlphaTauri,9.0,2.0,2.0,0.0,False,Finished
2020,Russian Grand Prix,10,63.0,5,7.444444444444445,5.0,173.0,2,4.0,7.555555555555555,15.0,7.4,0,0,127.0,0,-1.0,23,ALB,Red Bull Racing,10.0,1.0,1.0,0.0,False,Finished
2020,Russian Grand Prix,10,2.0,16,15.333333333333334,15.0,4.0,8,14.25,18.11111111111111,17.0,16.8,0,0,188.0,0,-1.333333333333334,99,GIO,Alfa Romeo Racing,11.0,0.0,0.0,0.0,False,+1 Lap
2020,Russian Grand Prix,10,1.0,18,16.11111111111111,8.5,1.0,9,16.25,14.777777777777779,18.0,17.4,0,0,189.0,0,0.6666666666666679,20,MAG,Haas F1 Team,12.0,0.0,0.0,0.0,False,+1 Lap
2020,Russian Grand Prix,10,17.0,13,12.0,10.5,66.0,6,12.0,11.444444444444445,14.0,12.4,6,6,173.0,0,-4.666666666666668,5,VET,Ferrari,13.0,0.0,0.0,0.0,False,+1 Lap
2020,Russian Grand Prix,10,2.0,16,13.333333333333334,8.5,4.0,8,14.25,16.444444444444443,19.0,12.6,1,1,188.0,0,4.0,7,RAI,Alfa Romeo Racing,14.0,0.0,0.0,0.0,False,+1 Lap
2020,Russian Grand Prix,10,65.0,4,6.888888888888889,8.0,106.0,4,8.5,7.777777777777778,8.0,7.2,0,0,125.0,0,2.333333333333333,4,NOR,McLaren,15.0,0.0,0.0,0.0,False,+1 Lap
2020,Russian Grand Prix,10,0.0,19,15.666666666666666,10.0,0.0,10,16.5,18.444444444444443,20.0,15.8,0,0,190.0,0,3.333333333333332,6,LAT,Williams,16.0,0.0,0.0,0.0,False,+1 Lap
2020,Russian Grand Prix,10,0.0,19,15.0,15.5,1.0,9,16.25,12.222222222222221,16.0,14.8,0,0,190.0,0,4.0,8,GRO,Haas F1 Team,17.0,0.0,0.0,0.0,False,+1 Lap
2020,Russian Grand Prix,10,0.0,19,15.555555555555555,17.0,0.0,10,16.5,16.11111111111111,13.0,15.8,0,0,190.0,0,1.0,63,RUS,Williams,18.0,0.0,0.0,0.0,False,+1 Lap
2020,Russian Grand Prix,10,41.0,11,10.555555555555555,11.5,106.0,4,8.5,7.222222222222222,6.0,11.8,0,0,149.0,0,-2.666666666666668,55,SAI,McLaren,19.0,0.0,0.0,0.0,False,Accident
2020,Russian Grand Prix,10,57.0,6,8.11111111111111,13.0,107.0,3,8.0,7.111111111111111,12.0,7.0,0,0,133.0,0,-2.000000000000001,18,STR,Racing Point,20.0,0.0,0.0,0.0,False,Collision
2020,Eifel Grand Prix,11,205.0,1,2.2,10.0,366.0,1,3.394230769230769,1.5,2.0,2.6,28,28,0.0,0,-2.333333333333333,44,HAM,Mercedes,1.0,25.0,25.0,0.0,False,Finished
2020,Eifel Grand Prix,11,128.0,3,7.1,10.0,192.0,2,7.038461538461538,3.4,3.0,8.6,6,6,77.0,0,-10.666666666666666,33,VER,Red Bull Racing,2.0,18.0,18.0,0.0,False,Finished
2020,Eifel Grand Prix,11,63.0,6,8.3,10.0,99.0,5,11.076923076923077,7.9,6.0,6.0,2,2,142.0,0,4.666666666666666,3,RIC,Renault,3.0,15.0,15.0,0.0,False,Finished
2020,Eifel Grand Prix,11,56.0,9,6.625,10.0,119.0,3,10.8625,6.75,9.0,6.8,0,0,149.0,0,1.0,11,PER,Racing Point,4.0,12.0,12.0,0.0,False,Finished
2020,Eifel Grand Prix,11,41.0,11,11.4,10.0,106.0,4,11.307692307692308,7.1,10.0,13.0,0,0,164.0,0,0.0,55,SAI,McLaren,5.0,10.0,10.0,0.0,False,Finished
2020,Eifel Grand Prix,11,45.0,10,10.7,10.0,59.0,7,10.8,10.4,12.0,9.4,1,1,160.0,0,-0.6666666666666661,10,GAS,AlphaTauri,6.0,8.0,8.0,0.0,False,Finished
2020,Eifel Grand Prix,11,57.0,7,10.5,10.0,74.0,6,6.586538461538462,8.9,4.0,13.2,2,2,148.0,0,2.0,16,LEC,Ferrari,7.0,6.0,6.0,0.0,False,Finished
2020,Eifel Grand Prix,11,6.0,15,13.5,10.0,119.0,3,10.8625,8.0,20.0,13.5,0,0,199.0,0,0.0,27,HUL,Racing Point,8.0,4.0,4.0,0.0,False,Finished
2020,Eifel Grand Prix,11,0.0,19,15.2,10.0,1.0,9,13.625,12.6,16.0,15.0,0,0,205.0,0,3.0000000000000018,8,GRO,Haas F1 Team,9.0,2.0,2.0,0.0,False,Finished
2020,Eifel Grand Prix,11,2.0,16,14.9,10.0,4.0,8,13.193548387096774,18.0,14.0,15.6,0,0,203.0,0,2.333333333333334,99,GIO,Alfa Romeo Racing,10.0,1.0,1.0,0.0,False,Finished
2020,Eifel Grand Prix,11,17.0,13,12.1,10.0,74.0,6,6.586538461538462,11.7,11.0,12.6,6,6,188.0,0,-3.666666666666668,5,VET,Ferrari,11.0,0.0,0.0,0.0,False,Finished
2020,Eifel Grand Prix,11,2.0,16,13.4,10.0,4.0,8,13.193548387096774,16.7,19.0,12.4,1,1,203.0,0,1.666666666666666,7,RAI,Alfa Romeo Racing,12.0,0.0,0.0,0.0,False,Finished
2020,Eifel Grand Prix,11,1.0,18,15.7,10.0,1.0,9,13.625,15.1,15.0,15.8,0,0,204.0,0,1.666666666666666,20,MAG,Haas F1 Team,13.0,0.0,0.0,0.0,False,Finished
2020,Eifel Grand Prix,11,0.0,19,15.7,10.0,0.0,10,15.673076923076923,18.6,18.0,15.2,0,0,205.0,0,3.666666666666668,6,LAT,Williams,14.0,0.0,0.0,0.0,False,Finished
2020,Eifel Grand Prix,11,14.0,14,10.9,10.0,59.0,7,10.8,13.5,13.0,9.4,0,0,191.0,0,3.0,26,KVY,AlphaTauri,15.0,0.0,0.0,0.0,False,Finished
2020,Eifel Grand Prix,11,65.0,4,7.7,10.0,106.0,4,11.307692307692308,7.8,8.0,8.4,0,0,140.0,0,0.33333333333333215,4,NOR,McLaren,16.0,0.0,0.0,0.0,False,Power Unit
2020,Eifel Grand Prix,11,64.0,5,7.7,10.0,192.0,2,7.038461538461538,8.3,5.0,8.4,0,0,141.0,0,-3.000000000000001,23,ALB,Red Bull Racing,17.0,0.0,0.0,0.0,False,Radiator
2020,Eifel Grand Prix,11,36.0,12,10.1,10.0,99.0,5,11.076923076923077,10.6,7.0,9.4,0,0,169.0,0,-1.0,31,OCO,Renault,18.0,0.0,0.0,0.0,False,Gearbox
2020,Eifel Grand Prix,11,161.0,2,3.3,10.0,366.0,1,3.394230769230769,2.1,1.0,2.6,6,6,44.0,0,0.0,77,BOT,Mercedes,19.0,0.0,0.0,0.0,False,Power Unit
2020,Eifel Grand Prix,11,0.0,19,15.8,10.0,0.0,10,15.673076923076923,15.8,17.0,15.8,0,0,205.0,0,3.666666666666666,63,RUS,Williams,20.0,0.0,0.0,0.0,False,Collision
2020,Portuguese Grand Prix,12,230.0,1,2.090909090909091,10.0,391.0,1,3.518867924528302,1.5454545454545454,1.0,2.6,29,29,0.0,0,1.3333333333333333,44,HAM,Mercedes,1.0,25.0,25.0,0.0,False,Finished
2020,Portuguese Grand Prix,12,161.0,2,4.7272727272727275,10.0,391.0,1,3.518867924528302,2.0,2.0,5.8,6,6,69.0,0,-3.9999999999999996,77,BOT,Mercedes,2.0,18.0,18.0,0.0,False,Finished
2020,Portuguese Grand Prix,12,147.0,3,6.636363636363637,10.0,211.0,2,7.084905660377358,3.3636363636363638,3.0,8.6,6,6,83.0,0,-0.3333333333333339,33,VER,Red Bull Racing,3.0,15.0,15.0,0.0,False,Finished
2020,Portuguese Grand Prix,12,63.0,8,10.181818181818182,10.0,80.0,6,6.632075471698113,8.454545454545455,4.0,10.6,2,2,167.0,0,10.333333333333332,16,LEC,Ferrari,4.0,12.0,12.0,0.0,False,Finished
2020,Portuguese Grand Prix,12,53.0,10,10.272727272727273,10.0,67.0,7,10.772727272727273,10.545454545454545,9.0,8.8,1,1,177.0,0,-5.666666666666666,10,GAS,AlphaTauri,5.0,10.0,10.0,0.0,False,+1 Lap
2020,Portuguese Grand Prix,12,51.0,11,10.818181818181818,10.0,116.0,4,11.29245283018868,7.363636363636363,7.0,12.8,0,0,179.0,0,-4.666666666666666,55,SAI,McLaren,6.0,8.0,8.0,0.0,False,+1 Lap
2020,Portuguese Grand Prix,12,68.0,5,6.333333333333333,10.0,135.0,3,10.74390243902439,7.0,5.0,6.6,0,0,162.0,0,4.000000000000001,11,PER,Racing Point,7.0,6.0,6.0,0.0,False,+1 Lap
2020,Portuguese Grand Prix,12,36.0,12,10.818181818181818,10.0,114.0,5,11.066037735849056,10.272727272727273,11.0,10.4,0,0,194.0,0,-4.333333333333334,31,OCO,Renault,8.0,4.0,4.0,0.0,False,+1 Lap
2020,Portuguese Grand Prix,12,78.0,4,7.818181818181818,10.0,114.0,5,11.066037735849056,7.7272727272727275,10.0,4.4,2,2,152.0,0,3.0,3,RIC,Renault,9.0,2.0,2.0,0.0,False,+1 Lap
2020,Portuguese Grand Prix,12,17.0,13,12.0,10.0,80.0,6,6.632075471698113,11.636363636363637,15.0,13.4,6,6,213.0,0,2.0,5,VET,Ferrari,10.0,1.0,1.0,0.0,False,+1 Lap
2020,Portuguese Grand Prix,12,2.0,17,13.272727272727273,10.0,5.0,8,13.125,16.90909090909091,16.0,12.0,1,1,228.0,0,1.333333333333334,7,RAI,Alfa Romeo Racing,11.0,0.0,0.0,0.0,False,+1 Lap
2020,Portuguese Grand Prix,12,64.0,7,8.545454545454545,10.0,211.0,2,7.084905660377358,8.0,6.0,10.2,0,0,166.0,0,-0.3333333333333339,23,ALB,Red Bull Racing,12.0,0.0,0.0,0.0,False,+1 Lap
2020,Portuguese Grand Prix,12,65.0,6,8.454545454545455,10.0,116.0,4,11.29245283018868,7.818181818181818,8.0,9.6,0,0,165.0,0,-5.333333333333334,4,NOR,McLaren,13.0,0.0,0.0,0.0,False,+1 Lap
2020,Portuguese Grand Prix,12,0.0,20,16.181818181818183,10.0,0.0,10,15.69811320754717,15.909090909090908,14.0,16.4,0,0,230.0,0,0.3333333333333357,63,RUS,Williams,14.0,0.0,0.0,0.0,False,+1 Lap
2020,Portuguese Grand Prix,12,3.0,16,14.454545454545455,10.0,5.0,8,13.125,17.636363636363637,17.0,14.4,0,0,227.0,0,4.000000000000002,99,GIO,Alfa Romeo Racing,15.0,0.0,0.0,0.0,False,+1 Lap
2020,Portuguese Grand Prix,12,1.0,19,15.454545454545455,10.0,3.0,9,13.575471698113208,15.090909090909092,19.0,15.4,0,0,229.0,0,3.333333333333334,20,MAG,Haas F1 Team,16.0,0.0,0.0,0.0,False,+1 Lap
2020,Portuguese Grand Prix,12,2.0,17,14.636363636363637,10.0,3.0,9,13.575471698113208,12.909090909090908,18.0,13.0,0,0,228.0,0,2.666666666666668,8,GRO,Haas F1 Team,17.0,0.0,0.0,0.0,False,+1 Lap
2020,Portuguese Grand Prix,12,0.0,20,15.545454545454545,10.0,0.0,10,15.69811320754717,18.545454545454547,20.0,14.4,0,0,230.0,0,0.0,6,LAT,Williams,18.0,0.0,0.0,0.0,False,+2 Laps
2020,Portuguese Grand Prix,12,14.0,14,11.272727272727273,10.0,67.0,7,10.772727272727273,13.454545454545455,13.0,10.0,0,0,216.0,0,0.6666666666666661,26,KVY,AlphaTauri,19.0,0.0,0.0,0.0,False,+2 Laps
2020,Portuguese Grand Prix,12,57.0,9,9.3,10.0,135.0,3,10.74390243902439,7.6,12.0,9.8,0,0,173.0,0,-5.666666666666667,18,STR,Racing Point,20.0,0.0,0.0,0.0,False,Collision damage
2020,Emilia Romagna Grand Prix,13,256.0,1,2.0,10.0,435.0,1,3.4814814814814814,1.5,2.0,2.6,30,30,0.0,0,1.3333333333333333,44,HAM,Mercedes,1.0,25.0,25.0,0.0,False,Finished
2020,Emilia Romagna Grand Prix,13,179.0,2,4.5,10.0,435.0,1,3.4814814814814814,2.0,1.0,5.8,6,6,77.0,0,-4.333333333333333,77,BOT,Mercedes,2.0,18.0,18.0,0.0,False,Finished
2020,Emilia Romagna Grand Prix,13,80.0,4,7.916666666666667,10.0,120.0,5,11.018518518518519,7.916666666666667,5.0,5.4,2,2,176.0,0,-1.0,3,RIC,Renault,3.0,15.0,15.0,0.0,False,Finished
2020,Emilia Romagna Grand Prix,13,14.0,14,11.916666666666666,10.0,77.0,7,10.875,13.416666666666666,8.0,11.6,0,0,242.0,0,-5.0,26,KVY,AlphaTauri,4.0,12.0,12.0,0.0,False,Finished
2020,Emilia Romagna Grand Prix,13,75.0,5,9.666666666666666,10.0,93.0,6,6.638888888888889,8.083333333333334,7.0,8.6,2,2,181.0,0,7.666666666666667,16,LEC,Ferrari,5.0,10.0,10.0,0.0,False,Finished
2020,Emilia Romagna Grand Prix,13,74.0,6,6.4,10.0,141.0,3,10.80952380952381,6.8,11.0,6.0,0,0,182.0,0,3.333333333333334,11,PER,Racing Point,6.0,8.0,8.0,0.0,False,Finished
2020,Emilia Romagna Grand Prix,13,59.0,10,10.416666666666666,10.0,124.0,4,11.25925925925926,7.333333333333333,10.0,10.0,0,0,197.0,0,3.333333333333334,55,SAI,McLaren,7.0,6.0,6.0,0.0,False,Finished
2020,Emilia Romagna Grand Prix,13,65.0,7,8.833333333333334,10.0,124.0,4,11.25925925925926,7.833333333333333,9.0,10.8,0,0,191.0,0,-9.0,4,NOR,McLaren,8.0,4.0,4.0,0.0,False,Finished
2020,Emilia Romagna Grand Prix,13,2.0,17,13.083333333333334,10.0,5.0,8,13.121212121212121,16.833333333333332,18.0,11.8,1,1,254.0,0,-1.0,7,RAI,Alfa Romeo Racing,9.0,2.0,2.0,0.0,False,Finished
2020,Emilia Romagna Grand Prix,13,3.0,16,14.5,10.0,5.0,8,13.121212121212121,17.583333333333332,20.0,13.8,0,0,253.0,0,5.0,99,GIO,Alfa Romeo Racing,10.0,1.0,1.0,0.0,False,Finished
2020,Emilia Romagna Grand Prix,13,0.0,20,15.75,10.0,0.0,10,15.703703703703704,18.666666666666668,19.0,14.8,0,0,256.0,0,-2.0,6,LAT,Williams,11.0,0.0,0.0,0.0,False,Finished
2020,Emilia Romagna Grand Prix,13,18.0,13,11.833333333333334,10.0,93.0,6,6.638888888888889,11.916666666666666,14.0,12.8,6,6,238.0,0,3.0,5,VET,Ferrari,12.0,0.0,0.0,0.0,False,Finished
2020,Emilia Romagna Grand Prix,13,57.0,11,10.272727272727273,10.0,141.0,3,10.80952380952381,8.0,15.0,13.0,0,0,199.0,0,-12.333333333333336,18,STR,Racing Point,13.0,0.0,0.0,0.0,False,Finished
2020,Emilia Romagna Grand Prix,13,2.0,17,14.833333333333334,10.0,3.0,9,13.62962962962963,13.333333333333334,16.0,13.4,0,0,254.0,0,-1.333333333333334,8,GRO,Haas F1 Team,14.0,0.0,0.0,0.0,False,Finished
2020,Emilia Romagna Grand Prix,13,64.0,8,8.833333333333334,10.0,226.0,2,7.092592592592593,7.833333333333333,6.0,11.4,0,0,192.0,0,-5.0,23,ALB,Red Bull Racing,15.0,0.0,0.0,0.0,False,Finished
2020,Emilia Romagna Grand Prix,13,0.0,20,16.0,10.0,0.0,10,15.703703703703704,15.75,13.0,15.4,0,0,256.0,0,-2.666666666666666,63,RUS,Williams,16.0,0.0,0.0,0.0,False,Accident
2020,Emilia Romagna Grand Prix,13,162.0,3,6.333333333333333,10.0,226.0,2,7.092592592592593,3.3333333333333335,3.0,8.6,6,6,94.0,0,10.666666666666666,33,VER,Red Bull Racing,17.0,0.0,0.0,0.0,True,Puncture
2020,Emilia Romagna Grand Prix,13,1.0,19,15.5,10.0,3.0,9,13.62962962962963,15.416666666666666,17.0,15.2,0,0,255.0,0,3.666666666666666,20,MAG,Haas F1 Team,18.0,0.0,0.0,0.0,False,Illness
2020,Emilia Romagna Grand Prix,13,40.0,12,10.583333333333334,10.0,120.0,5,11.018518518518519,10.333333333333334,12.0,11.0,0,0,216.0,0,-2.0,31,OCO,Renault,19.0,0.0,0.0,0.0,False,Gearbox
2020,Emilia Romagna Grand Prix,13,63.0,9,9.833333333333334,10.0,77.0,7,10.875,10.416666666666666,4.0,8.2,1,1,193.0,0,2.999999999999999,10,GAS,AlphaTauri,20.0,0.0,0.0,0.0,False,Water pressure
2020,Turkish Grand Prix,14,282.0,1,1.9230769230769231,10.0,479.0,1,3.4454545454545453,1.5384615384615385,6.0,1.4,31,31,0.0,0,2.6666666666666665,44,HAM,Mercedes,1.0,25.0,25.0,0.0,False,Finished
2020,Turkish Grand Prix,14,82.0,6,6.363636363636363,10.0,149.0,3,10.779069767441861,7.181818181818182,3.0,5.2,0,0,200.0,0,0.6666666666666661,11,PER,Racing Point,2.0,18.0,18.0,0.0,False,Finished
2020,Turkish Grand Prix,14,18.0,14,11.846153846153847,10.0,103.0,6,6.672727272727273,12.076923076923077,11.0,11.2,6,6,264.0,0,3.333333333333334,5,VET,Ferrari,3.0,15.0,15.0,0.0,False,Finished
2020,Turkish Grand Prix,14,85.0,5,9.307692307692308,10.0,103.0,6,6.672727272727273,8.0,12.0,6.0,2,2,197.0,0,5.333333333333333,16,LEC,Ferrari,4.0,12.0,12.0,0.0,False,Finished
2020,Turkish Grand Prix,14,65.0,8,10.153846153846153,10.0,134.0,5,11.190909090909091,7.538461538461538,15.0,11.0,0,0,217.0,0,7.0,55,SAI,McLaren,5.0,10.0,10.0,0.0,False,Finished
2020,Turkish Grand Prix,14,162.0,3,7.153846153846154,10.0,226.0,2,7.254545454545455,3.3076923076923075,2.0,8.6,6,6,120.0,0,5.333333333333333,33,VER,Red Bull Racing,6.0,8.0,8.0,0.0,False,Finished
2020,Turkish Grand Prix,14,64.0,9,9.307692307692308,10.0,226.0,2,7.254545454545455,7.6923076923076925,4.0,11.4,0,0,218.0,0,-5.333333333333332,23,ALB,Red Bull Racing,7.0,6.0,6.0,0.0,False,Finished
2020,Turkish Grand Prix,14,69.0,7,8.76923076923077,10.0,134.0,5,11.190909090909091,7.923076923076923,14.0,11.6,0,0,213.0,0,-4.0,4,NOR,McLaren,8.0,4.0,4.0,0.0,False,Finished
2020,Turkish Grand Prix,14,57.0,11,10.5,10.0,149.0,3,10.779069767441861,8.583333333333334,1.0,13.8,0,0,225.0,0,-9.333333333333334,18,STR,Racing Point,9.0,2.0,2.0,0.0,False,Finished
2020,Turkish Grand Prix,14,95.0,4,7.538461538461538,10.0,135.0,4,11.018181818181818,7.6923076923076925,5.0,4.8,2,2,187.0,0,0.0,3,RIC,Renault,10.0,1.0,1.0,0.0,False,Finished
2020,Turkish Grand Prix,14,40.0,12,11.23076923076923,10.0,135.0,4,11.018181818181818,10.461538461538462,7.0,13.2,0,0,242.0,0,-5.333333333333334,31,OCO,Renault,11.0,0.0,0.0,0.0,False,+1 Lap
2020,Turkish Grand Prix,14,26.0,13,11.307692307692308,10.0,89.0,7,10.961538461538462,13.0,16.0,10.6,0,0,256.0,0,-4.666666666666666,26,KVY,AlphaTauri,12.0,0.0,0.0,0.0,False,+1 Lap
2020,Turkish Grand Prix,14,63.0,10,10.615384615384615,10.0,89.0,7,10.961538461538462,9.923076923076923,19.0,12.0,1,1,219.0,0,-0.3333333333333339,10,GAS,AlphaTauri,13.0,0.0,0.0,0.0,False,+1 Lap
2020,Turkish Grand Prix,14,197.0,2,4.3076923076923075,10.0,479.0,1,3.4454545454545453,1.9230769230769231,9.0,5.2,6,6,85.0,0,-5.0,77,BOT,Mercedes,14.0,0.0,0.0,0.0,False,+1 Lap
2020,Turkish Grand Prix,14,4.0,16,12.76923076923077,10.0,8.0,8,13.014705882352942,16.923076923076923,8.0,11.0,1,1,278.0,0,1.333333333333334,7,RAI,Alfa Romeo Racing,15.0,0.0,0.0,0.0,False,+1 Lap
2020,Turkish Grand Prix,14,0.0,20,16.0,10.0,0.0,10,15.663636363636364,15.538461538461538,0.0,15.8,0,0,282.0,0,-2.333333333333334,63,RUS,Williams,16.0,0.0,0.0,0.0,False,+1 Lap
2020,Turkish Grand Prix,14,1.0,19,15.692307692307692,10.0,3.0,9,13.672727272727272,15.538461538461538,13.0,15.0,0,0,281.0,0,0.0,20,MAG,Haas F1 Team,17.0,0.0,0.0,0.0,False,Withdrew
2020,Turkish Grand Prix,14,2.0,18,14.76923076923077,10.0,3.0,9,13.672727272727272,13.538461538461538,17.0,13.8,0,0,280.0,0,0.33333333333333215,8,GRO,Haas F1 Team,18.0,0.0,0.0,0.0,False,Collision damage
2020,Turkish Grand Prix,14,0.0,20,15.384615384615385,10.0,0.0,10,15.663636363636364,18.692307692307693,0.0,14.8,0,0,282.0,0,-0.3333333333333339,6,LAT,Williams,19.0,0.0,0.0,0.0,False,Collision damage
2020,Turkish Grand Prix,14,4.0,16,14.153846153846153,10.0,8.0,8,13.014705882352942,17.76923076923077,10.0,12.6,0,0,278.0,0,3.0,99,GIO,Alfa Romeo Racing,20.0,0.0,0.0,0.0,False,Gearbox
2020,Bahrain Grand Prix,15,307.0,1,1.8571428571428572,2.0,504.0,1,2.0,1.8571428571428572,1.0,1.4,32,32,0.0,0,0.6666666666666667,44,HAM,Mercedes,1.0,25.0,25.0,0.0,False,Finished
2020,Bahrain Grand Prix,15,170.0,3,7.071428571428571,11.5,240.0,2,6.75,3.2142857142857144,3.0,6.0,6,6,137.0,0,-0.9999999999999991,33,VER,Red Bull Racing,2.0,18.0,18.0,0.0,False,Finished
2020,Bahrain Grand Prix,15,70.0,9,9.142857142857142,9.0,240.0,2,6.75,7.428571428571429,4.0,12.2,0,0,237.0,0,-1.333333333333334,23,ALB,Red Bull Racing,3.0,15.0,15.0,0.0,False,Finished
2020,Bahrain Grand Prix,15,74.0,8,8.714285714285714,6.0,149.0,4,10.0,8.357142857142858,9.0,12.0,0,0,233.0,0,2.666666666666668,4,NOR,McLaren,4.0,12.0,12.0,0.0,False,Finished
2020,Bahrain Grand Prix,15,75.0,7,9.785714285714286,15.0,149.0,4,10.0,8.071428571428571,15.0,8.4,0,0,232.0,0,8.0,55,SAI,McLaren,5.0,10.0,10.0,0.0,False,Finished
2020,Bahrain Grand Prix,15,63.0,10,10.785714285714286,6.0,89.0,7,11.25,10.571428571428571,8.0,10.6,1,1,244.0,0,-1.0,10,GAS,AlphaTauri,6.0,8.0,8.0,0.0,False,Finished
2020,Bahrain Grand Prix,15,96.0,6,7.714285714285714,19.0,136.0,5,9.0,7.5,6.0,6.0,2,2,211.0,0,-3.333333333333333,3,RIC,Renault,7.0,6.0,6.0,0.0,False,Finished
2020,Bahrain Grand Prix,15,197.0,2,5.0,2.0,504.0,1,2.0,2.4285714285714284,2.0,7.6,6,6,110.0,0,1.333333333333333,77,BOT,Mercedes,8.0,4.0,4.0,0.0,False,Finished
2020,Bahrain Grand Prix,15,40.0,12,11.214285714285714,10.0,136.0,5,9.0,10.214285714285714,7.0,12.6,0,0,267.0,0,0.3333333333333339,31,OCO,Renault,9.0,2.0,2.0,0.0,False,Finished
2020,Bahrain Grand Prix,15,97.0,5,8.928571428571429,7.5,130.0,6,9.5,8.285714285714286,12.0,5.2,2,2,210.0,0,2.666666666666667,16,LEC,Ferrari,10.0,1.0,1.0,0.0,False,+1 Lap
2020,Bahrain Grand Prix,15,26.0,14,11.357142857142858,12.0,89.0,7,11.25,13.214285714285714,10.0,11.6,0,0,281.0,0,-1.666666666666666,26,KVY,AlphaTauri,11.0,0.0,0.0,0.0,False,+1 Lap
2020,Bahrain Grand Prix,15,0.0,20,16.0,15.0,0.0,10,15.0,14.428571428571429,14.0,16.8,0,0,307.0,0,0.9999999999999982,63,RUS,Williams,12.0,0.0,0.0,0.0,False,+1 Lap
2020,Bahrain Grand Prix,15,33.0,13,11.214285714285714,3.0,130.0,6,9.5,12.0,11.0,9.8,6,6,274.0,0,3.0,5,VET,Ferrari,13.0,0.0,0.0,0.0,False,+1 Lap
2020,Bahrain Grand Prix,15,0.0,20,15.642857142857142,10.0,0.0,10,15.0,17.357142857142858,20.0,15.6,0,0,307.0,0,-1.0,6,LAT,Williams,14.0,0.0,0.0,0.0,False,+1 Lap
2020,Bahrain Grand Prix,15,4.0,16,12.928571428571429,12.5,8.0,8,14.75,16.285714285714285,17.0,12.2,1,1,303.0,0,0.0,7,RAI,Alfa Romeo Racing,15.0,0.0,0.0,0.0,False,+1 Lap
2020,Bahrain Grand Prix,15,4.0,16,14.571428571428571,11.0,8.0,8,14.75,17.214285714285715,16.0,13.2,0,0,303.0,0,-2.333333333333334,99,GIO,Alfa Romeo Racing,16.0,0.0,0.0,0.0,False,+1 Lap
2020,Bahrain Grand Prix,15,1.0,19,15.785714285714286,9.0,3.0,9,18.5,15.357142857142858,18.0,15.2,0,0,306.0,0,-3.333333333333334,20,MAG,Haas F1 Team,17.0,0.0,0.0,0.0,False,+1 Lap
2020,Bahrain Grand Prix,15,100.0,4,6.0,13.0,169.0,3,8.25,6.833333333333333,5.0,4.6,0,0,207.0,0,-0.666666666666667,11,PER,Racing Point,18.0,0.0,0.0,0.0,False,Engine
2020,Bahrain Grand Prix,15,59.0,11,10.384615384615385,14.0,169.0,3,8.25,8.0,13.0,15.0,0,0,248.0,0,-2.0,18,STR,Racing Point,19.0,0.0,0.0,0.0,False,Collision
2020,Bahrain Grand Prix,15,2.0,18,15.0,16.5,3.0,9,18.5,13.785714285714286,19.0,15.0,0,0,305.0,0,-3.666666666666666,8,GRO,Haas F1 Team,20.0,0.0,0.0,0.0,False,Collision
2020,Sakhir Grand Prix,16,100.0,5,6.923076923076923,10.0,169.0,4,10.833333333333334,6.6923076923076925,5.0,7.4,0,0,232.0,0,-3.666666666666666,11,PER,Racing Point,1.0,25.0,25.0,0.0,False,Finished
2020,Sakhir Grand Prix,16,42.0,12,11.066666666666666,10.0,144.0,5,10.956140350877194,10.0,11.0,13.0,0,0,290.0,0,-2.0,31,OCO,Renault,2.0,18.0,18.0,0.0,False,Finished
2020,Sakhir Grand Prix,16,59.0,11,11.0,10.0,169.0,4,10.833333333333334,8.357142857142858,10.0,16.2,0,0,273.0,0,4.000000000000002,18,STR,Racing Point,3.0,15.0,15.0,0.0,False,Finished
2020,Sakhir Grand Prix,16,85.0,8,9.466666666666667,10.0,171.0,3,10.991228070175438,8.533333333333333,8.0,5.6,0,0,247.0,0,4.333333333333333,55,SAI,McLaren,4.0,12.0,12.0,0.0,False,Finished
2020,Sakhir Grand Prix,16,102.0,4,7.666666666666667,10.0,144.0,5,10.956140350877194,7.4,7.0,6.4,2,2,230.0,0,-1.0,3,RIC,Renault,5.0,10.0,10.0,0.0,False,Finished
2020,Sakhir Grand Prix,16,85.0,8,8.733333333333333,10.0,274.0,2,7.157894736842105,7.2,12.0,10.8,0,0,247.0,0,4.666666666666666,23,ALB,Red Bull Racing,6.0,8.0,8.0,0.0,False,Finished
2020,Sakhir Grand Prix,16,26.0,14,11.333333333333334,10.0,97.0,7,10.9,13.0,6.0,12.2,0,0,306.0,0,5.0,26,KVY,AlphaTauri,7.0,6.0,6.0,0.0,False,Finished
2020,Sakhir Grand Prix,16,201.0,2,5.2,10.0,533.0,1,3.5350877192982457,2.4,1.0,9.0,6,6,131.0,0,-0.666666666666667,77,BOT,Mercedes,8.0,4.0,4.0,0.0,False,Finished
2020,Sakhir Grand Prix,16,0.0,20,15.733333333333333,10.0,0.0,10,15.649122807017545,14.4,2.0,15.6,0,0,332.0,0,2.666666666666666,63,RUS,Mercedes,9.0,2.0,2.0,0.0,False,Finished
2020,Sakhir Grand Prix,16,86.0,7,8.4,10.0,171.0,3,10.991228070175438,8.4,19.0,9.8,0,0,246.0,0,7.999999999999999,4,NOR,McLaren,10.0,1.0,1.0,0.0,False,Finished
2020,Sakhir Grand Prix,16,71.0,10,10.466666666666667,10.0,97.0,7,10.9,10.4,9.0,10.0,1,1,261.0,0,-6.333333333333333,10,GAS,AlphaTauri,11.0,0.0,0.0,0.0,False,Finished
2020,Sakhir Grand Prix,16,33.0,13,11.333333333333334,10.0,131.0,6,6.701754385964913,11.933333333333334,13.0,9.8,6,6,299.0,0,2.0,5,VET,Ferrari,12.0,0.0,0.0,0.0,False,Finished
2020,Sakhir Grand Prix,16,4.0,16,14.666666666666666,10.0,8.0,8,13.208333333333334,17.133333333333333,14.0,14.2,0,0,328.0,0,-3.333333333333334,99,GIO,Alfa Romeo Racing,13.0,0.0,0.0,0.0,False,Finished
2020,Sakhir Grand Prix,16,4.0,16,13.066666666666666,10.0,8.0,8,13.208333333333334,16.333333333333332,18.0,12.4,1,1,328.0,0,-0.6666666666666661,7,RAI,Alfa Romeo Racing,14.0,0.0,0.0,0.0,False,Finished
2020,Sakhir Grand Prix,16,1.0,19,15.866666666666667,10.0,3.0,9,13.824561403508772,15.533333333333333,15.0,16.2,0,0,331.0,0,-3.666666666666666,20,MAG,Haas F1 Team,15.0,0.0,0.0,0.0,False,Finished
2020,Sakhir Grand Prix,16,0.0,20,,10.0,0.0,10,15.649122807017545,17.0,17.0,,0,0,332.0,0,0.0,89,AIT,Williams,16.0,0.0,0.0,0.0,False,Finished
2020,Sakhir Grand Prix,16,0.0,20,,10.0,0.0,10,15.649122807017545,20.0,20.0,,0,0,332.0,0,0.0,51,FIT,Haas F1 Team,17.0,0.0,0.0,0.0,False,Finished
2020,Sakhir Grand Prix,16,0.0,20,15.533333333333333,10.0,0.0,10,15.649122807017545,17.533333333333335,16.0,15.2,0,0,332.0,0,1.333333333333334,6,LAT,Williams,18.0,0.0,0.0,0.0,False,Engine
2020,Sakhir Grand Prix,16,189.0,3,6.733333333333333,10.0,274.0,2,7.157894736842105,3.2,3.0,6.0,6,6,143.0,0,-6.0,33,VER,Red Bull Racing,19.0,0.0,0.0,0.0,False,Accident
2020,Sakhir Grand Prix,16,98.0,6,9.0,10.0,131.0,6,6.701754385964913,8.533333333333333,4.0,6.0,2,2,234.0,0,-0.6666666666666661,16,LEC,Ferrari,20.0,0.0,0.0,0.0,False,Collision
2020,Abu Dhabi Grand Prix,17,189.0,3,7.5,2.5,282.0,2,3.75,3.1875,1.0,9.4,6,6,143.0,0,-1.666666666666667,33,VER,Red Bull Racing,1.0,25.0,25.0,0.0,False,Finished
2020,Abu Dhabi Grand Prix,17,205.0,2,5.375,4.5,540.0,1,2.75,2.3125,2.0,6.8,6,6,127.0,0,-2.333333333333333,77,BOT,Mercedes,2.0,18.0,18.0,0.0,False,Finished
2020,Abu Dhabi Grand Prix,17,332.0,1,1.8,1.0,540.0,1,2.75,1.8,3.0,1.0,33,33,0.0,0,0.6666666666666667,44,HAM,Mercedes,3.0,15.0,15.0,0.0,False,Finished
2020,Abu Dhabi Grand Prix,17,93.0,8,8.5625,6.0,282.0,2,3.75,7.5,5.0,8.6,0,0,239.0,0,9.333333333333332,23,ALB,Red Bull Racing,4.0,12.0,12.0,0.0,False,Finished
2020,Abu Dhabi Grand Prix,17,87.0,9,8.5,8.0,184.0,4,13.25,9.0625,4.0,8.6,0,0,245.0,0,5.000000000000001,4,NOR,McLaren,5.0,10.0,10.0,0.0,False,Finished
2020,Abu Dhabi Grand Prix,17,97.0,7,9.125,8.0,184.0,4,13.25,8.5,6.0,5.4,0,0,235.0,0,1.333333333333333,55,SAI,McLaren,6.0,8.0,8.0,0.0,False,Finished
2020,Abu Dhabi Grand Prix,17,112.0,5,7.5,7.5,172.0,5,10.75,7.375,11.0,6.8,2,2,220.0,0,-2.333333333333333,3,RIC,Renault,7.0,6.0,6.0,0.0,False,Finished
2020,Abu Dhabi Grand Prix,17,71.0,11,10.5,17.0,103.0,7,12.0,10.3125,9.0,11.0,1,1,261.0,0,0.3333333333333339,10,GAS,AlphaTauri,8.0,4.0,4.0,0.0,False,Finished
2020,Abu Dhabi Grand Prix,17,60.0,12,10.5,17.0,172.0,5,10.75,10.0625,10.0,9.8,0,0,272.0,0,7.666666666666667,31,OCO,Renault,9.0,2.0,2.0,0.0,False,Finished
2020,Abu Dhabi Grand Prix,17,74.0,10,10.466666666666667,16.5,209.0,3,7.25,8.466666666666667,8.0,12.8,0,0,258.0,0,7.333333333333334,18,STR,Racing Point,10.0,1.0,1.0,0.0,False,Finished
2020,Abu Dhabi Grand Prix,17,32.0,14,11.0625,9.0,103.0,7,12.0,12.5625,7.0,10.6,0,0,300.0,0,2.666666666666666,26,KVY,AlphaTauri,11.0,0.0,0.0,0.0,False,+1 Lap
2020,Abu Dhabi Grand Prix,17,4.0,16,13.125,16.0,8.0,8,13.5,16.4375,15.0,12.8,1,1,328.0,0,-4.0,7,RAI,Alfa Romeo Racing,12.0,0.0,0.0,0.0,False,+1 Lap
2020,Abu Dhabi Grand Prix,17,98.0,6,9.6875,5.0,131.0,6,13.0,8.25,12.0,8.6,2,2,234.0,0,-6.000000000000001,16,LEC,Ferrari,13.0,0.0,0.0,0.0,False,+1 Lap
2020,Abu Dhabi Grand Prix,17,33.0,13,11.375,3.5,131.0,6,13.0,12.0,13.0,10.0,6,6,299.0,0,1.666666666666666,5,VET,Ferrari,14.0,0.0,0.0,0.0,False,+1 Lap
2020,Abu Dhabi Grand Prix,17,3.0,18,15.3125,17.0,0.0,10,16.0,13.625,16.0,13.4,0,0,329.0,0,4.333333333333334,63,RUS,Williams,15.0,0.0,0.0,0.0,False,+1 Lap
2020,Abu Dhabi Grand Prix,17,4.0,16,14.5625,16.0,8.0,8,13.5,16.9375,14.0,14.8,0,0,328.0,0,-4.666666666666666,99,GIO,Alfa Romeo Racing,16.0,0.0,0.0,0.0,False,+1 Lap
2020,Abu Dhabi Grand Prix,17,0.0,21,15.6875,10.0,0.0,10,16.0,17.4375,18.0,16.0,0,0,332.0,0,-2.666666666666666,6,LAT,Williams,17.0,0.0,0.0,0.0,False,+1 Lap
2020,Abu Dhabi Grand Prix,17,1.0,20,15.8125,12.0,3.0,9,12.75,15.5,20.0,16.6,0,0,331.0,0,-0.6666666666666661,20,MAG,Haas F1 Team,18.0,0.0,0.0,0.0,False,+1 Lap
2020,Abu Dhabi Grand Prix,17,0.0,21,17.0,10.0,3.0,9,12.75,20.0,17.0,17.0,0,0,332.0,0,0.0,51,FIT,Haas F1 Team,19.0,0.0,0.0,0.0,False,+2 Laps
2020,Abu Dhabi Grand Prix,17,125.0,4,6.5,7.5,209.0,3,7.25,6.571428571428571,19.0,6.8,1,1,207.0,0,-1.333333333333333,11,PER,Racing Point,20.0,0.0,0.0,0.0,False,Transmission
2021,Bahrain Grand Prix,1,347.0,1,1.875,1.6666666666666667,573.0,1,2.1666666666666665,2.0,2.0,1.4,33,22,0.0,0,-0.6666666666666667,44,HAM,Mercedes,1.0,25.0,25.0,0.0,False,Finished
2021,Bahrain Grand Prix,1,214.0,3,7.117647058823529,8.333333333333334,319.0,2,6.0,1.0,1.0,9.0,7,5,133.0,0,1.333333333333333,33,VER,Red Bull Racing,2.0,18.0,18.0,0.0,False,Finished
2021,Bahrain Grand Prix,1,223.0,2,5.176470588235294,4.0,573.0,1,2.1666666666666665,3.0,3.0,6.8,6,6,124.0,0,0.0,77,BOT,Mercedes,3.0,15.0,15.0,0.0,False,Finished
2021,Bahrain Grand Prix,1,97.0,9,8.294117647058824,5.0,202.0,4,9.5,7.0,7.0,7.0,0,0,250.0,0,3.333333333333333,4,NOR,McLaren,4.0,12.0,12.0,0.0,False,Finished
2021,Bahrain Grand Prix,1,125.0,4,7.4,14.666666666666666,210.0,3,7.0,0.0,0.0,9.4,1,1,222.0,0,-8.0,11,PER,Red Bull Racing,5.0,10.0,10.0,0.0,False,Finished
2021,Bahrain Grand Prix,1,98.0,8,9.882352941176471,8.333333333333334,131.0,6,10.166666666666666,4.0,4.0,10.4,2,2,249.0,0,-10.0,16,LEC,Ferrari,6.0,8.0,8.0,0.0,False,Finished
2021,Bahrain Grand Prix,1,119.0,5,7.470588235294118,15.0,181.0,5,8.666666666666666,6.0,6.0,6.4,2,0,228.0,0,1.0,3,RIC,McLaren,7.0,6.0,6.0,0.0,False,Finished
2021,Bahrain Grand Prix,1,105.0,6,8.941176470588236,11.666666666666666,202.0,4,9.5,8.0,8.0,5.4,0,0,242.0,0,1.0,55,SAI,Ferrari,8.0,4.0,4.0,0.0,False,Finished
2021,Bahrain Grand Prix,1,0.0,20,,10.0,0.0,10,14.333333333333334,13.0,13.0,,0,0,347.0,0,0.0,22,TSU,AlphaTauri,9.0,2.0,2.0,0.0,False,Finished
2021,Bahrain Grand Prix,1,75.0,10,10.4375,15.666666666666666,210.0,3,7.0,10.0,10.0,10.8,0,0,272.0,0,3.333333333333334,18,STR,Aston Martin,10.0,1.0,1.0,0.0,False,Finished
2021,Bahrain Grand Prix,1,4.0,16,13.058823529411764,13.333333333333334,8.0,8,16.0,14.0,14.0,13.0,1,0,343.0,0,-2.0,7,RAI,Alfa Romeo Racing,11.0,0.0,0.0,0.0,False,Finished
2021,Bahrain Grand Prix,1,4.0,16,14.647058823529411,13.5,8.0,8,16.0,12.0,12.0,15.0,0,0,343.0,0,0.0,99,GIO,Alfa Romeo Racing,12.0,0.0,0.0,0.0,False,+1 Lap
2021,Bahrain Grand Prix,1,62.0,12,10.411764705882353,9.5,181.0,5,8.666666666666666,16.0,16.0,10.0,0,0,285.0,0,5.999999999999999,31,OCO,Alpine,13.0,0.0,0.0,0.0,False,+1 Lap
2021,Bahrain Grand Prix,1,3.0,18,15.294117647058824,13.5,0.0,10,14.333333333333334,15.0,15.0,13.6,0,0,344.0,0,3.333333333333334,63,RUS,Williams,14.0,0.0,0.0,0.0,False,+1 Lap
2021,Bahrain Grand Prix,1,33.0,13,11.529411764705882,6.333333333333333,131.0,6,10.166666666666666,20.0,20.0,10.8,6,1,314.0,0,-4.666666666666666,5,VET,Aston Martin,15.0,0.0,0.0,0.0,False,+1 Lap
2021,Bahrain Grand Prix,1,0.0,20,,10.0,0.0,10,14.333333333333334,18.0,18.0,,0,0,347.0,0,0.0,47,MSC,Haas F1 Team,16.0,0.0,0.0,0.0,False,+1 Lap
2021,Bahrain Grand Prix,1,75.0,10,10.352941176470589,6.0,107.0,7,12.666666666666666,5.0,5.0,11.6,1,1,272.0,0,4.333333333333332,10,GAS,AlphaTauri,17.0,0.0,0.0,0.0,False,Retired
2021,Bahrain Grand Prix,1,0.0,21,15.764705882352942,14.0,0.0,10,14.333333333333334,17.0,17.0,15.8,0,0,347.0,0,-0.33333333333333215,6,LAT,Williams,18.0,0.0,0.0,0.0,False,Retired
2021,Bahrain Grand Prix,1,0.0,20,,7.0,0.0,10,14.333333333333334,9.0,9.0,,0,0,347.0,0,0.0,14,ALO,Alpine,19.0,0.0,0.0,0.0,False,Brakes
2021,Bahrain Grand Prix,1,0.0,20,,9.0,0.0,10,14.333333333333334,19.0,19.0,,0,0,347.0,0,0.0,9,MAZ,Haas F1 Team,20.0,0.0,0.0,0.0,False,Accident
2021,Emilia Romagna Grand Prix,2,18.0,2,2.0,17.0,28.0,2,11.0,1.0,3.0,2.0,7,5,7.0,0,0.0,33,VER,Red Bull Racing,1.0,25.0,25.0,0.0,False,Finished
2021,Emilia Romagna Grand Prix,2,25.0,1,1.0,1.0,41.0,1,1.5,2.0,1.0,1.0,34,23,0.0,0,0.0,44,HAM,Mercedes,2.0,18.0,18.0,0.0,False,Finished
2021,Emilia Romagna Grand Prix,2,12.0,4,4.0,8.0,18.0,3,12.0,7.0,7.0,4.0,0,0,13.0,0,0.0,4,NOR,McLaren,3.0,15.0,15.0,0.0,False,Finished
2021,Emilia Romagna Grand Prix,2,8.0,6,6.0,5.0,12.0,4,7.5,4.0,4.0,6.0,2,2,17.0,0,0.0,16,LEC,Ferrari,4.0,12.0,12.0,0.0,False,Finished
2021,Emilia Romagna Grand Prix,2,4.0,8,8.0,7.0,12.0,4,7.5,8.0,11.0,8.0,0,0,21.0,0,0.0,55,SAI,Ferrari,5.0,10.0,10.0,0.0,False,Finished
2021,Emilia Romagna Grand Prix,2,6.0,7,7.0,3.0,18.0,3,12.0,6.0,6.0,7.0,2,0,19.0,0,0.0,3,RIC,McLaren,6.0,8.0,8.0,0.0,False,Finished
2021,Emilia Romagna Grand Prix,2,0.0,11,17.0,20.0,2.0,5,8.5,5.0,5.0,17.0,1,1,25.0,0,0.0,10,GAS,AlphaTauri,7.0,6.0,6.0,0.0,False,Finished
2021,Emilia Romagna Grand Prix,2,1.0,10,10.0,13.0,1.0,6,9.5,10.0,10.0,10.0,0,0,24.0,0,0.0,18,STR,Aston Martin,8.0,4.0,4.0,0.0,False,Finished
2021,Emilia Romagna Grand Prix,2,0.0,11,13.0,19.0,0.0,8,16.0,16.0,9.0,13.0,0,0,25.0,0,0.0,31,OCO,Alpine,9.0,2.0,2.0,0.0,False,Finished
2021,Emilia Romagna Grand Prix,2,0.0,11,19.0,10.0,0.0,8,16.0,9.0,15.0,19.0,0,0,25.0,0,0.0,14,ALO,Alpine,10.0,1.0,1.0,0.0,False,Finished
2021,Emilia Romagna Grand Prix,2,10.0,5,5.0,6.0,28.0,2,11.0,0.0,2.0,5.0,1,1,15.0,0,0.0,11,PER,Red Bull Racing,11.0,0.0,0.0,0.0,False,Finished
2021,Emilia Romagna Grand Prix,2,2.0,9,9.0,10.0,2.0,5,8.5,13.0,20.0,9.0,0,0,23.0,0,0.0,22,TSU,AlphaTauri,12.0,0.0,0.0,0.0,False,Finished
2021,Emilia Romagna Grand Prix,2,0.0,11,11.0,9.0,0.0,7,9.5,14.0,16.0,11.0,1,0,25.0,0,0.0,7,RAI,Alfa Romeo Racing,13.0,0.0,0.0,0.0,False,Finished
2021,Emilia Romagna Grand Prix,2,0.0,11,12.0,10.0,0.0,7,9.5,12.0,17.0,12.0,0,0,25.0,0,0.0,99,GIO,Alfa Romeo Racing,14.0,0.0,0.0,0.0,False,+1 Lap
2021,Emilia Romagna Grand Prix,2,0.0,11,15.0,12.0,1.0,6,9.5,20.0,0.0,15.0,6,1,25.0,0,0.0,5,VET,Aston Martin,15.0,0.0,0.0,0.0,False,Gearbox
2021,Emilia Romagna Grand Prix,2,0.0,11,16.0,10.0,0.0,9,16.0,18.0,18.0,16.0,0,0,25.0,0,0.0,47,MSC,Haas F1 Team,16.0,0.0,0.0,0.0,False,+2 Laps
2021,Emilia Romagna Grand Prix,2,0.0,11,20.0,10.0,0.0,9,16.0,19.0,19.0,20.0,0,0,25.0,0,0.0,9,MAZ,Haas F1 Team,17.0,0.0,0.0,0.0,False,+2 Laps
2021,Emilia Romagna Grand Prix,2,16.0,3,3.0,2.0,41.0,1,1.5,3.0,8.0,3.0,6,6,9.0,0,0.0,77,BOT,Mercedes,18.0,0.0,0.0,0.0,False,Collision
2021,Emilia Romagna Grand Prix,2,0.0,11,14.0,16.0,0.0,10,13.5,15.0,12.0,14.0,0,0,25.0,0,0.0,63,RUS,Williams,19.0,0.0,0.0,0.0,False,Collision
2021,Emilia Romagna Grand Prix,2,0.0,11,18.0,11.0,0.0,10,13.5,17.0,14.0,18.0,0,0,25.0,0,0.0,6,LAT,Williams,20.0,0.0,0.0,0.0,False,Collision
2021,Portuguese Grand Prix,3,44.0,1,1.5,1.0,60.0,1,1.5,1.5,2.0,1.5,34,23,0.0,0,0.0,44,HAM,Mercedes,1.0,25.0,25.0,0.0,False,Finished
2021,Portuguese Grand Prix,3,43.0,2,1.5,3.0,53.0,2,7.5,2.0,3.0,1.5,8,6,1.0,0,0.0,33,VER,Red Bull Racing,2.0,18.0,18.0,0.0,False,Finished
2021,Portuguese Grand Prix,3,16.0,5,10.5,2.0,60.0,1,1.5,5.5,1.0,10.5,6,6,28.0,0,0.0,77,BOT,Mercedes,3.0,15.0,15.0,0.0,False,Finished
2021,Portuguese Grand Prix,3,10.0,8,8.0,7.0,53.0,2,7.5,1.0,4.0,8.0,1,1,34.0,0,0.0,11,PER,Red Bull Racing,4.0,12.0,12.0,0.0,False,Finished
2021,Portuguese Grand Prix,3,27.0,3,3.5,13.0,41.0,3,7.0,7.0,7.0,3.5,0,0,17.0,0,0.0,4,NOR,McLaren,5.0,10.0,10.0,0.0,False,Finished
2021,Portuguese Grand Prix,3,20.0,4,5.0,4.0,34.0,4,12.0,4.0,8.0,5.0,2,2,24.0,0,0.0,16,LEC,Ferrari,6.0,8.0,8.0,0.0,False,Finished
2021,Portuguese Grand Prix,3,2.0,11,11.0,8.0,3.0,7,13.5,12.5,6.0,11.0,0,0,42.0,0,0.0,31,OCO,Alpine,7.0,6.0,6.0,0.0,False,Finished
2021,Portuguese Grand Prix,3,1.0,13,14.5,10.0,3.0,7,13.5,12.0,13.0,14.5,0,0,43.0,0,0.0,14,ALO,Alpine,8.0,4.0,4.0,0.0,False,Finished
2021,Portuguese Grand Prix,3,14.0,6,6.5,9.0,41.0,3,7.0,6.0,16.0,6.5,2,0,30.0,0,0.0,3,RIC,McLaren,9.0,2.0,2.0,0.0,False,Finished
2021,Portuguese Grand Prix,3,6.0,9,12.0,5.0,8.0,5,9.5,5.0,9.0,12.0,1,1,38.0,0,0.0,10,GAS,AlphaTauri,10.0,1.0,1.0,0.0,False,Finished
2021,Portuguese Grand Prix,3,14.0,6,6.5,6.0,34.0,4,12.0,9.5,5.0,6.5,0,0,30.0,0,0.0,55,SAI,Ferrari,11.0,0.0,0.0,0.0,False,Finished
2021,Portuguese Grand Prix,3,0.0,14,13.0,15.0,0.0,8,13.0,14.5,12.0,13.0,0,0,44.0,0,0.0,99,GIO,Alfa Romeo Racing,12.0,0.0,0.0,0.0,False,+1 Lap
2021,Portuguese Grand Prix,3,0.0,14,15.0,10.0,5.0,6,8.5,10.0,10.0,15.0,6,1,44.0,0,0.0,5,VET,Aston Martin,13.0,0.0,0.0,0.0,False,+1 Lap
2021,Portuguese Grand Prix,3,5.0,10,9.0,20.0,5.0,6,8.5,10.0,17.0,9.0,0,0,39.0,0,0.0,18,STR,Aston Martin,14.0,0.0,0.0,0.0,False,+1 Lap
2021,Portuguese Grand Prix,3,2.0,11,10.5,10.0,8.0,5,9.5,16.5,14.0,10.5,0,0,42.0,0,0.0,22,TSU,AlphaTauri,15.0,0.0,0.0,0.0,False,+1 Lap
2021,Portuguese Grand Prix,3,0.0,14,16.5,14.0,0.0,10,16.0,13.5,11.0,16.5,0,0,44.0,0,0.0,63,RUS,Williams,16.0,0.0,0.0,0.0,False,+1 Lap
2021,Portuguese Grand Prix,3,0.0,14,16.0,10.0,0.0,9,16.5,18.0,19.0,16.0,0,0,44.0,0,0.0,47,MSC,Haas F1 Team,17.0,0.0,0.0,0.0,False,+2 Laps
2021,Portuguese Grand Prix,3,0.0,14,19.0,18.0,0.0,10,16.0,15.5,18.0,19.0,0,0,44.0,0,0.0,6,LAT,Williams,18.0,0.0,0.0,0.0,False,+2 Laps
2021,Portuguese Grand Prix,3,0.0,14,18.5,10.0,0.0,9,16.5,19.0,20.0,18.5,0,0,44.0,0,0.0,9,MAZ,Haas F1 Team,19.0,0.0,0.0,0.0,False,+2 Laps
2021,Portuguese Grand Prix,3,0.0,14,12.0,11.0,0.0,8,13.0,15.0,15.0,12.0,1,0,44.0,0,0.0,7,RAI,Alfa Romeo Racing,20.0,0.0,0.0,0.0,False,Collision damage
2021,Spanish Grand Prix,4,69.0,1,1.3333333333333333,1.0,101.0,1,1.6666666666666667,1.6666666666666667,1.0,1.3333333333333333,35,24,0.0,0,0.0,44,HAM,Mercedes,1.0,25.0,25.0,0.0,False,Finished
2021,Spanish Grand Prix,4,61.0,2,1.6666666666666667,2.6666666666666665,83.0,2,4.333333333333333,2.3333333333333335,2.0,1.6666666666666667,8,6,8.0,0,0.0,33,VER,Red Bull Racing,2.0,18.0,18.0,0.0,False,Finished
2021,Spanish Grand Prix,4,32.0,4,8.0,2.3333333333333335,101.0,1,1.6666666666666667,4.0,3.0,8.0,6,6,37.0,0,0.0,77,BOT,Mercedes,3.0,15.0,15.0,0.0,False,Finished
2021,Spanish Grand Prix,4,28.0,5,5.333333333333333,11.666666666666666,42.0,4,9.5,5.333333333333333,4.0,5.333333333333333,2,2,41.0,0,0.0,16,LEC,Ferrari,4.0,12.0,12.0,0.0,False,Finished
2021,Spanish Grand Prix,4,22.0,6,6.666666666666667,9.666666666666666,83.0,2,4.333333333333333,2.0,8.0,6.666666666666667,1,1,47.0,0,0.0,11,PER,Red Bull Racing,5.0,10.0,10.0,0.0,False,Finished
2021,Spanish Grand Prix,4,16.0,7,7.333333333333333,9.333333333333334,53.0,3,6.666666666666667,9.333333333333334,7.0,7.333333333333333,2,0,53.0,0,0.0,3,RIC,McLaren,6.0,8.0,8.0,0.0,False,Finished
2021,Spanish Grand Prix,4,14.0,8,8.0,7.0,42.0,4,9.5,8.0,6.0,8.0,0,0,55.0,0,0.0,55,SAI,Ferrari,7.0,6.0,6.0,0.0,False,Finished
2021,Spanish Grand Prix,4,37.0,3,4.0,15.0,53.0,3,6.666666666666667,7.0,9.0,4.0,0,0,32.0,0,0.0,4,NOR,McLaren,8.0,4.0,4.0,0.0,False,+1 Lap
2021,Spanish Grand Prix,4,8.0,9,9.666666666666666,14.5,13.0,5,13.666666666666666,10.333333333333334,5.0,9.666666666666666,0,0,61.0,0,0.0,31,OCO,Alpine,9.0,2.0,2.0,0.0,False,+1 Lap
2021,Spanish Grand Prix,4,7.0,10,11.333333333333334,11.333333333333334,9.0,6,10.666666666666666,6.333333333333333,12.0,11.333333333333334,1,1,62.0,0,0.0,10,GAS,AlphaTauri,10.0,1.0,1.0,0.0,False,+1 Lap
2021,Spanish Grand Prix,4,5.0,11,10.666666666666666,11.333333333333334,5.0,7,14.166666666666666,12.333333333333334,11.0,10.666666666666666,0,0,64.0,0,0.0,18,STR,Aston Martin,11.0,0.0,0.0,0.0,False,+1 Lap
2021,Spanish Grand Prix,4,0.0,14,14.666666666666666,15.0,0.0,8,15.166666666666666,15.0,17.0,14.666666666666666,1,0,69.0,0,0.0,7,RAI,Alfa Romeo Racing,12.0,0.0,0.0,0.0,False,+1 Lap
2021,Spanish Grand Prix,4,0.0,14,14.333333333333334,5.0,5.0,7,14.166666666666666,10.0,13.0,14.333333333333334,6,1,69.0,0,0.0,5,VET,Aston Martin,13.0,0.0,0.0,0.0,False,+1 Lap
2021,Spanish Grand Prix,4,0.0,14,16.333333333333332,17.0,0.0,10,15.833333333333334,12.666666666666666,15.0,16.333333333333332,0,0,69.0,0,0.0,63,RUS,Williams,14.0,0.0,0.0,0.0,False,+1 Lap
2021,Spanish Grand Prix,4,0.0,14,12.666666666666666,16.0,0.0,8,15.166666666666666,13.666666666666666,14.0,12.666666666666666,0,0,69.0,0,0.0,99,GIO,Alfa Romeo Racing,15.0,0.0,0.0,0.0,False,+1 Lap
2021,Spanish Grand Prix,4,0.0,14,18.666666666666668,18.0,0.0,10,15.833333333333334,16.333333333333332,19.0,18.666666666666668,0,0,69.0,0,0.0,6,LAT,Williams,16.0,0.0,0.0,0.0,False,+1 Lap
2021,Spanish Grand Prix,4,5.0,11,12.333333333333334,8.0,13.0,5,13.666666666666666,12.333333333333334,10.0,12.333333333333334,0,0,64.0,0,0.0,14,ALO,Alpine,17.0,0.0,0.0,0.0,False,+1 Lap
2021,Spanish Grand Prix,4,0.0,14,16.333333333333332,10.0,0.0,9,13.333333333333334,18.333333333333332,18.0,16.333333333333332,0,0,69.0,0,0.0,47,MSC,Haas F1 Team,18.0,0.0,0.0,0.0,False,+2 Laps
2021,Spanish Grand Prix,4,0.0,14,18.666666666666668,13.0,0.0,9,13.333333333333334,19.333333333333332,20.0,18.666666666666668,0,0,69.0,0,0.0,9,MAZ,Haas F1 Team,19.0,0.0,0.0,0.0,False,+2 Laps
2021,Spanish Grand Prix,4,2.0,13,12.0,10.0,9.0,6,10.666666666666666,15.666666666666666,16.0,12.0,0,0,67.0,0,0.0,22,TSU,AlphaTauri,20.0,0.0,0.0,0.0,False,Electrical
2021,Monaco Grand Prix,5,80.0,2,1.75,6.5,112.0,2,4.75,2.25,2.0,1.75,8,6,14.0,1,0.0,33,VER,Red Bull Racing,1.0,25.0,25.0,0.0,False,Finished
2021,Monaco Grand Prix,5,20.0,8,7.75,8.0,60.0,4,8.25,7.5,4.0,7.75,0,0,74.0,1,0.0,55,SAI,Ferrari,2.0,18.0,18.0,0.0,False,Finished
2021,Monaco Grand Prix,5,41.0,4,5.0,11.0,65.0,3,7.5,7.5,5.0,5.0,0,0,53.0,1,0.0,4,NOR,McLaren,3.0,15.0,15.0,0.0,False,Finished
2021,Monaco Grand Prix,5,32.0,6,6.25,12.0,112.0,2,4.75,3.5,9.0,6.25,1,1,62.0,1,0.0,11,PER,Red Bull Racing,4.0,12.0,12.0,0.0,False,Finished
2021,Monaco Grand Prix,5,0.0,14,14.0,2.0,5.0,7,13.0,10.75,8.0,14.0,6,1,94.0,1,0.0,5,VET,Aston Martin,5.0,10.0,10.0,0.0,False,Finished
2021,Monaco Grand Prix,5,8.0,10,11.0,6.0,10.0,6,10.0,7.75,6.0,11.0,1,1,86.0,1,0.0,10,GAS,AlphaTauri,6.0,8.0,8.0,0.0,False,Finished
2021,Monaco Grand Prix,5,94.0,1,1.25,2.0,141.0,1,2.5,1.5,7.0,1.25,36,25,0.0,1,0.0,44,HAM,Mercedes,7.0,6.0,6.0,0.0,False,Finished
2021,Monaco Grand Prix,5,5.0,11,10.75,16.5,5.0,7,13.0,12.0,13.0,10.75,0,0,89.0,1,0.0,18,STR,Aston Martin,8.0,4.0,4.0,0.0,False,+1 Lap
2021,Monaco Grand Prix,5,10.0,9,9.5,6.0,15.0,5,10.75,9.0,11.0,9.5,0,0,84.0,1,0.0,31,OCO,Alpine,9.0,2.0,2.0,0.0,False,+1 Lap
2021,Monaco Grand Prix,5,0.0,14,13.25,19.0,0.0,8,17.5,13.75,10.0,13.25,0,0,94.0,1,0.0,99,GIO,Alfa Romeo Racing,10.0,1.0,1.0,0.0,False,+1 Lap
2021,Monaco Grand Prix,5,0.0,14,14.0,10.5,0.0,8,17.5,15.5,14.0,14.0,1,0,94.0,1,0.0,7,RAI,Alfa Romeo Racing,11.0,0.0,0.0,0.0,False,+1 Lap
2021,Monaco Grand Prix,5,24.0,7,7.0,5.0,65.0,3,7.5,8.75,12.0,7.0,2,0,70.0,1,0.0,3,RIC,McLaren,12.0,0.0,0.0,0.0,False,+1 Lap
2021,Monaco Grand Prix,5,5.0,11,13.5,20.0,15.0,5,10.75,11.75,17.0,13.5,0,0,89.0,1,0.0,14,ALO,Alpine,13.0,0.0,0.0,0.0,False,+1 Lap
2021,Monaco Grand Prix,5,0.0,14,15.75,15.0,0.0,10,16.5,13.25,15.0,15.75,0,0,94.0,1,0.0,63,RUS,Williams,14.0,0.0,0.0,0.0,False,+1 Lap
2021,Monaco Grand Prix,5,0.0,14,18.0,10.0,0.0,10,16.5,17.0,18.0,18.0,0,0,94.0,1,0.0,6,LAT,Williams,15.0,0.0,0.0,0.0,False,+1 Lap
2021,Monaco Grand Prix,5,2.0,13,14.0,10.0,10.0,6,10.0,15.75,16.0,14.0,0,0,92.0,1,0.0,22,TSU,AlphaTauri,16.0,0.0,0.0,0.0,False,+1 Lap
2021,Monaco Grand Prix,5,0.0,14,18.75,11.0,0.0,9,14.25,19.5,19.0,18.75,0,0,94.0,1,0.0,9,MAZ,Haas F1 Team,17.0,0.0,0.0,0.0,False,+3 Laps
2021,Monaco Grand Prix,5,0.0,14,16.75,10.0,0.0,9,14.25,18.25,20.0,16.75,0,0,94.0,1,0.0,47,MSC,Haas F1 Team,18.0,0.0,0.0,0.0,False,+3 Laps
2021,Monaco Grand Prix,5,47.0,3,6.75,4.0,141.0,1,2.5,3.75,3.0,6.75,6,6,47.0,1,0.0,77,BOT,Mercedes,19.0,0.0,0.0,0.0,False,Wheel nut
2021,Monaco Grand Prix,5,40.0,5,5.0,19.0,60.0,4,8.25,5.0,1.0,5.0,2,2,54.0,1,0.0,16,LEC,Ferrari,20.0,0.0,0.0,0.0,False,Driveshaft
2021,Azerbaijan Grand Prix,6,44.0,5,5.8,4.5,149.0,1,2.25,4.6,6.0,5.8,1,1,61.0,1,0.0,11,PER,Red Bull Racing,1.0,25.0,25.0,0.0,False,Finished
2021,Azerbaijan Grand Prix,6,10.0,11,12.2,3.5,19.0,5,8.0,10.2,11.0,12.2,6,1,95.0,1,0.0,5,VET,Aston Martin,2.0,18.0,18.0,0.0,False,Finished
2021,Azerbaijan Grand Prix,6,16.0,9,10.0,14.5,18.0,6,9.5,7.4,4.0,10.0,1,1,89.0,1,0.0,10,GAS,AlphaTauri,3.0,15.0,15.0,0.0,False,Finished
2021,Azerbaijan Grand Prix,6,40.0,6,8.0,5.5,78.0,4,9.5,4.2,1.0,8.0,2,2,65.0,1,0.0,16,LEC,Ferrari,4.0,12.0,12.0,0.0,False,Finished
2021,Azerbaijan Grand Prix,6,56.0,3,4.6,8.0,80.0,3,10.75,7.0,9.0,4.6,0,0,49.0,1,0.0,4,NOR,McLaren,5.0,10.0,10.0,0.0,False,Finished
2021,Azerbaijan Grand Prix,6,5.0,13,13.4,7.0,17.0,7,14.75,12.8,8.0,13.4,0,0,100.0,1,0.0,14,ALO,Alpine,6.0,8.0,8.0,0.0,False,Finished
2021,Azerbaijan Grand Prix,6,2.0,14,14.4,10.0,18.0,6,9.5,15.8,7.0,14.4,0,0,103.0,1,0.0,22,TSU,AlphaTauri,7.0,6.0,6.0,0.0,False,Finished
2021,Azerbaijan Grand Prix,6,38.0,7,6.6,6.0,78.0,4,9.5,6.8,5.0,6.6,0,0,67.0,1,0.0,55,SAI,Ferrari,8.0,4.0,4.0,0.0,False,Finished
2021,Azerbaijan Grand Prix,6,24.0,8,8.0,18.5,80.0,3,10.75,9.4,13.0,8.0,2,0,81.0,1,0.0,3,RIC,McLaren,9.0,2.0,2.0,0.0,False,Finished
2021,Azerbaijan Grand Prix,6,0.0,16,13.4,6.0,1.0,8,14.0,15.2,14.0,13.4,1,0,105.0,1,0.0,7,RAI,Alfa Romeo Racing,10.0,1.0,1.0,0.0,False,Finished
2021,Azerbaijan Grand Prix,6,1.0,15,12.6,12.0,1.0,8,14.0,13.0,20.0,12.6,0,0,104.0,1,0.0,99,GIO,Alfa Romeo Racing,11.0,0.0,0.0,0.0,False,Finished
2021,Azerbaijan Grand Prix,6,47.0,4,9.2,7.5,148.0,2,5.75,3.6,10.0,9.2,6,6,58.0,1,0.0,77,BOT,Mercedes,12.0,0.0,0.0,0.0,False,Finished
2021,Azerbaijan Grand Prix,6,0.0,16,17.0,10.0,0.0,9,15.75,18.6,17.0,17.0,0,0,105.0,1,0.0,47,MSC,Haas F1 Team,13.0,0.0,0.0,0.0,False,Finished
2021,Azerbaijan Grand Prix,6,0.0,16,18.4,11.0,0.0,9,15.75,19.4,18.0,18.4,0,0,105.0,1,0.0,9,MAZ,Haas F1 Team,14.0,0.0,0.0,0.0,False,Finished
2021,Azerbaijan Grand Prix,6,101.0,2,2.4,1.5,148.0,2,5.75,2.6,2.0,2.4,36,25,4.0,1,0.0,44,HAM,Mercedes,15.0,0.0,0.0,0.0,False,Finished
2021,Azerbaijan Grand Prix,6,0.0,16,17.4,10.0,0.0,10,14.75,17.2,16.0,17.4,0,0,105.0,1,0.0,6,LAT,Williams,16.0,0.0,0.0,0.0,False,Finished
2021,Azerbaijan Grand Prix,6,0.0,16,15.4,15.0,0.0,10,14.75,13.6,15.0,15.4,0,0,105.0,1,0.0,63,RUS,Williams,17.0,0.0,0.0,0.0,False,Gearbox
2021,Azerbaijan Grand Prix,6,105.0,1,1.6,10.0,149.0,1,2.25,2.2,3.0,1.6,9,7,0.0,1,0.0,33,VER,Red Bull Racing,18.0,0.0,0.0,0.0,False,Accident
2021,Azerbaijan Grand Prix,6,9.0,12,10.2,8.5,19.0,5,8.0,12.2,19.0,10.2,0,0,96.0,1,0.0,18,STR,Aston Martin,19.0,0.0,0.0,0.0,False,Accident
2021,Azerbaijan Grand Prix,6,12.0,10,9.4,19.0,17.0,7,14.75,9.4,12.0,9.4,0,0,93.0,1,0.0,31,OCO,Alpine,20.0,0.0,0.0,0.0,False,Turbo
2021,French Grand Prix,7,105.0,1,4.333333333333333,3.0,174.0,1,2.75,2.3333333333333335,1.0,4.8,9,7,0.0,0,-5.333333333333333,33,VER,Red Bull Racing,1.0,25.0,25.0,0.0,False,Finished
2021,French Grand Prix,7,101.0,2,4.5,1.0,148.0,2,3.5,2.5,2.0,5.2,36,25,4.0,0,-6.333333333333334,44,HAM,Mercedes,2.0,18.0,18.0,0.0,False,Finished
2021,French Grand Prix,7,69.0,3,5.0,15.0,174.0,1,2.75,4.833333333333333,4.0,5.0,2,2,36.0,0,3.3333333333333335,11,PER,Red Bull Racing,3.0,15.0,15.0,0.0,False,Finished
2021,French Grand Prix,7,47.0,6,9.666666666666666,4.5,148.0,2,3.5,4.666666666666667,3.0,11.0,6,6,58.0,0,-3.333333333333334,77,BOT,Mercedes,4.0,12.0,12.0,0.0,False,Finished
2021,French Grand Prix,7,66.0,4,4.666666666666667,9.0,92.0,4,8.0,7.333333333333333,8.0,4.8,0,0,39.0,0,-1.333333333333333,4,NOR,McLaren,5.0,10.0,10.0,0.0,False,Finished
2021,French Grand Prix,7,26.0,10,8.166666666666666,7.5,92.0,4,8.0,10.0,10.0,8.4,2,0,79.0,0,-1.666666666666667,3,RIC,McLaren,6.0,8.0,8.0,0.0,False,Finished
2021,French Grand Prix,7,31.0,8,8.833333333333334,15.0,39.0,5,10.0,6.833333333333333,6.0,7.2,1,1,74.0,0,5.000000000000001,10,GAS,AlphaTauri,7.0,6.0,6.0,0.0,False,Finished
2021,French Grand Prix,7,13.0,11,12.166666666666666,16.0,25.0,7,15.5,12.0,9.0,10.8,0,0,92.0,0,0.3333333333333339,14,ALO,Alpine,8.0,4.0,4.0,0.0,False,Finished
2021,French Grand Prix,7,28.0,9,10.5,5.0,37.0,6,10.5,10.333333333333334,12.0,9.6,6,1,77.0,0,7.666666666666667,5,VET,Aston Martin,9.0,2.0,2.0,0.0,False,Finished
2021,French Grand Prix,7,9.0,13,11.666666666666666,15.0,37.0,6,10.5,13.333333333333334,19.0,12.0,0,0,96.0,0,-2.0,18,STR,Aston Martin,10.0,1.0,1.0,0.0,False,Finished
2021,French Grand Prix,7,42.0,7,6.833333333333333,7.0,94.0,3,5.5,6.5,5.0,6.6,0,0,63.0,0,2.333333333333333,55,SAI,Ferrari,11.0,0.0,0.0,0.0,False,Finished
2021,French Grand Prix,7,0.0,17,15.666666666666666,19.0,0.0,10,17.25,13.833333333333334,14.0,16.0,0,0,105.0,0,1.3333333333333321,63,RUS,Williams,12.0,0.0,0.0,0.0,False,+1 Lap
2021,French Grand Prix,7,8.0,14,13.166666666666666,10.0,39.0,5,10.0,14.333333333333334,0.0,14.0,0,0,97.0,0,-2.333333333333334,22,TSU,AlphaTauri,13.0,0.0,0.0,0.0,False,+1 Lap
2021,French Grand Prix,7,12.0,12,11.166666666666666,19.0,25.0,7,15.5,9.833333333333334,11.0,10.8,0,0,93.0,0,-3.0,31,OCO,Alpine,14.0,0.0,0.0,0.0,False,+1 Lap
2021,French Grand Prix,7,1.0,15,12.333333333333334,16.0,2.0,8,16.25,14.166666666666666,13.0,12.4,0,0,104.0,0,0.6666666666666661,99,GIO,Alfa Romeo Racing,15.0,0.0,0.0,0.0,False,+1 Lap
2021,French Grand Prix,7,52.0,5,7.333333333333333,6.5,94.0,3,5.5,3.6666666666666665,7.0,7.6,2,2,53.0,0,-4.000000000000001,16,LEC,Ferrari,16.0,0.0,0.0,0.0,False,+1 Lap
2021,French Grand Prix,7,1.0,15,12.833333333333334,5.0,2.0,8,16.25,15.0,17.0,13.2,1,0,104.0,0,3.666666666666666,7,RAI,Alfa Romeo Racing,17.0,0.0,0.0,0.0,False,+1 Lap
2021,French Grand Prix,7,0.0,17,17.166666666666668,10.0,0.0,10,17.25,17.0,16.0,17.0,0,0,105.0,0,3.0000000000000018,6,LAT,Williams,18.0,0.0,0.0,0.0,False,+1 Lap
2021,French Grand Prix,7,0.0,17,16.333333333333332,10.0,0.0,9,15.75,18.333333333333332,15.0,16.4,0,0,105.0,0,0.0,47,MSC,Haas F1 Team,19.0,0.0,0.0,0.0,False,+1 Lap
2021,French Grand Prix,7,0.0,17,17.666666666666668,13.0,0.0,9,15.75,19.166666666666668,18.0,17.2,0,0,105.0,0,2.0,9,MAZ,Haas F1 Team,20.0,0.0,0.0,0.0,False,+1 Lap
2021,Styrian Grand Prix,8,131.0,1,3.857142857142857,3.0,215.0,1,1.5,2.142857142857143,1.0,4.8,10,8,0.0,0,-5.0,33,VER,Red Bull Racing,1.0,25.0,25.0,0.0,False,Finished
2021,Styrian Grand Prix,8,119.0,2,4.142857142857143,1.0,178.0,2,3.5,2.4285714285714284,2.0,5.2,36,25,12.0,0,-6.666666666666667,44,HAM,Mercedes,2.0,18.0,18.0,0.0,False,Finished
2021,Styrian Grand Prix,8,59.0,5,8.857142857142858,2.0,178.0,2,3.5,4.428571428571429,5.0,8.2,6,6,72.0,0,-3.666666666666666,77,BOT,Mercedes,3.0,15.0,15.0,0.0,False,Finished
2021,Styrian Grand Prix,8,84.0,3,4.714285714285714,6.0,215.0,1,1.5,4.714285714285714,4.0,3.4,2,2,47.0,0,4.0,11,PER,Red Bull Racing,4.0,12.0,12.0,0.0,False,Finished
2021,Styrian Grand Prix,8,76.0,4,4.714285714285714,5.0,110.0,3,6.5,7.428571428571429,3.0,5.2,0,0,55.0,0,1.0,4,NOR,McLaren,5.0,10.0,10.0,0.0,False,+1 Lap
2021,Styrian Grand Prix,8,42.0,7,7.428571428571429,9.0,94.0,4,7.0,6.285714285714286,12.0,7.8,0,0,89.0,0,0.666666666666667,55,SAI,Ferrari,6.0,8.0,8.0,0.0,False,+1 Lap
2021,Styrian Grand Prix,8,52.0,6,8.571428571428571,19.0,94.0,4,7.0,4.142857142857143,7.0,10.0,2,2,79.0,0,-8.666666666666668,16,LEC,Ferrari,7.0,6.0,6.0,0.0,False,+1 Lap
2021,Styrian Grand Prix,8,10.0,13,11.428571428571429,7.0,40.0,6,12.5,14.142857142857142,9.0,12.4,0,0,121.0,0,-1.333333333333334,18,STR,Aston Martin,8.0,4.0,4.0,0.0,False,+1 Lap
2021,Styrian Grand Prix,8,17.0,11,11.571428571428571,10.0,29.0,7,12.5,11.571428571428571,8.0,10.4,0,0,114.0,0,2.666666666666666,14,ALO,Alpine,9.0,2.0,2.0,0.0,False,+1 Lap
2021,Styrian Grand Prix,8,8.0,14,13.142857142857142,10.0,45.0,5,13.0,12.285714285714286,11.0,14.2,0,0,123.0,0,3.666666666666666,22,TSU,AlphaTauri,10.0,1.0,1.0,0.0,False,+1 Lap
2021,Styrian Grand Prix,8,1.0,15,13.428571428571429,11.0,2.0,8,12.5,15.285714285714286,18.0,14.0,1,0,130.0,0,2.333333333333334,7,RAI,Alfa Romeo Racing,11.0,0.0,0.0,0.0,False,+1 Lap
2021,Styrian Grand Prix,8,30.0,10,10.285714285714286,20.0,40.0,6,12.5,10.571428571428571,14.0,8.4,6,1,101.0,0,8.333333333333332,5,VET,Aston Martin,12.0,0.0,0.0,0.0,False,+1 Lap
2021,Styrian Grand Prix,8,34.0,9,7.857142857142857,8.0,110.0,3,6.5,10.0,13.0,8.4,2,0,97.0,0,-2.0,3,RIC,McLaren,13.0,0.0,0.0,0.0,False,+1 Lap
2021,Styrian Grand Prix,8,12.0,12,11.571428571428571,18.0,29.0,7,12.5,10.0,17.0,11.8,0,0,119.0,0,-6.0,31,OCO,Alpine,14.0,0.0,0.0,0.0,False,+1 Lap
2021,Styrian Grand Prix,8,1.0,15,12.714285714285714,14.0,2.0,8,12.5,14.0,15.0,12.6,0,0,130.0,0,1.666666666666666,99,GIO,Alfa Romeo Racing,15.0,0.0,0.0,0.0,False,+1 Lap
2021,Styrian Grand Prix,8,0.0,17,16.714285714285715,10.0,0.0,9,19.5,17.857142857142858,19.0,17.0,0,0,131.0,0,0.33333333333333215,47,MSC,Haas F1 Team,16.0,0.0,0.0,0.0,False,+2 Laps
2021,Styrian Grand Prix,8,0.0,17,17.285714285714285,17.0,0.0,10,16.5,16.857142857142858,16.0,16.6,0,0,131.0,0,1.6666666666666679,6,LAT,Williams,17.0,0.0,0.0,0.0,False,+3 Laps
2021,Styrian Grand Prix,8,0.0,17,18.0,10.0,0.0,9,19.5,19.0,20.0,17.8,0,0,131.0,0,1.3333333333333321,9,MAZ,Haas F1 Team,18.0,0.0,0.0,0.0,False,+3 Laps
2021,Styrian Grand Prix,8,0.0,17,15.142857142857142,16.0,0.0,10,16.5,13.857142857142858,10.0,14.6,0,0,131.0,0,1.9999999999999982,63,RUS,Williams,19.0,0.0,0.0,0.0,False,Engine
2021,Styrian Grand Prix,8,37.0,8,8.571428571428571,15.0,45.0,5,13.0,6.714285714285714,6.0,7.2,1,1,94.0,0,3.666666666666667,10,GAS,AlphaTauri,20.0,0.0,0.0,0.0,False,Collision
2021,Austrian Grand Prix,9,156.0,1,3.5,7.333333333333333,252.0,1,3.0,2.0,1.0,4.6,11,9,0.0,0,-5.0,33,VER,Red Bull Racing,1.0,25.0,25.0,0.0,False,Finished
2021,Austrian Grand Prix,9,74.0,5,8.125,7.666666666666667,212.0,2,5.5,4.5,5.0,8.2,6,6,82.0,0,2.000000000000001,77,BOT,Mercedes,2.0,18.0,18.0,0.0,False,Finished
2021,Austrian Grand Prix,9,86.0,4,4.75,4.5,120.0,3,4.833333333333333,6.875,2.0,5.2,0,0,70.0,0,0.33333333333333304,4,NOR,McLaren,3.0,15.0,15.0,0.0,False,Finished
2021,Austrian Grand Prix,9,138.0,2,3.875,8.333333333333334,212.0,2,5.5,2.375,4.0,5.4,36,25,18.0,0,-3.333333333333333,44,HAM,Mercedes,4.0,12.0,12.0,0.0,False,Finished
2021,Austrian Grand Prix,9,50.0,7,7.25,8.333333333333334,108.0,4,8.5,7.0,10.0,6.8,0,0,106.0,0,-1.666666666666667,55,SAI,Ferrari,5.0,10.0,10.0,0.0,False,Finished
2021,Austrian Grand Prix,9,96.0,3,4.625,8.0,252.0,1,3.0,4.625,3.0,3.4,2,2,60.0,0,1.6666666666666665,11,PER,Red Bull Racing,6.0,8.0,8.0,0.0,False,Finished
2021,Austrian Grand Prix,9,34.0,9,8.5,16.333333333333332,120.0,3,4.833333333333333,10.375,13.0,9.2,2,0,122.0,0,-0.3333333333333339,3,RIC,McLaren,7.0,6.0,6.0,0.0,False,Finished
2021,Austrian Grand Prix,9,58.0,6,8.375,4.333333333333333,108.0,4,8.5,4.5,12.0,10.2,2,2,98.0,0,1.0,16,LEC,Ferrari,8.0,4.0,4.0,0.0,False,Finished
2021,Austrian Grand Prix,9,37.0,8,10.0,8.333333333333334,46.0,5,10.166666666666666,6.625,6.0,9.2,1,1,119.0,0,-1.333333333333334,10,GAS,AlphaTauri,9.0,2.0,2.0,0.0,False,Finished
2021,Austrian Grand Prix,9,19.0,11,11.25,8.0,31.0,7,13.833333333333334,11.125,14.0,10.6,0,0,137.0,0,4.999999999999999,14,ALO,Alpine,10.0,1.0,1.0,0.0,False,+1 Lap
2021,Austrian Grand Prix,9,0.0,17,15.625,16.5,0.0,10,15.166666666666666,13.375,8.0,15.2,0,0,156.0,0,-1.333333333333334,63,RUS,Williams,11.0,0.0,0.0,0.0,False,+1 Lap
2021,Austrian Grand Prix,9,9.0,14,12.75,10.0,46.0,5,10.166666666666666,12.125,7.0,13.2,0,0,147.0,0,7.0,22,TSU,AlphaTauri,12.0,0.0,0.0,0.0,False,+1 Lap
2021,Austrian Grand Prix,9,14.0,12,11.0,15.333333333333334,44.0,6,13.5,13.5,9.0,11.2,0,0,142.0,0,-1.333333333333334,18,STR,Aston Martin,13.0,0.0,0.0,0.0,False,+1 Lap
2021,Austrian Grand Prix,9,1.0,15,13.0,9.5,2.0,8,15.0,14.125,15.0,13.2,0,0,155.0,0,-1.3333333333333321,99,GIO,Alfa Romeo Racing,14.0,0.0,0.0,0.0,False,+1 Lap
2021,Austrian Grand Prix,9,1.0,15,13.125,8.333333333333334,2.0,8,15.0,15.625,16.0,12.2,1,0,155.0,0,1.6666666666666679,7,RAI,Alfa Romeo Racing,15.0,0.0,0.0,0.0,False,+1 Lap
2021,Austrian Grand Prix,9,0.0,17,17.25,11.0,0.0,10,15.166666666666666,16.75,18.0,16.4,0,0,156.0,0,-0.6666666666666679,6,LAT,Williams,16.0,0.0,0.0,0.0,False,+1 Lap
2021,Austrian Grand Prix,9,30.0,10,10.5,5.666666666666667,44.0,6,13.5,11.0,11.0,8.2,6,1,126.0,0,2.666666666666667,5,VET,Aston Martin,17.0,0.0,0.0,0.0,False,Collision
2021,Austrian Grand Prix,9,0.0,17,16.625,10.0,0.0,9,15.5,18.0,19.0,16.8,0,0,156.0,0,1.6666666666666679,47,MSC,Haas F1 Team,18.0,0.0,0.0,0.0,False,+2 Laps
2021,Austrian Grand Prix,9,0.0,17,18.0,10.0,0.0,9,15.5,19.125,20.0,17.6,0,0,156.0,0,1.0,9,MAZ,Haas F1 Team,19.0,0.0,0.0,0.0,False,+2 Laps
2021,Austrian Grand Prix,9,12.0,13,11.875,7.0,31.0,7,13.833333333333334,10.875,17.0,13.2,0,0,144.0,0,-7.666666666666666,31,OCO,Alpine,20.0,0.0,0.0,0.0,False,Collision
2021,British Grand Prix,10,150.0,2,3.888888888888889,1.3333333333333333,242.0,2,4.166666666666667,2.5555555555555554,2.0,6.0,36,25,32.0,0,5.0,44,HAM,Mercedes,1.0,27.0,25.0,2.0,False,Finished
2021,British Grand Prix,10,62.0,6,8.333333333333334,8.333333333333334,122.0,4,8.833333333333334,5.333333333333333,4.0,11.0,2,2,120.0,0,-1.0,16,LEC,Ferrari,2.0,18.0,18.0,0.0,False,Finished
2021,British Grand Prix,10,92.0,5,7.444444444444445,5.666666666666667,242.0,2,4.166666666666667,4.555555555555555,3.0,8.0,6,6,90.0,0,8.333333333333334,77,BOT,Mercedes,3.0,16.0,15.0,1.0,False,Finished
2021,British Grand Prix,10,101.0,4,4.555555555555555,8.0,141.0,3,8.166666666666666,6.333333333333333,5.0,4.2,0,0,81.0,0,1.0,4,NOR,McLaren,4.0,12.0,12.0,0.0,False,Finished
2021,British Grand Prix,10,40.0,8,8.333333333333334,5.333333333333333,141.0,3,8.166666666666666,10.666666666666666,6.0,9.4,2,0,142.0,0,0.3333333333333339,3,RIC,McLaren,5.0,10.0,10.0,0.0,False,Finished
2021,British Grand Prix,10,60.0,7,7.0,12.0,122.0,4,8.833333333333334,7.333333333333333,10.0,6.4,0,0,122.0,0,-1.666666666666666,55,SAI,Ferrari,6.0,8.0,8.0,0.0,False,Finished
2021,British Grand Prix,10,20.0,11,11.11111111111111,8.0,32.0,7,12.5,11.444444444444445,7.0,9.2,0,0,162.0,0,3.0,14,ALO,Alpine,7.0,6.0,6.0,0.0,False,Finished
2021,British Grand Prix,10,14.0,12,11.222222222222221,11.333333333333334,44.0,6,11.666666666666666,13.0,14.0,11.6,0,0,168.0,0,2.333333333333332,18,STR,Aston Martin,8.0,4.0,4.0,0.0,False,Finished
2021,British Grand Prix,10,12.0,13,12.777777777777779,6.5,32.0,7,12.5,11.555555555555555,9.0,15.4,0,0,170.0,0,-3.333333333333334,31,OCO,Alpine,9.0,2.0,2.0,0.0,False,Finished
2021,British Grand Prix,10,9.0,14,12.666666666666666,10.0,48.0,5,8.666666666666666,11.555555555555555,16.0,11.6,0,0,173.0,0,2.666666666666668,22,TSU,AlphaTauri,10.0,1.0,1.0,0.0,False,Finished
2021,British Grand Prix,10,39.0,9,9.88888888888889,8.0,48.0,5,8.666666666666666,6.555555555555555,11.0,9.0,1,1,143.0,0,-5.666666666666667,10,GAS,AlphaTauri,11.0,0.0,0.0,0.0,False,Finished
2021,British Grand Prix,10,0.0,17,15.11111111111111,13.0,0.0,10,13.666666666666666,12.777777777777779,12.0,14.6,0,0,182.0,0,1.0,63,RUS,Williams,12.0,0.0,0.0,0.0,False,+1 Lap
2021,British Grand Prix,10,1.0,15,13.11111111111111,16.0,2.0,8,17.833333333333332,14.222222222222221,15.0,13.0,0,0,181.0,0,-2.666666666666666,99,GIO,Alfa Romeo Racing,13.0,0.0,0.0,0.0,False,+1 Lap
2021,British Grand Prix,10,0.0,17,17.11111111111111,15.0,0.0,10,13.666666666666666,16.88888888888889,17.0,16.4,0,0,182.0,0,-1.333333333333334,6,LAT,Williams,14.0,0.0,0.0,0.0,False,+1 Lap
2021,British Grand Prix,10,1.0,15,13.333333333333334,9.333333333333334,2.0,8,17.833333333333332,15.666666666666666,13.0,12.8,1,0,181.0,0,-3.333333333333334,7,RAI,Alfa Romeo Racing,15.0,0.0,0.0,0.0,False,+1 Lap
2021,British Grand Prix,10,104.0,3,4.777777777777778,13.5,286.0,1,3.1666666666666665,4.444444444444445,0.0,3.6,2,2,78.0,0,-0.9999999999999996,11,PER,Red Bull Racing,16.0,0.0,0.0,0.0,False,+1 Lap
2021,British Grand Prix,10,0.0,17,18.11111111111111,18.0,0.0,9,16.333333333333332,19.22222222222222,19.0,17.6,0,0,182.0,0,-2.333333333333332,9,MAZ,Haas F1 Team,17.0,0.0,0.0,0.0,False,+1 Lap
2021,British Grand Prix,10,0.0,17,16.77777777777778,10.0,0.0,9,16.333333333333332,18.11111111111111,18.0,16.8,0,0,182.0,0,-1.3333333333333357,47,MSC,Haas F1 Team,18.0,0.0,0.0,0.0,False,+1 Lap
2021,British Grand Prix,10,30.0,10,11.222222222222221,9.0,44.0,6,11.666666666666666,11.0,8.0,9.0,6,1,152.0,0,-5.999999999999999,5,VET,Aston Martin,19.0,0.0,0.0,0.0,False,Retired
2021,British Grand Prix,10,182.0,1,3.2222222222222223,7.333333333333333,286.0,1,3.1666666666666665,1.8888888888888888,1.0,4.4,12,10,0.0,0,6.0,33,VER,Red Bull Racing,20.0,3.0,0.0,3.0,False,Collision
2021,Hungarian Grand Prix,11,14.0,13,12.4,13.5,40.0,7,12.5,11.3,8.0,15.4,0,0,168.0,0,0.0,31,OCO,Alpine,1.0,25.0,25.0,0.0,False,Finished
2021,Hungarian Grand Prix,11,175.0,2,3.6,1.0,282.0,2,3.1666666666666665,2.5,1.0,4.8,37,26,7.0,0,5.666666666666666,44,HAM,Mercedes,2.0,18.0,18.0,0.0,False,Finished
2021,Hungarian Grand Prix,11,68.0,7,6.9,7.666666666666667,148.0,4,8.0,7.6,15.0,7.2,0,0,114.0,0,1.333333333333333,55,SAI,Ferrari,3.0,15.0,15.0,0.0,False,Finished
2021,Hungarian Grand Prix,11,26.0,11,10.7,8.0,40.0,7,12.5,11.0,9.0,8.0,0,0,156.0,0,0.3333333333333339,14,ALO,Alpine,4.0,12.0,12.0,0.0,False,Finished
2021,Hungarian Grand Prix,11,39.0,9,10.0,10.666666666666666,49.0,5,10.666666666666666,7.0,5.0,10.0,1,1,143.0,0,-8.0,10,GAS,AlphaTauri,5.0,10.0,10.0,0.0,False,Finished
2021,Hungarian Grand Prix,11,10.0,14,12.4,10.0,49.0,5,10.666666666666666,12.0,16.0,10.4,0,0,172.0,0,1.333333333333334,22,TSU,AlphaTauri,6.0,8.0,8.0,0.0,False,Finished
2021,Hungarian Grand Prix,11,0.0,17,16.8,19.0,0.0,10,17.5,16.9,18.0,16.2,0,0,182.0,0,0.6666666666666661,6,LAT,Williams,7.0,6.0,6.0,0.0,False,Finished
2021,Hungarian Grand Prix,11,0.0,17,14.8,17.0,0.0,10,17.5,12.7,17.0,14.2,0,0,182.0,0,0.3333333333333339,63,RUS,Williams,8.0,4.0,4.0,0.0,False,Finished
2021,Hungarian Grand Prix,11,182.0,1,4.9,7.666666666666667,286.0,1,3.1666666666666665,1.8,3.0,8.2,12,10,0.0,0,-0.6666666666666661,33,VER,Red Bull Racing,9.0,2.0,2.0,0.0,False,Finished
2021,Hungarian Grand Prix,11,1.0,15,13.5,8.333333333333334,2.0,8,15.333333333333334,15.4,13.0,13.6,1,0,181.0,0,-1.0,7,RAI,Alfa Romeo Racing,10.0,1.0,1.0,0.0,False,+1 Lap
2021,Hungarian Grand Prix,11,50.0,8,8.0,8.666666666666666,163.0,3,7.0,10.2,11.0,8.0,2,0,132.0,0,0.6666666666666661,3,RIC,McLaren,11.0,0.0,0.0,0.0,False,+1 Lap
2021,Hungarian Grand Prix,11,0.0,17,16.9,10.0,0.0,9,15.5,18.1,20.0,16.8,0,0,182.0,0,-0.6666666666666643,47,MSC,Haas F1 Team,12.0,0.0,0.0,0.0,False,+1 Lap
2021,Hungarian Grand Prix,11,1.0,15,13.1,17.5,2.0,8,15.333333333333334,14.3,0.0,13.6,0,0,181.0,0,-2.0,99,GIO,Alfa Romeo Racing,13.0,0.0,0.0,0.0,False,+1 Lap
2021,Hungarian Grand Prix,11,0.0,17,18.0,15.0,0.0,9,15.5,19.2,19.0,17.6,0,0,182.0,0,-1.0,9,MAZ,Haas F1 Team,14.0,0.0,0.0,0.0,False,Collision
2021,Hungarian Grand Prix,11,113.0,3,4.5,11.0,163.0,3,7.0,6.2,6.0,4.4,0,0,69.0,0,0.33333333333333304,4,NOR,McLaren,15.0,0.0,0.0,0.0,False,Collision
2021,Hungarian Grand Prix,11,107.0,4,7.0,5.333333333333333,282.0,2,3.1666666666666665,4.4,2.0,4.8,6,6,75.0,0,9.0,77,BOT,Mercedes,16.0,0.0,0.0,0.0,False,Collision
2021,Hungarian Grand Prix,11,104.0,5,5.9,10.666666666666666,286.0,1,3.1666666666666665,4.0,4.0,6.0,2,2,78.0,0,-6.0,11,PER,Red Bull Racing,17.0,0.0,0.0,0.0,False,Collision
2021,Hungarian Grand Prix,11,80.0,6,7.7,11.666666666666666,148.0,4,8.0,5.2,7.0,7.4,2,2,102.0,0,7.666666666666667,16,LEC,Ferrari,18.0,0.0,0.0,0.0,False,Collision
2021,Hungarian Grand Prix,11,18.0,12,10.9,12.666666666666666,48.0,6,12.166666666666666,13.1,12.0,11.6,0,0,164.0,0,2.666666666666668,18,STR,Aston Martin,19.0,0.0,0.0,0.0,False,Collision
2021,Hungarian Grand Prix,11,30.0,10,12.0,3.6666666666666665,48.0,6,12.166666666666666,10.7,10.0,11.8,6,1,152.0,0,-10.666666666666668,5,VET,Aston Martin,20.0,0.0,0.0,0.0,True,Disqualified
2021,Belgian Grand Prix,12,184.0,2,5.2727272727272725,8.666666666666666,288.0,2,5.333333333333333,1.9090909090909092,1.0,6.4,12,10,9.0,0,-3.333333333333333,33,VER,Red Bull Racing,1.0,25.0,25.0,0.0,False,Finished
2021,Belgian Grand Prix,12,4.0,16,14.181818181818182,17.0,10.0,8,16.0,13.090909090909092,2.0,12.4,0,0,189.0,0,5.666666666666666,63,RUS,Williams,2.0,18.0,18.0,0.0,False,Finished
2021,Belgian Grand Prix,12,193.0,1,3.4545454545454546,1.6666666666666667,300.0,1,2.3333333333333335,2.3636363636363638,3.0,2.2,37,26,0.0,0,3.9999999999999996,44,HAM,Mercedes,3.0,15.0,15.0,0.0,False,Finished
2021,Belgian Grand Prix,12,50.0,8,8.272727272727273,11.333333333333334,163.0,4,10.333333333333334,10.272727272727273,4.0,8.4,2,0,143.0,0,1.666666666666667,3,RIC,McLaren,4.0,12.0,12.0,0.0,False,Finished
2021,Belgian Grand Prix,12,30.0,12,12.727272727272727,6.0,48.0,7,15.333333333333334,10.636363636363637,5.0,15.4,6,1,163.0,0,-11.0,5,VET,Aston Martin,5.0,10.0,10.0,0.0,False,Finished
2021,Belgian Grand Prix,12,50.0,8,9.545454545454545,8.666666666666666,68.0,6,10.666666666666666,6.818181818181818,6.0,10.4,1,1,143.0,0,1.666666666666666,10,GAS,AlphaTauri,6.0,8.0,8.0,0.0,False,Finished
2021,Belgian Grand Prix,12,39.0,10,11.363636363636363,5.5,77.0,5,8.333333333333334,11.0,8.0,11.6,1,1,154.0,0,6.0,31,OCO,Alpine,7.0,6.0,6.0,0.0,False,Finished
2021,Belgian Grand Prix,12,80.0,7,8.636363636363637,11.0,163.0,3,7.5,5.363636363636363,9.0,10.2,2,2,113.0,0,-0.3333333333333339,16,LEC,Ferrari,8.0,4.0,4.0,0.0,False,Finished
2021,Belgian Grand Prix,12,6.0,15,15.909090909090908,16.0,10.0,8,16.0,17.0,10.0,14.4,0,0,187.0,0,4.666666666666666,6,LAT,Williams,9.0,2.0,2.0,0.0,False,Finished
2021,Belgian Grand Prix,12,83.0,6,6.545454545454546,16.666666666666668,163.0,3,7.5,8.272727272727273,11.0,6.2,0,0,110.0,0,3.666666666666667,55,SAI,Ferrari,10.0,1.0,1.0,0.0,False,Finished
2021,Belgian Grand Prix,12,38.0,11,10.090909090909092,19.0,77.0,5,8.333333333333334,10.818181818181818,12.0,7.6,0,0,155.0,0,0.666666666666667,14,ALO,Alpine,11.0,0.0,0.0,0.0,False,Finished
2021,Belgian Grand Prix,12,107.0,4,7.818181818181818,3.0,300.0,1,2.3333333333333335,4.181818181818182,13.0,5.6,6,6,86.0,0,-0.666666666666667,77,BOT,Mercedes,12.0,0.0,0.0,0.0,False,Finished
2021,Belgian Grand Prix,12,1.0,18,13.090909090909092,18.0,3.0,9,13.833333333333334,13.0,14.0,14.0,0,0,192.0,0,0.33333333333333215,99,GIO,Alfa Romeo Racing,13.0,0.0,0.0,0.0,False,Finished
2021,Belgian Grand Prix,12,113.0,3,5.454545454545454,9.0,163.0,4,10.333333333333334,6.181818181818182,15.0,6.4,0,0,80.0,0,-2.333333333333333,4,NOR,McLaren,14.0,0.0,0.0,0.0,False,Finished
2021,Belgian Grand Prix,12,18.0,13,11.818181818181818,10.0,68.0,6,10.666666666666666,12.363636363636363,16.0,10.2,0,0,175.0,0,0.6666666666666661,22,TSU,AlphaTauri,15.0,0.0,0.0,0.0,False,Finished
2021,Belgian Grand Prix,12,0.0,19,16.454545454545453,10.0,0.0,10,15.333333333333334,18.272727272727273,17.0,16.6,0,0,193.0,0,0.0,47,MSC,Haas F1 Team,16.0,0.0,0.0,0.0,False,Finished
2021,Belgian Grand Prix,12,0.0,19,17.636363636363637,10.0,0.0,10,15.333333333333334,19.181818181818183,18.0,17.6,0,0,193.0,0,0.6666666666666643,9,MAZ,Haas F1 Team,17.0,0.0,0.0,0.0,False,Finished
2021,Belgian Grand Prix,12,2.0,17,13.181818181818182,15.0,3.0,9,13.833333333333334,15.181818181818182,0.0,13.6,1,0,191.0,0,-0.6666666666666679,7,RAI,Alfa Romeo Racing,18.0,0.0,0.0,0.0,False,Finished
2021,Belgian Grand Prix,12,104.0,5,6.909090909090909,7.0,288.0,2,5.333333333333333,4.0,0.0,9.2,2,2,89.0,0,-10.333333333333334,11,PER,Red Bull Racing,19.0,0.0,0.0,0.0,False,Finished
2021,Belgian Grand Prix,12,18.0,13,11.636363636363637,10.666666666666666,48.0,7,15.333333333333334,13.0,19.0,11.6,0,0,175.0,0,-1.0,18,STR,Aston Martin,20.0,0.0,0.0,0.0,False,Finished
2021,Dutch Grand Prix,13,196.5,2,4.916666666666667,10.0,300.5,2,7.042253521126761,1.8333333333333333,1.0,6.4,13,11,4.0,0,-9.0,33,VER,Red Bull Racing,1.0,25.0,25.0,0.0,False,Finished
2021,Dutch Grand Prix,13,200.5,1,3.4166666666666665,10.0,307.5,1,3.971830985915493,2.4166666666666665,2.0,2.4,37,26,0.0,0,0.6666666666666665,44,HAM,Mercedes,2.0,18.0,18.0,0.0,False,Finished
2021,Dutch Grand Prix,13,107.0,4,8.166666666666666,10.0,307.5,1,3.971830985915493,4.916666666666667,3.0,7.2,6,6,93.5,0,-7.333333333333334,77,BOT,Mercedes,3.0,15.0,15.0,0.0,False,Finished
2021,Dutch Grand Prix,13,54.0,9,9.25,10.0,72.0,6,10.689655172413794,6.75,4.0,10.2,1,1,146.5,0,4.666666666666667,10,GAS,AlphaTauri,4.0,12.0,12.0,0.0,False,+1 Lap
2021,Dutch Grand Prix,13,82.0,7,8.583333333333334,10.0,165.5,4,7.098591549295775,5.666666666666667,5.0,8.6,2,2,118.5,0,1.0,16,LEC,Ferrari,5.0,10.0,10.0,0.0,False,+1 Lap
2021,Dutch Grand Prix,13,38.0,11,10.166666666666666,10.0,80.0,5,10.583333333333334,10.916666666666666,9.0,8.2,0,0,162.5,0,1.666666666666667,14,ALO,Alpine,6.0,8.0,8.0,0.0,False,+1 Lap
2021,Dutch Grand Prix,13,83.5,6,6.833333333333333,10.0,165.5,4,7.098591549295775,8.5,6.0,6.0,0,0,117.0,0,1.0,55,SAI,Ferrari,7.0,6.0,6.0,0.0,False,+1 Lap
2021,Dutch Grand Prix,13,104.0,5,7.916666666666667,10.0,300.5,2,7.042253521126761,3.6666666666666665,0.0,12.4,2,2,96.5,0,-13.0,11,PER,Red Bull Racing,8.0,4.0,4.0,0.0,False,+1 Lap
2021,Dutch Grand Prix,13,42.0,10,11.0,10.0,80.0,5,10.583333333333334,10.75,8.0,10.2,1,1,158.5,0,10.333333333333332,31,OCO,Alpine,9.0,2.0,2.0,0.0,False,+1 Lap
2021,Dutch Grand Prix,13,113.0,3,6.166666666666667,10.0,169.0,3,10.190140845070422,6.916666666666667,13.0,8.2,0,0,87.5,0,-6.666666666666667,4,NOR,McLaren,10.0,1.0,1.0,0.0,False,+1 Lap
2021,Dutch Grand Prix,13,56.0,8,7.916666666666667,10.0,169.0,3,10.190140845070422,9.75,10.0,8.0,2,0,144.5,0,1.9999999999999991,3,RIC,McLaren,11.0,0.0,0.0,0.0,False,+1 Lap
2021,Dutch Grand Prix,13,18.0,13,12.333333333333334,10.0,53.0,7,12.208333333333334,13.5,12.0,13.6,0,0,182.5,0,-5.333333333333332,18,STR,Aston Martin,12.0,0.0,0.0,0.0,False,+2 Laps
2021,Dutch Grand Prix,13,35.0,12,12.083333333333334,10.0,53.0,7,12.208333333333334,10.166666666666666,15.0,14.6,6,1,165.5,0,-2.0,5,VET,Aston Martin,13.0,0.0,0.0,0.0,False,+2 Laps
2021,Dutch Grand Prix,13,1.0,18,13.083333333333334,10.0,3.0,9,13.26,13.083333333333334,7.0,13.6,0,0,199.5,0,1.666666666666666,99,GIO,Alfa Romeo Racing,14.0,0.0,0.0,0.0,False,+2 Laps
2021,Dutch Grand Prix,13,0.0,20,,10.0,0.0,10,14.45774647887324,16.0,16.0,,0,0,200.5,0,0.0,88,KUB,Alfa Romeo Racing,15.0,0.0,0.0,0.0,False,+2 Laps
2021,Dutch Grand Prix,13,7.0,16,15.333333333333334,10.0,20.0,8,15.43661971830986,16.416666666666668,0.0,12.6,0,0,193.5,0,7.0,6,LAT,Williams,16.0,0.0,0.0,0.0,False,+2 Laps
2021,Dutch Grand Prix,13,13.0,15,13.166666666666666,10.0,20.0,8,15.43661971830986,12.166666666666666,11.0,10.4,0,0,187.5,0,6.666666666666667,63,RUS,Williams,17.0,0.0,0.0,0.0,False,Gearbox
2021,Dutch Grand Prix,13,0.0,19,16.416666666666668,10.0,0.0,10,14.45774647887324,18.166666666666668,17.0,16.0,0,0,200.5,0,2.333333333333334,47,MSC,Haas F1 Team,18.0,0.0,0.0,0.0,False,+3 Laps
2021,Dutch Grand Prix,13,18.0,13,12.083333333333334,10.0,72.0,6,10.689655172413794,12.666666666666666,14.0,10.6,0,0,182.5,0,1.3333333333333321,22,TSU,AlphaTauri,19.0,0.0,0.0,0.0,False,Power Unit
2021,Dutch Grand Prix,13,0.0,19,17.583333333333332,10.0,0.0,10,14.45774647887324,19.083333333333332,18.0,17.0,0,0,200.5,0,3.0,9,MAZ,Haas F1 Team,20.0,0.0,0.0,0.0,False,Hydraulics
2021,Italian Grand Prix,14,56.0,9,8.153846153846153,9.0,170.0,4,8.166666666666666,9.76923076923077,2.0,7.6,2,0,165.5,0,-0.33333333333333215,3,RIC,McLaren,1.0,26.0,25.0,1.0,False,Finished
2021,Italian Grand Prix,14,114.0,4,6.461538461538462,7.0,170.0,4,8.166666666666666,7.384615384615385,3.0,9.2,0,0,107.5,0,-9.0,4,NOR,McLaren,2.0,18.0,18.0,0.0,False,Finished
2021,Italian Grand Prix,14,122.0,3,7.769230769230769,3.3333333333333335,341.5,1,2.5,4.769230769230769,19.0,7.2,6,6,99.5,0,-7.666666666666668,77,BOT,Mercedes,3.0,18.0,15.0,3.0,False,Finished
2021,Italian Grand Prix,14,92.0,6,8.307692307692308,10.0,181.5,3,5.666666666666667,5.615384615384615,5.0,8.2,2,2,129.5,0,-4.666666666666667,16,LEC,Ferrari,4.0,12.0,12.0,0.0,False,Finished
2021,Italian Grand Prix,14,108.0,5,7.923076923076923,8.0,329.5,2,5.0,3.3846153846153846,8.0,13.2,2,2,113.5,0,-6.0,11,PER,Red Bull Racing,5.0,10.0,10.0,0.0,False,Finished
2021,Italian Grand Prix,14,89.5,7,6.846153846153846,10.0,181.5,3,5.666666666666667,8.307692307692308,6.0,6.2,0,0,132.0,0,-1.0,55,SAI,Ferrari,6.0,8.0,8.0,0.0,False,Finished
2021,Italian Grand Prix,14,18.0,13,12.307692307692308,8.0,53.0,7,17.333333333333332,13.384615384615385,9.0,14.4,0,0,203.5,0,-7.333333333333334,18,STR,Aston Martin,7.0,6.0,6.0,0.0,False,Finished
2021,Italian Grand Prix,14,46.0,10,9.846153846153847,18.0,90.0,5,9.0,10.76923076923077,10.0,7.6,0,0,175.5,0,1.666666666666666,14,ALO,Alpine,8.0,4.0,4.0,0.0,False,Finished
2021,Italian Grand Prix,14,13.0,15,13.461538461538462,14.0,20.0,8,15.833333333333334,12.076923076923077,14.0,10.0,0,0,208.5,0,5.0,63,RUS,Williams,9.0,2.0,2.0,0.0,False,Finished
2021,Italian Grand Prix,14,44.0,11,10.846153846153847,7.0,90.0,5,9.0,10.538461538461538,12.0,9.2,1,1,177.5,0,8.666666666666668,31,OCO,Alpine,10.0,1.0,1.0,0.0,False,Finished
2021,Italian Grand Prix,14,7.0,16,15.384615384615385,11.0,20.0,8,15.833333333333334,15.153846153846153,13.0,12.4,0,0,214.5,0,5.0,6,LAT,Williams,11.0,0.0,0.0,0.0,False,Finished
2021,Italian Grand Prix,14,35.0,12,12.153846153846153,12.333333333333334,53.0,7,17.333333333333332,10.538461538461538,11.0,14.8,6,1,186.5,0,3.333333333333334,5,VET,Aston Martin,12.0,0.0,0.0,0.0,False,Finished
2021,Italian Grand Prix,14,1.0,18,13.153846153846153,12.5,3.0,9,14.666666666666666,12.615384615384615,7.0,13.4,0,0,220.5,0,0.6666666666666661,99,GIO,Alfa Romeo Racing,13.0,0.0,0.0,0.0,False,Finished
2021,Italian Grand Prix,14,0.0,19,15.0,17.0,3.0,9,14.666666666666666,16.0,17.0,15.0,0,0,221.5,0,0.0,88,KUB,Alfa Romeo Racing,14.0,0.0,0.0,0.0,False,Finished
2021,Italian Grand Prix,14,0.0,19,16.53846153846154,10.0,0.0,10,14.833333333333334,18.076923076923077,18.0,16.4,0,0,221.5,0,1.9999999999999982,47,MSC,Haas F1 Team,15.0,0.0,0.0,0.0,False,Finished
2021,Italian Grand Prix,14,0.0,19,17.76923076923077,15.0,0.0,10,14.833333333333334,19.0,16.0,17.4,0,0,221.5,0,1.0,9,MAZ,Haas F1 Team,16.0,0.0,0.0,0.0,False,Power Unit
2021,Italian Grand Prix,14,219.5,2,3.3076923076923075,3.6666666666666665,341.5,1,2.5,2.3846153846153846,4.0,2.4,37,26,2.0,0,0.0,44,HAM,Mercedes,17.0,0.0,0.0,0.0,False,Collision
2021,Italian Grand Prix,14,221.5,1,4.615384615384615,10.0,329.5,2,5.0,1.7692307692307692,1.0,6.4,14,12,0.0,0,3.6666666666666665,33,VER,Red Bull Racing,18.0,2.0,0.0,2.0,False,Collision
2021,Italian Grand Prix,14,66.0,8,8.846153846153847,8.666666666666666,84.0,6,12.0,6.538461538461538,0.0,7.0,1,1,155.5,0,8.333333333333334,10,GAS,AlphaTauri,19.0,0.0,0.0,0.0,False,Suspension
2021,Italian Grand Prix,14,18.0,13,12.615384615384615,10.0,84.0,6,12.0,12.76923076923077,0.0,12.4,0,0,203.5,0,-2.666666666666668,22,TSU,AlphaTauri,20.0,0.0,0.0,0.0,False,Brakes
2021,Russian Grand Prix,15,219.5,2,4.285714285714286,1.6666666666666667,356.5,1,1.6666666666666667,2.5,4.0,5.0,37,26,2.0,0,-5.0,44,HAM,Mercedes,1.0,25.0,25.0,0.0,False,Finished
2021,Russian Grand Prix,15,221.5,1,5.571428571428571,3.6666666666666665,339.5,2,4.666666666666667,1.7142857142857142,20.0,9.8,14,12,0.0,0,3.333333333333333,33,VER,Red Bull Racing,2.0,18.0,18.0,0.0,False,Finished
2021,Russian Grand Prix,15,97.5,7,6.785714285714286,14.0,201.5,4,9.666666666666666,8.142857142857142,2.0,6.4,0,0,124.0,0,-3.0,55,SAI,Ferrari,3.0,15.0,15.0,0.0,False,Finished
2021,Russian Grand Prix,15,82.0,8,7.642857142857143,10.0,214.0,3,7.333333333333333,9.214285714285714,5.0,6.4,3,1,139.5,0,2.333333333333334,3,RIC,McLaren,4.0,12.0,12.0,0.0,False,Finished
2021,Russian Grand Prix,15,137.0,3,7.428571428571429,1.6666666666666667,356.5,1,1.6666666666666667,5.785714285714286,16.0,7.4,6,6,84.5,0,1.0,77,BOT,Mercedes,5.0,10.0,10.0,0.0,False,Finished
2021,Russian Grand Prix,15,50.0,10,9.714285714285714,14.0,95.0,5,9.333333333333334,10.714285714285714,6.0,7.2,0,0,171.5,0,-1.333333333333334,14,ALO,Alpine,6.0,8.0,8.0,0.0,False,Finished
2021,Russian Grand Prix,15,132.0,4,6.142857142857143,11.5,214.0,3,7.333333333333333,7.071428571428571,1.0,9.0,0,0,89.5,0,-1.333333333333333,4,NOR,McLaren,7.0,6.0,6.0,0.0,False,Finished
2021,Russian Grand Prix,15,2.0,17,13.583333333333334,10.333333333333334,3.0,9,16.5,13.916666666666666,13.0,13.8,1,0,219.5,0,0.0,7,RAI,Alfa Romeo Racing,8.0,4.0,4.0,0.0,False,Finished
2021,Russian Grand Prix,15,118.0,5,7.714285714285714,7.0,339.5,2,4.666666666666667,3.7142857142857144,8.0,13.0,2,2,103.5,0,2.333333333333334,11,PER,Red Bull Racing,9.0,2.0,2.0,0.0,False,Finished
2021,Russian Grand Prix,15,15.0,15,13.142857142857142,17.5,22.0,8,14.333333333333334,12.214285714285714,3.0,9.6,0,0,206.5,0,1.0,63,RUS,Williams,10.0,1.0,1.0,0.0,False,Finished
2021,Russian Grand Prix,15,24.0,13,11.928571428571429,15.333333333333334,59.0,7,14.0,13.071428571428571,7.0,13.2,0,0,197.5,0,0.3333333333333339,18,STR,Aston Martin,11.0,0.0,0.0,0.0,False,Finished
2021,Russian Grand Prix,15,35.0,12,12.142857142857142,11.333333333333334,59.0,7,14.0,10.571428571428571,10.0,13.8,6,1,186.5,0,8.666666666666668,5,VET,Aston Martin,12.0,0.0,0.0,0.0,False,+1 Lap
2021,Russian Grand Prix,15,66.0,9,9.571428571428571,14.0,84.0,6,10.833333333333334,6.071428571428571,11.0,9.0,1,1,155.5,0,-1.3333333333333321,10,GAS,AlphaTauri,13.0,0.0,0.0,0.0,False,+1 Lap
2021,Russian Grand Prix,15,45.0,11,10.785714285714286,8.0,95.0,5,9.333333333333334,10.642857142857142,9.0,7.2,1,1,176.5,0,1.333333333333334,31,OCO,Alpine,14.0,0.0,0.0,0.0,False,+1 Lap
2021,Russian Grand Prix,15,104.0,6,8.0,5.333333333333333,201.5,4,9.666666666666666,5.571428571428571,19.0,7.4,2,2,117.5,0,3.666666666666667,16,LEC,Ferrari,15.0,0.0,0.0,0.0,False,+1 Lap
2021,Russian Grand Prix,15,1.0,18,13.142857142857142,13.0,3.0,9,16.5,12.214285714285714,17.0,13.2,0,0,220.5,0,0.0,99,GIO,Alfa Romeo Racing,16.0,0.0,0.0,0.0,False,+1 Lap
2021,Russian Grand Prix,15,18.0,14,13.142857142857142,10.0,84.0,6,10.833333333333334,11.857142857142858,12.0,14.0,0,0,203.5,0,-8.666666666666666,22,TSU,AlphaTauri,17.0,0.0,0.0,0.0,False,+1 Lap
2021,Russian Grand Prix,15,0.0,19,17.642857142857142,13.0,0.0,10,16.666666666666668,18.785714285714285,15.0,16.8,0,0,221.5,0,-1.0,9,MAZ,Haas F1 Team,18.0,0.0,0.0,0.0,False,+2 Laps
2021,Russian Grand Prix,15,7.0,16,15.071428571428571,16.0,22.0,8,14.333333333333334,15.0,18.0,11.4,0,0,214.5,0,0.3333333333333339,6,LAT,Williams,19.0,0.0,0.0,0.0,False,Accident
2021,Russian Grand Prix,15,0.0,19,16.428571428571427,10.0,0.0,10,16.666666666666668,18.071428571428573,14.0,15.8,0,0,221.5,0,-0.33333333333333215,47,MSC,Haas F1 Team,20.0,0.0,0.0,0.0,False,Oil leak
2021,Turkish Grand Prix,16,147.0,3,7.266666666666667,14.0,391.5,1,3.5,6.466666666666667,1.0,7.8,6,6,97.5,0,6.666666666666668,77,BOT,Mercedes,1.0,25.0,25.0,0.0,False,Finished
2021,Turkish Grand Prix,16,239.5,2,5.333333333333333,6.0,359.5,2,7.5,2.933333333333333,2.0,6.2,14,12,5.0,0,3.0,33,VER,Red Bull Racing,2.0,18.0,18.0,0.0,False,Finished
2021,Turkish Grand Prix,16,120.0,5,7.8,2.0,359.5,2,7.5,4.0,6.0,11.6,2,2,124.5,0,10.0,11,PER,Red Bull Racing,3.0,15.0,15.0,0.0,False,Finished
2021,Turkish Grand Prix,16,104.0,7,8.466666666666667,4.0,216.5,4,6.5,6.466666666666667,3.0,10.0,2,2,140.5,0,1.333333333333334,16,LEC,Ferrari,4.0,12.0,12.0,0.0,False,Finished
2021,Turkish Grand Prix,16,244.5,1,4.066666666666666,1.0,391.5,1,3.5,2.6,11.0,5.0,38,27,0.0,0,-4.666666666666667,44,HAM,Mercedes,5.0,10.0,10.0,0.0,False,Finished
2021,Turkish Grand Prix,16,66.0,9,9.8,13.0,84.0,6,10.5,6.4,4.0,9.4,1,1,178.5,0,-4.666666666666667,10,GAS,AlphaTauri,6.0,8.0,8.0,0.0,False,Finished
2021,Turkish Grand Prix,16,139.0,4,6.2,8.0,233.0,3,5.5,6.666666666666667,7.0,9.6,0,0,105.5,0,4.666666666666667,4,NOR,McLaren,7.0,6.0,6.0,0.0,False,Finished
2021,Turkish Grand Prix,16,112.5,6,6.533333333333333,5.0,216.5,4,6.5,7.733333333333333,19.0,5.8,0,0,132.0,0,1.0,55,SAI,Ferrari,8.0,4.0,4.0,0.0,False,Finished
2021,Turkish Grand Prix,16,24.0,13,11.866666666666667,9.0,59.0,7,12.5,12.666666666666666,8.0,13.8,0,0,220.5,0,5.666666666666666,18,STR,Aston Martin,9.0,2.0,2.0,0.0,False,Finished
2021,Turkish Grand Prix,16,45.0,11,11.0,11.0,103.0,5,6.5,10.533333333333333,12.0,8.2,1,1,199.5,0,-5.333333333333333,31,OCO,Alpine,10.0,1.0,1.0,0.0,False,+1 Lap
2021,Turkish Grand Prix,16,1.0,18,13.333333333333334,20.0,7.0,9,17.5,12.533333333333333,16.0,13.8,0,0,243.5,0,-1.333333333333334,99,GIO,Alfa Romeo Racing,11.0,0.0,0.0,0.0,False,+1 Lap
2021,Turkish Grand Prix,16,6.0,17,13.153846153846153,15.0,7.0,9,17.5,13.846153846153847,17.0,13.2,1,0,238.5,0,1.666666666666666,7,RAI,Alfa Romeo Racing,12.0,0.0,0.0,0.0,False,+1 Lap
2021,Turkish Grand Prix,16,94.0,8,7.4,10.0,233.0,3,5.5,8.933333333333334,20.0,6.2,3,1,150.5,0,1.333333333333334,3,RIC,McLaren,13.0,0.0,0.0,0.0,False,+1 Lap
2021,Turkish Grand Prix,16,18.0,14,13.4,10.0,84.0,6,10.5,11.866666666666667,9.0,15.4,0,0,226.5,0,-8.333333333333334,22,TSU,AlphaTauri,14.0,0.0,0.0,0.0,False,+1 Lap
2021,Turkish Grand Prix,16,16.0,15,12.933333333333334,16.0,23.0,8,17.5,11.6,13.0,9.2,0,0,228.5,0,-4.666666666666667,63,RUS,Williams,15.0,0.0,0.0,0.0,False,+1 Lap
2021,Turkish Grand Prix,16,58.0,10,9.466666666666667,10.0,103.0,5,6.5,10.4,5.0,7.0,0,0,186.5,0,0.6666666666666661,14,ALO,Alpine,16.0,0.0,0.0,0.0,False,+1 Lap
2021,Turkish Grand Prix,16,7.0,16,15.333333333333334,19.0,23.0,8,17.5,15.2,15.0,12.4,0,0,237.5,0,-5.333333333333334,6,LAT,Williams,17.0,0.0,0.0,0.0,False,+1 Lap
2021,Turkish Grand Prix,16,35.0,12,12.133333333333333,3.0,59.0,7,12.5,10.533333333333333,10.0,12.4,6,1,209.5,0,2.333333333333332,5,VET,Aston Martin,18.0,0.0,0.0,0.0,False,+1 Lap
2021,Turkish Grand Prix,16,0.0,19,16.666666666666668,10.0,0.0,10,17.5,17.8,14.0,16.2,0,0,244.5,0,-2.333333333333334,47,MSC,Haas F1 Team,19.0,0.0,0.0,0.0,False,+2 Laps
2021,Turkish Grand Prix,16,0.0,19,17.666666666666668,10.0,0.0,10,17.5,18.533333333333335,18.0,17.0,0,0,244.5,0,-2.0,9,MAZ,Haas F1 Team,20.0,0.0,0.0,0.0,False,+2 Laps
2021,United States Grand Prix,17,257.5,1,5.125,2.5,392.5,2,4.0,2.875,1.0,4.8,14,12,0.0,0,-3.6666666666666665,33,VER,Red Bull Racing,1.0,25.0,25.0,0.0,False,Finished
2021,United States Grand Prix,17,254.5,2,4.125,2.5,427.5,1,2.0,3.125,2.0,5.6,38,27,3.0,0,-5.333333333333334,44,HAM,Mercedes,2.0,18.0,18.0,0.0,False,Finished
2021,United States Grand Prix,17,135.0,5,7.5,9.0,392.5,2,4.0,4.125,3.0,8.8,2,2,122.5,0,9.0,11,PER,Red Bull Racing,3.0,15.0,15.0,0.0,False,Finished
2021,United States Grand Prix,17,116.0,7,8.1875,9.5,232.5,4,7.0,6.25,4.0,7.2,2,2,141.5,0,2.666666666666667,16,LEC,Ferrari,4.0,12.0,12.0,0.0,False,Finished
2021,United States Grand Prix,17,94.0,8,7.75,11.0,239.0,3,10.5,9.625,6.0,6.6,3,1,163.5,0,2.666666666666666,3,RIC,McLaren,5.0,10.0,10.0,0.0,False,Finished
2021,United States Grand Prix,17,173.0,3,6.875,3.0,427.5,1,2.0,6.125,9.0,4.8,7,7,84.5,0,7.333333333333334,77,BOT,Mercedes,6.0,8.0,8.0,0.0,False,Finished
2021,United States Grand Prix,17,116.5,6,6.625,7.5,232.5,4,7.0,8.4375,5.0,6.8,0,0,141.0,0,1.0,55,SAI,Ferrari,7.0,6.0,6.0,0.0,False,Finished
2021,United States Grand Prix,17,145.0,4,6.25,7.0,239.0,3,10.5,6.6875,7.0,8.0,0,0,112.5,0,7.666666666666667,4,NOR,McLaren,8.0,4.0,4.0,0.0,False,Finished
2021,United States Grand Prix,17,18.0,14,13.4375,10.0,92.0,6,11.0,11.6875,10.0,17.0,0,0,239.5,0,-3.666666666666666,22,TSU,AlphaTauri,9.0,2.0,2.0,0.0,False,+1 Lap
2021,United States Grand Prix,17,35.0,12,12.5,12.0,61.0,7,12.5,10.5,18.0,12.0,6,1,222.5,0,-1.333333333333334,5,VET,Aston Martin,10.0,1.0,1.0,0.0,False,+1 Lap
2021,United States Grand Prix,17,1.0,18,13.1875,14.0,7.0,9,14.25,12.75,12.0,13.4,0,0,256.5,0,0.0,99,GIO,Alfa Romeo Racing,11.0,0.0,0.0,0.0,False,+1 Lap
2021,United States Grand Prix,17,26.0,13,11.6875,13.5,61.0,7,12.5,12.375,13.0,11.8,0,0,231.5,0,8.0,18,STR,Aston Martin,12.0,0.0,0.0,0.0,False,+1 Lap
2021,United States Grand Prix,17,6.0,17,13.071428571428571,6.0,7.0,9,14.25,14.071428571428571,15.0,12.6,1,0,251.5,0,0.6666666666666679,7,RAI,Alfa Romeo Racing,13.0,0.0,0.0,0.0,False,+1 Lap
2021,United States Grand Prix,17,16.0,15,13.0625,17.0,23.0,8,17.5,11.6875,20.0,10.6,0,0,241.5,0,-2.333333333333334,63,RUS,Williams,14.0,0.0,0.0,0.0,False,+1 Lap
2021,United States Grand Prix,17,7.0,16,15.4375,10.0,23.0,8,17.5,15.1875,14.0,14.4,0,0,250.5,0,-5.0,6,LAT,Williams,15.0,0.0,0.0,0.0,False,+1 Lap
2021,United States Grand Prix,17,0.0,19,16.8125,10.0,0.0,10,15.75,17.5625,16.0,17.6,0,0,257.5,0,-2.666666666666666,47,MSC,Haas F1 Team,16.0,0.0,0.0,0.0,False,+2 Laps
2021,United States Grand Prix,17,0.0,19,17.8125,10.0,0.0,10,15.75,18.5,17.0,18.2,0,0,257.5,0,-1.0,9,MAZ,Haas F1 Team,17.0,0.0,0.0,0.0,False,+2 Laps
2021,United States Grand Prix,17,58.0,10,9.875,18.0,104.0,5,10.5,10.0625,19.0,9.4,0,0,199.5,0,-3.0,14,ALO,Alpine,18.0,0.0,0.0,0.0,False,Rear wing
2021,United States Grand Prix,17,46.0,11,10.9375,19.0,104.0,5,10.5,10.625,11.0,10.0,1,1,211.5,0,-5.666666666666667,31,OCO,Alpine,19.0,0.0,0.0,0.0,False,Mechanical
2021,United States Grand Prix,17,74.0,9,9.5625,14.0,92.0,6,11.0,6.25,8.0,9.6,1,1,183.5,0,-7.666666666666666,10,GAS,AlphaTauri,20.0,0.0,0.0,0.0,False,Suspension
2021,Mexico City Grand Prix,18,282.5,1,4.882352941176471,10.0,432.5,2,6.921052631578948,2.764705882352941,3.0,4.8,15,13,0.0,0,5.0,33,VER,Red Bull Racing,1.0,25.0,25.0,0.0,False,Finished
2021,Mexico City Grand Prix,18,273.5,2,4.0,10.0,454.5,1,4.006578947368421,3.0588235294117645,2.0,5.4,38,27,9.0,0,4.666666666666666,44,HAM,Mercedes,2.0,18.0,18.0,0.0,False,Finished
2021,Mexico City Grand Prix,18,150.0,4,7.235294117647059,10.0,432.5,2,6.921052631578948,4.0588235294117645,4.0,5.6,2,2,132.5,0,5.666666666666666,11,PER,Red Bull Racing,3.0,15.0,15.0,0.0,False,Finished
2021,Mexico City Grand Prix,18,74.0,9,10.176470588235293,10.0,94.0,6,11.191176470588236,6.352941176470588,5.0,12.4,1,1,208.5,0,-3.333333333333334,10,GAS,AlphaTauri,4.0,12.0,12.0,0.0,False,Finished
2021,Mexico City Grand Prix,18,128.0,6,7.9411764705882355,10.0,250.5,4,7.046052631578948,6.117647058823529,8.0,6.4,2,2,154.5,0,-2.0,16,LEC,Ferrari,5.0,10.0,10.0,0.0,False,Finished
2021,Mexico City Grand Prix,18,122.5,7,6.647058823529412,10.0,250.5,4,7.046052631578948,8.235294117647058,6.0,6.2,0,0,160.0,0,1.666666666666667,55,SAI,Ferrari,6.0,8.0,8.0,0.0,False,+1 Lap
2021,Mexico City Grand Prix,18,36.0,12,12.352941176470589,10.0,62.0,7,12.029411764705882,10.941176470588236,9.0,13.0,6,1,246.5,0,-3.333333333333334,5,VET,Aston Martin,7.0,6.0,6.0,0.0,False,+1 Lap
2021,Mexico City Grand Prix,18,6.0,17,13.066666666666666,10.0,7.0,9,13.209090909090909,14.133333333333333,10.0,12.2,1,0,276.5,0,3.333333333333334,7,RAI,Alfa Romeo Racing,8.0,4.0,4.0,0.0,False,+1 Lap
2021,Mexico City Grand Prix,18,58.0,10,10.352941176470589,10.0,104.0,5,10.882352941176471,10.588235294117647,12.0,10.8,0,0,224.5,0,-5.0,14,ALO,Alpine,9.0,2.0,2.0,0.0,False,+1 Lap
2021,Mexico City Grand Prix,18,149.0,5,6.352941176470588,10.0,253.0,3,9.967105263157896,6.705882352941177,18.0,6.8,0,0,133.5,0,1.333333333333333,4,NOR,McLaren,10.0,1.0,1.0,0.0,False,+1 Lap
2021,Mexico City Grand Prix,18,1.0,18,13.058823529411764,10.0,7.0,9,13.209090909090909,12.705882352941176,11.0,13.0,0,0,281.5,0,0.6666666666666679,99,GIO,Alfa Romeo Racing,11.0,0.0,0.0,0.0,False,+1 Lap
2021,Mexico City Grand Prix,18,104.0,8,7.588235294117647,10.0,253.0,3,9.967105263157896,9.411764705882353,7.0,6.8,3,1,178.5,0,-2.0,3,RIC,McLaren,12.0,0.0,0.0,0.0,False,+1 Lap
2021,Mexico City Grand Prix,18,46.0,11,11.411764705882353,10.0,104.0,5,10.882352941176471,10.647058823529411,19.0,12.4,1,1,236.5,0,-5.666666666666668,31,OCO,Alpine,13.0,0.0,0.0,0.0,False,+1 Lap
2021,Mexico City Grand Prix,18,26.0,13,11.705882352941176,10.0,62.0,7,12.029411764705882,12.411764705882353,20.0,10.2,0,0,256.5,0,2.333333333333334,18,STR,Aston Martin,14.0,0.0,0.0,0.0,False,+2 Laps
2021,Mexico City Grand Prix,18,181.0,3,6.823529411764706,10.0,454.5,1,4.006578947368421,6.294117647058823,1.0,3.6,7,7,101.5,0,2.0,77,BOT,Mercedes,15.0,0.0,0.0,0.0,False,+2 Laps
2021,Mexico City Grand Prix,18,16.0,15,13.117647058823529,10.0,23.0,8,15.361842105263158,12.176470588235293,16.0,13.0,0,0,266.5,0,-3.666666666666666,63,RUS,Williams,16.0,0.0,0.0,0.0,False,+2 Laps
2021,Mexico City Grand Prix,18,7.0,16,15.411764705882353,10.0,23.0,8,15.361842105263158,15.117647058823529,13.0,15.6,0,0,275.5,0,-5.0,6,LAT,Williams,17.0,0.0,0.0,0.0,False,+2 Laps
2021,Mexico City Grand Prix,18,0.0,19,17.764705882352942,10.0,0.0,10,14.68421052631579,18.41176470588235,15.0,18.2,0,0,282.5,0,-0.6666666666666643,9,MAZ,Haas F1 Team,18.0,0.0,0.0,0.0,False,+3 Laps
2021,Mexico City Grand Prix,18,0.0,19,16.764705882352942,10.0,0.0,10,14.68421052631579,17.470588235294116,14.0,17.6,0,0,282.5,0,-2.0,47,MSC,Haas F1 Team,19.0,0.0,0.0,0.0,False,Collision
2021,Mexico City Grand Prix,18,20.0,14,13.176470588235293,10.0,94.0,6,11.191176470588236,11.588235294117647,17.0,15.8,0,0,262.5,0,4.666666666666666,22,TSU,AlphaTauri,20.0,0.0,0.0,0.0,False,Collision
2021,São Paulo Grand Prix,19,291.5,2,3.888888888888889,10.0,472.5,1,4.064935064935065,3.0,10.0,5.4,38,27,16.0,0,3.666666666666667,44,HAM,Mercedes,1.0,25.0,25.0,0.0,False,Finished
2021,São Paulo Grand Prix,19,307.5,1,4.666666666666667,10.0,472.5,2,6.857142857142857,2.7777777777777777,2.0,4.8,16,14,0.0,0,5.666666666666667,33,VER,Red Bull Racing,2.0,20.0,18.0,2.0,False,Finished
2021,São Paulo Grand Prix,19,181.0,3,7.277777777777778,10.0,472.5,1,4.064935064935065,6.0,1.0,6.0,7,7,126.5,0,-3.6666666666666665,77,BOT,Mercedes,3.0,18.0,15.0,3.0,False,Finished
2021,São Paulo Grand Prix,19,165.0,4,7.0,10.0,472.5,2,6.857142857142857,4.055555555555555,4.0,4.6,2,2,142.5,0,4.333333333333333,11,PER,Red Bull Racing,4.0,12.0,12.0,0.0,False,Finished
2021,São Paulo Grand Prix,19,138.0,6,7.777777777777778,10.0,268.5,3,7.025974025974026,6.222222222222222,6.0,6.4,2,2,169.5,0,3.666666666666667,16,LEC,Ferrari,5.0,10.0,10.0,0.0,False,Finished
2021,São Paulo Grand Prix,19,130.5,7,6.611111111111111,10.0,268.5,3,7.025974025974026,8.11111111111111,3.0,6.0,0,0,177.0,0,-1.666666666666667,55,SAI,Ferrari,6.0,9.0,8.0,1.0,False,Finished
2021,São Paulo Grand Prix,19,86.0,9,9.833333333333334,10.0,106.0,6,11.214285714285714,6.277777777777778,7.0,12.4,1,1,221.5,0,2.0,10,GAS,AlphaTauri,7.0,6.0,6.0,0.0,False,+1 Lap
2021,São Paulo Grand Prix,19,46.0,11,11.5,10.0,106.0,5,10.88888888888889,11.11111111111111,8.0,13.2,1,1,261.5,0,-3.0,31,OCO,Alpine,8.0,4.0,4.0,0.0,False,+1 Lap
2021,São Paulo Grand Prix,19,60.0,10,10.277777777777779,10.0,106.0,5,10.88888888888889,10.666666666666666,12.0,11.4,0,0,247.5,0,-7.666666666666667,14,ALO,Alpine,9.0,2.0,2.0,0.0,False,+1 Lap
2021,São Paulo Grand Prix,19,150.0,5,6.555555555555555,10.0,254.0,4,9.980519480519481,7.333333333333333,5.0,6.8,0,0,157.5,0,-2.000000000000001,4,NOR,McLaren,10.0,1.0,1.0,0.0,False,+1 Lap
2021,São Paulo Grand Prix,19,42.0,12,12.055555555555555,10.0,68.0,7,11.944444444444445,10.833333333333334,9.0,11.8,6,1,265.5,0,0.6666666666666679,5,VET,Aston Martin,11.0,0.0,0.0,0.0,False,+1 Lap
2021,São Paulo Grand Prix,19,10.0,16,12.75,10.0,11.0,9,13.142857142857142,13.875,0.0,11.8,1,0,297.5,0,1.0,7,RAI,Alfa Romeo Racing,12.0,0.0,0.0,0.0,False,+1 Lap
2021,São Paulo Grand Prix,19,16.0,15,13.277777777777779,10.0,23.0,8,15.376623376623376,12.38888888888889,17.0,12.8,0,0,291.5,0,-3.0,63,RUS,Williams,13.0,0.0,0.0,0.0,False,+1 Lap
2021,São Paulo Grand Prix,19,1.0,18,12.944444444444445,10.0,11.0,9,13.142857142857142,12.61111111111111,13.0,12.4,0,0,306.5,0,3.333333333333334,99,GIO,Alfa Romeo Racing,14.0,0.0,0.0,0.0,False,+1 Lap
2021,São Paulo Grand Prix,19,20.0,14,13.555555555555555,10.0,106.0,6,11.214285714285714,11.88888888888889,15.0,16.0,0,0,287.5,0,4.333333333333334,22,TSU,AlphaTauri,15.0,0.0,0.0,0.0,False,+1 Lap
2021,São Paulo Grand Prix,19,7.0,17,15.5,10.0,23.0,8,15.376623376623376,15.0,16.0,15.8,0,0,300.5,0,-0.9999999999999982,6,LAT,Williams,16.0,0.0,0.0,0.0,False,+1 Lap
2021,São Paulo Grand Prix,19,0.0,19,17.77777777777778,10.0,0.0,10,14.733766233766234,18.22222222222222,19.0,17.8,0,0,307.5,0,-0.33333333333333215,9,MAZ,Haas F1 Team,17.0,0.0,0.0,0.0,False,+2 Laps
2021,São Paulo Grand Prix,19,0.0,19,16.88888888888889,10.0,0.0,10,14.733766233766234,17.27777777777778,18.0,17.8,0,0,307.5,0,-0.33333333333333215,47,MSC,Haas F1 Team,18.0,0.0,0.0,0.0,False,+2 Laps
2021,São Paulo Grand Prix,19,104.0,8,7.833333333333333,10.0,254.0,4,9.980519480519481,9.277777777777779,11.0,7.0,3,1,203.5,0,-4.666666666666667,3,RIC,McLaren,19.0,0.0,0.0,0.0,False,Power loss
2021,São Paulo Grand Prix,19,26.0,13,11.833333333333334,10.0,68.0,7,11.944444444444445,12.833333333333334,14.0,10.6,0,0,281.5,0,-1.666666666666666,18,STR,Aston Martin,20.0,0.0,0.0,0.0,False,Collision damage
2021,Qatar Grand Prix,20,316.5,2,3.736842105263158,10.0,512.5,1,4.038461538461538,3.3684210526315788,1.0,2.2,39,28,9.0,0,6.0,44,HAM,Mercedes,1.0,25.0,25.0,0.0,False,Finished
2021,Qatar Grand Prix,20,325.5,1,4.526315789473684,10.0,503.5,2,6.8076923076923075,2.736842105263158,7.0,1.6,16,14,0.0,0,6.0,33,VER,Red Bull Racing,2.0,18.0,18.0,0.0,False,Finished
2021,Qatar Grand Prix,20,62.0,10,10.210526315789474,10.0,112.0,5,10.763157894736842,10.736842105263158,3.0,11.6,0,0,263.5,0,-2.0,14,ALO,Alpine,3.0,15.0,15.0,0.0,False,Finished
2021,Qatar Grand Prix,20,178.0,4,6.842105263157895,10.0,503.5,2,6.8076923076923075,4.052631578947368,11.0,4.4,2,2,147.5,0,2.3333333333333335,11,PER,Red Bull Racing,4.0,12.0,12.0,0.0,False,Finished
2021,Qatar Grand Prix,20,50.0,11,11.31578947368421,10.0,112.0,5,10.763157894736842,10.947368421052632,9.0,12.8,1,1,275.5,0,-2.0,31,OCO,Alpine,5.0,10.0,10.0,0.0,False,Finished
2021,Qatar Grand Prix,20,26.0,13,12.263157894736842,10.0,68.0,7,12.131578947368421,12.894736842105264,12.0,13.2,0,0,299.5,0,-6.333333333333334,18,STR,Aston Martin,6.0,8.0,8.0,0.0,False,Finished
2021,Qatar Grand Prix,20,138.5,7,6.578947368421052,10.0,286.5,3,7.006410256410256,7.842105263157895,5.0,6.0,0,0,187.0,0,-0.6666666666666661,55,SAI,Ferrari,7.0,6.0,6.0,0.0,False,Finished
2021,Qatar Grand Prix,20,148.0,6,7.631578947368421,10.0,286.5,3,7.006410256410256,6.2105263157894735,13.0,6.6,2,2,177.5,0,3.0,16,LEC,Ferrari,8.0,4.0,4.0,0.0,False,Finished
2021,Qatar Grand Prix,20,151.0,5,6.7368421052631575,10.0,255.0,4,10.038461538461538,7.2105263157894735,4.0,8.4,0,0,174.5,0,-4.000000000000001,4,NOR,McLaren,9.0,2.0,2.0,0.0,False,+1 Lap
2021,Qatar Grand Prix,20,42.0,12,12.0,10.0,68.0,7,12.131578947368421,10.736842105263158,10.0,11.6,6,1,283.5,0,4.666666666666666,5,VET,Aston Martin,10.0,1.0,1.0,0.0,False,+1 Lap
2021,Qatar Grand Prix,20,92.0,9,9.68421052631579,10.0,112.0,6,11.208333333333334,6.315789473684211,2.0,10.0,1,1,233.5,0,2.333333333333332,10,GAS,AlphaTauri,11.0,0.0,0.0,0.0,False,+1 Lap
2021,Qatar Grand Prix,20,104.0,8,8.421052631578947,10.0,255.0,4,10.038461538461538,9.368421052631579,14.0,10.6,3,1,221.5,0,-6.0,3,RIC,McLaren,12.0,0.0,0.0,0.0,False,+1 Lap
2021,Qatar Grand Prix,20,20.0,14,13.631578947368421,10.0,112.0,6,11.208333333333334,12.052631578947368,8.0,15.0,0,0,305.5,0,2.333333333333334,22,TSU,AlphaTauri,13.0,0.0,0.0,0.0,False,+1 Lap
2021,Qatar Grand Prix,20,10.0,16,12.705882352941176,10.0,11.0,9,13.140350877192983,13.058823529411764,16.0,10.6,1,0,315.5,0,1.666666666666666,7,RAI,Alfa Romeo Racing,14.0,0.0,0.0,0.0,False,+1 Lap
2021,Qatar Grand Prix,20,1.0,18,13.0,10.0,11.0,9,13.140350877192983,12.631578947368421,18.0,12.6,0,0,324.5,0,1.333333333333334,99,GIO,Alfa Romeo Racing,15.0,0.0,0.0,0.0,False,+1 Lap
2021,Qatar Grand Prix,20,0.0,19,16.94736842105263,10.0,0.0,10,14.76923076923077,17.31578947368421,19.0,18.4,0,0,325.5,0,0.33333333333333215,47,MSC,Haas F1 Team,16.0,0.0,0.0,0.0,False,+1 Lap
2021,Qatar Grand Prix,20,16.0,15,13.263157894736842,10.0,23.0,8,15.365384615384615,12.631578947368421,15.0,13.6,0,0,309.5,0,-3.0,63,RUS,Williams,17.0,0.0,0.0,0.0,False,+2 Laps
2021,Qatar Grand Prix,20,0.0,19,17.736842105263158,10.0,0.0,10,14.76923076923077,18.263157894736842,20.0,18.0,0,0,325.5,0,0.6666666666666679,9,MAZ,Haas F1 Team,18.0,0.0,0.0,0.0,False,+2 Laps
2021,Qatar Grand Prix,20,7.0,17,15.526315789473685,10.0,23.0,8,15.365384615384615,15.052631578947368,17.0,16.8,0,0,318.5,0,-0.3333333333333339,6,LAT,Williams,19.0,0.0,0.0,0.0,True,Puncture
2021,Qatar Grand Prix,20,196.0,3,7.052631578947368,10.0,512.5,1,4.038461538461538,5.7368421052631575,6.0,6.0,7,7,129.5,0,-5.0,77,BOT,Mercedes,20.0,0.0,0.0,0.0,False,Damage
2021,Saudi Arabian Grand Prix,21,341.5,2,3.6,10.0,537.5,1,4.120253164556962,3.25,1.0,2.2,40,29,3.0,1,1.3333333333333333,44,HAM,Mercedes,1.0,25.0,25.0,0.0,False,Finished
2021,Saudi Arabian Grand Prix,21,344.5,1,4.4,10.0,534.5,2,6.7594936708860756,2.95,3.0,1.6,16,14,0.0,1,0.0,33,VER,Red Bull Racing,2.0,18.0,18.0,0.0,False,Finished
2021,Saudi Arabian Grand Prix,21,196.0,3,7.7,10.0,537.5,1,4.120253164556962,5.75,2.0,9.0,7,7,148.5,1,-8.666666666666666,77,BOT,Mercedes,3.0,15.0,15.0,0.0,False,Finished
2021,Saudi Arabian Grand Prix,21,60.0,11,11.0,10.0,137.0,5,10.425,10.85,9.0,11.0,1,1,284.5,1,5.666666666666668,31,OCO,Alpine,4.0,12.0,12.0,0.0,False,Finished
2021,Saudi Arabian Grand Prix,21,104.0,8,8.6,10.0,257.0,4,10.044303797468354,9.6,11.0,12.2,3,1,240.5,1,-7.000000000000001,3,RIC,McLaren,5.0,10.0,10.0,0.0,False,Finished
2021,Saudi Arabian Grand Prix,21,92.0,9,9.75,10.0,112.0,6,11.22972972972973,6.1,6.0,9.6,1,1,252.5,1,5.666666666666667,10,GAS,AlphaTauri,6.0,8.0,8.0,0.0,False,Finished
2021,Saudi Arabian Grand Prix,21,152.0,6,7.65,10.0,296.5,3,7.012658227848101,6.55,4.0,5.2,2,2,192.5,1,1.666666666666667,16,LEC,Ferrari,7.0,6.0,6.0,0.0,False,Finished
2021,Saudi Arabian Grand Prix,21,144.5,7,6.6,10.0,296.5,3,7.012658227848101,7.7,15.0,6.8,0,0,200.0,1,-0.33333333333333304,55,SAI,Ferrari,8.0,4.0,4.0,0.0,False,Finished
2021,Saudi Arabian Grand Prix,21,1.0,18,13.1,10.0,11.0,9,13.163793103448276,12.9,10.0,12.4,0,0,343.5,1,-0.6666666666666679,99,GIO,Alfa Romeo Racing,9.0,2.0,2.0,0.0,False,Finished
2021,Saudi Arabian Grand Prix,21,153.0,5,6.85,10.0,257.0,4,10.044303797468354,7.05,7.0,8.8,0,0,191.5,1,-2.333333333333333,4,NOR,McLaren,10.0,1.0,1.0,0.0,False,Finished
2021,Saudi Arabian Grand Prix,21,34.0,13,11.95,10.0,77.0,7,11.925,12.85,18.0,12.2,0,0,310.5,1,-2.666666666666668,18,STR,Aston Martin,11.0,0.0,0.0,0.0,False,Finished
2021,Saudi Arabian Grand Prix,21,7.0,17,15.7,10.0,23.0,8,15.39873417721519,15.15,16.0,16.8,0,0,337.5,1,-0.33333333333333215,6,LAT,Williams,12.0,0.0,0.0,0.0,False,Finished
2021,Saudi Arabian Grand Prix,21,77.0,10,9.85,10.0,137.0,5,10.425,10.35,13.0,11.0,0,0,267.5,1,6.333333333333334,14,ALO,Alpine,13.0,0.0,0.0,0.0,False,+1 Lap
2021,Saudi Arabian Grand Prix,21,20.0,14,13.6,10.0,112.0,6,11.22972972972973,11.85,8.0,14.2,0,0,324.5,1,-2.666666666666666,22,TSU,AlphaTauri,14.0,0.0,0.0,0.0,False,+1 Lap
2021,Saudi Arabian Grand Prix,21,10.0,16,12.777777777777779,10.0,11.0,9,13.163793103448276,13.222222222222221,12.0,11.8,1,0,334.5,1,-0.3333333333333339,7,RAI,Alfa Romeo Racing,15.0,0.0,0.0,0.0,False,+1 Lap
2021,Saudi Arabian Grand Prix,21,43.0,12,11.9,10.0,77.0,7,11.925,10.7,17.0,11.2,6,1,301.5,1,4.0,5,VET,Aston Martin,16.0,0.0,0.0,0.0,False,Collision damage
2021,Saudi Arabian Grand Prix,21,190.0,4,6.7,10.0,534.5,2,6.7594936708860756,4.4,5.0,3.4,2,2,154.5,1,1.3333333333333335,11,PER,Red Bull Racing,17.0,0.0,0.0,0.0,False,Collision
2021,Saudi Arabian Grand Prix,21,0.0,19,17.75,10.0,0.0,10,14.79746835443038,18.35,20.0,18.0,0,0,344.5,1,0.6666666666666643,9,MAZ,Haas F1 Team,18.0,0.0,0.0,0.0,False,Collision
2021,Saudi Arabian Grand Prix,21,16.0,15,13.45,10.0,23.0,8,15.39873417721519,12.75,14.0,15.0,0,0,328.5,1,-2.333333333333334,63,RUS,Williams,19.0,0.0,0.0,0.0,False,Collision
2021,Saudi Arabian Grand Prix,21,0.0,19,16.9,10.0,0.0,10,14.79746835443038,17.4,19.0,17.6,0,0,344.5,1,0.6666666666666643,47,MSC,Haas F1 Team,20.0,0.0,0.0,0.0,False,Accident
2021,Abu Dhabi Grand Prix,22,362.5,2,4.285714285714286,2.0,552.5,2,3.3333333333333335,2.9523809523809526,1.0,1.6,16,14,5.0,0,-0.6666666666666667,33,VER,Red Bull Racing,1.0,25.0,25.0,0.0,False,Finished
2021,Abu Dhabi Grand Prix,22,367.5,1,3.4761904761904763,1.6666666666666667,578.5,1,2.6666666666666665,3.142857142857143,2.0,1.4,41,30,0.0,0,2.0,44,HAM,Mercedes,2.0,18.0,18.0,0.0,False,Finished
2021,Abu Dhabi Grand Prix,22,148.5,7,6.666666666666667,7.333333333333333,306.5,3,6.666666666666667,8.047619047619047,5.0,6.8,0,0,219.0,0,0.0,55,SAI,Ferrari,3.0,15.0,15.0,0.0,False,Finished
2021,Abu Dhabi Grand Prix,22,20.0,14,13.619047619047619,10.0,120.0,6,13.666666666666666,11.666666666666666,8.0,14.2,0,0,347.5,0,0.3333333333333339,22,TSU,AlphaTauri,4.0,12.0,12.0,0.0,False,Finished
2021,Abu Dhabi Grand Prix,22,100.0,9,9.571428571428571,14.0,120.0,6,13.666666666666666,6.095238095238095,12.0,9.6,1,1,267.5,0,2.0,10,GAS,AlphaTauri,5.0,10.0,10.0,0.0,False,Finished
2021,Abu Dhabi Grand Prix,22,211.0,3,7.476190476190476,3.6666666666666665,578.5,1,2.6666666666666665,5.571428571428571,6.0,9.4,7,7,156.5,0,-1.333333333333333,77,BOT,Mercedes,6.0,8.0,8.0,0.0,False,Finished
2021,Abu Dhabi Grand Prix,22,154.0,6,7.0,6.5,268.0,4,11.5,7.0476190476190474,3.0,9.4,0,0,213.5,0,-1.3333333333333321,4,NOR,McLaren,7.0,6.0,6.0,0.0,False,Finished
2021,Abu Dhabi Grand Prix,22,77.0,10,10.0,11.0,149.0,5,10.333333333333334,10.476190476190476,11.0,10.4,0,0,290.5,0,6.0,14,ALO,Alpine,8.0,4.0,4.0,0.0,False,Finished
2021,Abu Dhabi Grand Prix,22,72.0,11,10.666666666666666,13.0,149.0,5,10.333333333333334,10.761904761904763,9.0,9.8,1,1,295.5,0,8.333333333333332,31,OCO,Alpine,9.0,2.0,2.0,0.0,False,Finished
2021,Abu Dhabi Grand Prix,22,158.0,5,7.619047619047619,7.666666666666667,306.5,3,6.666666666666667,6.428571428571429,7.0,5.8,2,2,209.5,0,-2.333333333333334,16,LEC,Ferrari,10.0,1.0,1.0,0.0,False,Finished
2021,Abu Dhabi Grand Prix,22,43.0,12,12.095238095238095,7.0,77.0,7,12.666666666666666,11.0,15.0,10.8,6,1,324.5,0,-0.6666666666666679,5,VET,Aston Martin,11.0,0.0,0.0,0.0,False,Finished
2021,Abu Dhabi Grand Prix,22,114.0,8,8.428571428571429,7.333333333333333,268.0,4,11.5,9.666666666666666,10.0,10.6,3,1,253.5,0,-2.0,3,RIC,McLaren,12.0,0.0,0.0,0.0,False,+1 Lap
2021,Abu Dhabi Grand Prix,22,34.0,13,11.904761904761905,14.333333333333334,77.0,7,12.666666666666666,13.095238095238095,13.0,12.6,0,0,333.5,0,-0.6666666666666679,18,STR,Aston Martin,13.0,0.0,0.0,0.0,False,+1 Lap
2021,Abu Dhabi Grand Prix,22,0.0,19,17.047619047619047,10.0,0.0,10,16.0,17.476190476190474,19.0,17.8,0,0,367.5,0,0.0,47,MSC,Haas F1 Team,14.0,0.0,0.0,0.0,False,+1 Lap
2021,Abu Dhabi Grand Prix,22,190.0,4,7.190476190476191,11.666666666666666,552.5,2,3.3333333333333335,4.428571428571429,4.0,6.2,2,2,177.5,0,-5.333333333333334,11,PER,Red Bull Racing,15.0,0.0,0.0,0.0,False,Engine
2021,Abu Dhabi Grand Prix,22,7.0,17,15.523809523809524,17.0,23.0,8,15.166666666666666,15.19047619047619,16.0,15.8,0,0,360.5,0,0.6666666666666661,6,LAT,Williams,16.0,0.0,0.0,0.0,False,Accident
2021,Abu Dhabi Grand Prix,22,3.0,18,12.904761904761905,16.0,13.0,9,13.0,12.761904761904763,14.0,12.0,0,0,364.5,0,-1.666666666666666,99,GIO,Alfa Romeo Racing,17.0,0.0,0.0,0.0,False,Gearbox
2021,Abu Dhabi Grand Prix,22,16.0,15,13.714285714285714,16.0,23.0,8,15.166666666666666,12.80952380952381,17.0,15.8,0,0,351.5,0,-1.3333333333333321,63,RUS,Williams,18.0,0.0,0.0,0.0,False,Gearbox
2021,Abu Dhabi Grand Prix,22,10.0,16,12.894736842105264,14.666666666666666,13.0,9,13.0,13.157894736842104,18.0,12.4,1,0,357.5,0,-2.666666666666666,7,RAI,Alfa Romeo Racing,19.0,0.0,0.0,0.0,False,Brakes
2021,Abu Dhabi Grand Prix,22,0.0,19,17.761904761904763,18.0,0.0,10,16.0,18.428571428571427,,17.6,0,0,367.5,0,0.6666666666666643,9,MAZ,Haas F1 Team,,0.0,0.0,0.0,False,Illness
2022,Bahrain Grand Prix,1,159.0,7,7.7272727272727275,7.75,322.5,3,6.625,1.0,1.0,7.0,2,0,229.5,0,-3.666666666666667,16,LEC,Ferrari,1.0,25.0,25.0,0.0,False,Finished
2022,Bahrain Grand Prix,1,163.5,5,6.5,10.75,322.5,3,6.625,3.0,3.0,6.0,0,0,225.0,0,0.33333333333333304,55,SAI,Ferrari,2.0,18.0,18.0,0.0,False,Finished
2022,Bahrain Grand Prix,1,385.5,2,3.409090909090909,1.5,604.5,1,2.125,5.0,5.0,1.4,41,19,3.0,0,0.3333333333333335,44,HAM,Mercedes,3.0,15.0,15.0,0.0,False,Finished
2022,Bahrain Grand Prix,1,16.0,15,13.909090909090908,13.666666666666666,23.0,8,16.0,9.0,9.0,16.6,0,0,372.5,0,-3.666666666666666,63,RUS,Mercedes,4.0,12.0,12.0,0.0,False,Finished
2022,Bahrain Grand Prix,1,0.0,20,,11.666666666666666,0.0,10,14.75,7.0,7.0,,0,0,388.5,0,0.0,20,MAG,Haas F1 Team,5.0,10.0,10.0,0.0,False,Finished
2022,Bahrain Grand Prix,1,219.0,3,7.409090909090909,3.75,604.5,1,2.125,6.0,6.0,9.4,7,3,169.5,0,-1.666666666666666,77,BOT,Alfa Romeo,6.0,8.0,8.0,0.0,False,Finished
2022,Bahrain Grand Prix,1,74.0,11,10.590909090909092,10.666666666666666,155.0,5,9.75,11.0,11.0,7.8,1,1,314.5,0,7.333333333333334,31,OCO,Alpine,7.0,6.0,6.0,0.0,False,Finished
2022,Bahrain Grand Prix,1,32.0,14,13.181818181818182,9.0,142.0,6,10.75,16.0,16.0,13.2,0,0,356.5,0,4.333333333333332,22,TSU,AlphaTauri,8.0,4.0,4.0,0.0,False,Finished
2022,Bahrain Grand Prix,1,81.0,10,9.909090909090908,13.0,155.0,5,9.75,8.0,8.0,8.4,0,0,307.5,0,4.0,14,ALO,Alpine,9.0,2.0,2.0,0.0,False,Finished
2022,Bahrain Grand Prix,1,0.0,20,,10.0,0.0,10,14.75,15.0,15.0,,0,0,388.5,0,0.0,24,ZHO,Alfa Romeo,10.0,1.0,1.0,0.0,False,Finished
2022,Bahrain Grand Prix,1,0.0,19,16.90909090909091,16.0,0.0,10,14.75,12.0,12.0,17.4,0,0,388.5,0,1.0,47,MSC,Haas F1 Team,11.0,0.0,0.0,0.0,False,Finished
2022,Bahrain Grand Prix,1,34.0,13,11.954545454545455,14.25,77.0,7,12.375,19.0,19.0,12.8,0,0,354.5,0,5.333333333333334,18,STR,Aston Martin,12.0,0.0,0.0,0.0,False,Finished
2022,Bahrain Grand Prix,1,0.0,20,,6.0,0.0,10,14.75,14.0,14.0,,0,0,388.5,0,0.0,23,ALB,Williams,13.0,0.0,0.0,0.0,False,Finished
2022,Bahrain Grand Prix,1,114.0,8,8.590909090909092,13.0,274.0,4,8.875,18.0,18.0,12.0,3,1,274.5,0,2.333333333333334,3,RIC,McLaren,14.0,0.0,0.0,0.0,False,Finished
2022,Bahrain Grand Prix,1,160.0,6,7.0,4.666666666666667,274.0,4,8.875,13.0,13.0,9.2,0,0,228.5,0,0.6666666666666679,4,NOR,McLaren,15.0,0.0,0.0,0.0,False,Finished
2022,Bahrain Grand Prix,1,7.0,17,15.545454545454545,16.0,23.0,8,16.0,20.0,20.0,16.0,0,0,381.5,0,0.3333333333333339,6,LAT,Williams,16.0,0.0,0.0,0.0,False,Finished
2022,Bahrain Grand Prix,1,0.0,20,,11.5,0.0,10,14.75,17.0,17.0,,0,0,388.5,0,0.0,27,HUL,Aston Martin,17.0,0.0,0.0,0.0,False,Finished
2022,Bahrain Grand Prix,1,190.0,4,7.545454545454546,12.25,578.5,2,5.375,4.0,4.0,8.6,2,2,198.5,0,-8.666666666666666,11,PER,Red Bull Racing,18.0,0.0,0.0,0.0,False,Fuel pressure
2022,Bahrain Grand Prix,1,0.0,20,,10.0,0.0,10,14.75,2.0,2.0,,0,0,388.5,0,0.0,1,VER,Red Bull Racing,19.0,0.0,0.0,0.0,False,Fuel pressure
2022,Bahrain Grand Prix,1,110.0,9,9.363636363636363,8.75,142.0,6,10.75,10.0,10.0,6.6,1,1,278.5,0,3.000000000000001,10,GAS,AlphaTauri,20.0,0.0,0.0,0.0,False,Power Unit
2022,Saudi Arabian Grand Prix,2,0.0,11,19.0,10.0,0.0,9,19.0,2.0,4.0,19.0,0,0,26.0,1,0.0,1,VER,Red Bull Racing,1.0,25.0,25.0,0.0,False,Finished
2022,Saudi Arabian Grand Prix,2,26.0,1,1.0,7.0,44.0,1,2.0,1.0,2.0,1.0,3,1,0.0,1,0.0,16,LEC,Ferrari,2.0,18.0,18.0,0.0,False,Finished
2022,Saudi Arabian Grand Prix,2,18.0,2,2.0,8.0,44.0,1,2.0,3.0,3.0,2.0,0,0,8.0,1,0.0,55,SAI,Ferrari,3.0,15.0,15.0,0.0,False,Finished
2022,Saudi Arabian Grand Prix,2,0.0,11,18.0,17.0,0.0,9,19.0,4.0,1.0,18.0,2,2,26.0,1,0.0,11,PER,Red Bull Racing,4.0,12.0,12.0,0.0,False,Finished
2022,Saudi Arabian Grand Prix,2,12.0,4,4.0,19.0,27.0,2,9.5,9.0,6.0,4.0,0,0,14.0,1,0.0,63,RUS,Mercedes,5.0,10.0,10.0,0.0,False,Finished
2022,Saudi Arabian Grand Prix,2,6.0,7,7.0,4.0,8.0,5,7.5,11.0,5.0,7.0,1,1,20.0,1,0.0,31,OCO,Alpine,6.0,8.0,8.0,0.0,False,Finished
2022,Saudi Arabian Grand Prix,2,0.0,11,15.0,10.0,0.0,8,13.5,13.0,11.0,15.0,0,0,26.0,1,0.0,4,NOR,McLaren,7.0,6.0,6.0,0.0,False,Finished
2022,Saudi Arabian Grand Prix,2,0.0,11,20.0,6.0,4.0,6,10.0,10.0,9.0,20.0,1,1,26.0,1,0.0,10,GAS,AlphaTauri,8.0,4.0,4.0,0.0,False,Finished
2022,Saudi Arabian Grand Prix,2,10.0,5,5.0,10.0,10.0,3,8.5,7.0,10.0,5.0,0,0,16.0,1,0.0,20,MAG,Haas F1 Team,9.0,2.0,2.0,0.0,False,Finished
2022,Saudi Arabian Grand Prix,2,15.0,3,3.0,1.0,27.0,2,9.5,5.0,15.0,3.0,41,19,11.0,1,0.0,44,HAM,Mercedes,10.0,1.0,1.0,0.0,False,Finished
2022,Saudi Arabian Grand Prix,2,1.0,10,10.0,10.0,9.0,4,7.5,15.0,12.0,10.0,0,0,25.0,1,0.0,24,ZHO,Alfa Romeo,11.0,0.0,0.0,0.0,False,Finished
2022,Saudi Arabian Grand Prix,2,0.0,11,17.0,10.0,0.0,7,12.0,17.0,17.0,17.0,0,0,26.0,1,0.0,27,HUL,Aston Martin,12.0,0.0,0.0,0.0,False,Finished
2022,Saudi Arabian Grand Prix,2,0.0,11,12.0,11.0,0.0,7,12.0,19.0,13.0,12.0,0,0,26.0,1,0.0,18,STR,Aston Martin,13.0,0.0,0.0,0.0,False,+1 Lap
2022,Saudi Arabian Grand Prix,2,0.0,11,13.0,10.0,0.0,10,15.5,14.0,16.0,13.0,0,0,26.0,1,0.0,23,ALB,Williams,14.0,0.0,0.0,0.0,False,Collision damage
2022,Saudi Arabian Grand Prix,2,8.0,6,6.0,3.0,9.0,4,7.5,6.0,8.0,6.0,7,3,18.0,1,0.0,77,BOT,Alfa Romeo,15.0,0.0,0.0,0.0,False,Cooling system
2022,Saudi Arabian Grand Prix,2,2.0,9,9.0,13.0,8.0,5,7.5,8.0,7.0,9.0,0,0,24.0,1,0.0,14,ALO,Alpine,16.0,0.0,0.0,0.0,False,Water pump
2022,Saudi Arabian Grand Prix,2,0.0,11,14.0,5.0,0.0,8,13.5,18.0,14.0,14.0,3,1,26.0,1,0.0,3,RIC,McLaren,17.0,0.0,0.0,0.0,False,Gearbox
2022,Saudi Arabian Grand Prix,2,0.0,11,16.0,12.0,0.0,10,15.5,20.0,18.0,16.0,0,0,26.0,1,0.0,6,LAT,Williams,18.0,0.0,0.0,0.0,False,Accident
2022,Saudi Arabian Grand Prix,2,4.0,8,8.0,14.0,4.0,6,10.0,16.0,19.0,8.0,0,0,22.0,1,0.0,22,TSU,AlphaTauri,19.0,0.0,0.0,0.0,False,Power Unit
2022,Saudi Arabian Grand Prix,2,0.0,11,11.0,20.0,10.0,3,8.5,12.0,,11.0,0,0,26.0,1,0.0,47,MSC,Haas F1 Team,,0.0,0.0,0.0,False,Withdrew
2022,Australian Grand Prix,3,45.0,1,1.5,9.0,78.0,1,1.75,1.5,1.0,1.5,3,1,0.0,0,0.0,16,LEC,Ferrari,1.0,25.0,25.0,0.0,False,Finished
2022,Australian Grand Prix,3,12.0,7,11.0,12.0,37.0,3,6.0,2.5,3.0,11.0,2,2,33.0,0,0.0,11,PER,Red Bull Racing,2.0,18.0,18.0,0.0,False,Finished
2022,Australian Grand Prix,3,22.0,4,4.5,16.0,38.0,2,4.75,7.5,6.0,4.5,0,0,23.0,0,0.0,63,RUS,Mercedes,3.0,15.0,15.0,0.0,False,Finished
2022,Australian Grand Prix,3,16.0,5,6.5,2.0,38.0,2,4.75,10.0,5.0,6.5,41,19,29.0,0,0.0,44,HAM,Mercedes,4.0,12.0,12.0,0.0,False,Finished
2022,Australian Grand Prix,3,6.0,10,11.0,12.0,6.0,8,14.0,12.0,4.0,11.0,0,0,39.0,0,0.0,4,NOR,McLaren,5.0,10.0,10.0,0.0,False,Finished
2022,Australian Grand Prix,3,0.0,15,15.5,11.5,6.0,8,14.0,16.0,7.0,15.5,3,1,45.0,0,0.0,3,RIC,McLaren,6.0,8.0,8.0,0.0,False,Finished
2022,Australian Grand Prix,3,14.0,6,6.5,12.0,16.0,4,9.5,8.0,8.0,6.5,1,1,31.0,0,0.0,31,OCO,Alpine,7.0,6.0,6.0,0.0,False,Finished
2022,Australian Grand Prix,3,8.0,9,10.5,4.5,9.0,6,11.5,7.0,12.0,10.5,7,3,37.0,0,0.0,77,BOT,Alfa Romeo,8.0,4.0,4.0,0.0,False,Finished
2022,Australian Grand Prix,3,4.0,11,14.0,14.5,8.0,7,13.75,9.5,11.0,14.0,1,1,41.0,0,0.0,10,GAS,AlphaTauri,9.0,2.0,2.0,0.0,False,Finished
2022,Australian Grand Prix,3,0.0,15,13.5,14.0,0.0,10,16.75,15.0,20.0,13.5,0,0,45.0,0,0.0,23,ALB,Williams,10.0,1.0,1.0,0.0,False,Finished
2022,Australian Grand Prix,3,1.0,14,10.5,10.0,9.0,6,11.5,13.5,14.0,10.5,0,0,44.0,0,0.0,24,ZHO,Alfa Romeo,11.0,0.0,0.0,0.0,False,Finished
2022,Australian Grand Prix,3,0.0,15,12.5,11.5,0.0,9,16.25,16.0,19.0,12.5,0,0,45.0,0,0.0,18,STR,Aston Martin,12.0,0.0,0.0,0.0,False,Finished
2022,Australian Grand Prix,3,0.0,15,11.0,10.0,12.0,5,10.75,12.0,15.0,11.0,0,0,45.0,0,0.0,47,MSC,Haas F1 Team,13.0,0.0,0.0,0.0,False,+1 Lap
2022,Australian Grand Prix,3,12.0,7,7.0,11.5,12.0,5,10.75,8.5,16.0,7.0,0,0,33.0,0,0.0,20,MAG,Haas F1 Team,14.0,0.0,0.0,0.0,False,+1 Lap
2022,Australian Grand Prix,3,4.0,11,13.5,10.0,8.0,7,13.75,17.5,13.0,13.5,0,0,41.0,0,0.0,22,TSU,AlphaTauri,15.0,0.0,0.0,0.0,False,+1 Lap
2022,Australian Grand Prix,3,0.0,15,17.0,10.0,0.0,10,16.75,19.0,18.0,17.0,0,0,45.0,0,0.0,6,LAT,Williams,16.0,0.0,0.0,0.0,False,+1 Lap
2022,Australian Grand Prix,3,2.0,13,12.5,5.0,16.0,4,9.5,7.5,10.0,12.5,0,0,43.0,0,0.0,14,ALO,Alpine,17.0,0.0,0.0,0.0,False,+1 Lap
2022,Australian Grand Prix,3,25.0,3,10.0,10.0,37.0,3,6.0,3.0,2.0,10.0,1,1,20.0,0,0.0,1,VER,Red Bull Racing,18.0,0.0,0.0,0.0,False,Fuel leak
2022,Australian Grand Prix,3,0.0,20,,2.5,0.0,10,16.75,17.0,17.0,,6,0,45.0,0,0.0,5,VET,Aston Martin,19.0,0.0,0.0,0.0,False,Accident
2022,Australian Grand Prix,3,33.0,2,2.5,15.0,78.0,1,1.75,3.0,9.0,2.5,0,0,12.0,0,0.0,55,SAI,Ferrari,20.0,0.0,0.0,0.0,False,Spun off
2022,Emilia Romagna Grand Prix,4,25.0,6,12.666666666666666,10.0,55.0,3,8.25,2.6666666666666665,1.0,12.666666666666666,1,1,46.0,0,0.0,1,VER,Red Bull Racing,1.0,33.0,25.0,8.0,False,Finished
2022,Emilia Romagna Grand Prix,4,30.0,4,8.0,8.5,55.0,3,8.25,2.6666666666666665,3.0,8.0,2,2,41.0,0,0.0,11,PER,Red Bull Racing,2.0,24.0,18.0,6.0,False,Finished
2022,Emilia Romagna Grand Prix,4,16.0,8,9.0,5.5,24.0,4,8.75,9.333333333333334,5.0,9.0,0,0,55.0,0,0.0,4,NOR,McLaren,3.0,19.0,15.0,4.0,False,Finished
2022,Emilia Romagna Grand Prix,4,37.0,2,4.0,17.5,65.0,2,7.75,7.0,11.0,4.0,0,0,34.0,0,0.0,63,RUS,Mercedes,4.0,12.0,12.0,0.0,False,Finished
2022,Emilia Romagna Grand Prix,4,12.0,9,9.666666666666666,10.0,13.0,6,10.5,8.666666666666666,7.0,9.666666666666666,7,3,59.0,0,0.0,77,BOT,Alfa Romeo,5.0,12.0,10.0,2.0,False,Finished
2022,Emilia Romagna Grand Prix,4,71.0,1,1.3333333333333333,4.5,104.0,1,3.75,1.3333333333333333,2.0,1.3333333333333333,4,2,0.0,0,0.0,16,LEC,Ferrari,6.0,15.0,8.0,7.0,False,Finished
2022,Emilia Romagna Grand Prix,4,4.0,13,14.0,12.0,10.0,8,14.75,16.0,12.0,14.0,0,0,67.0,0,0.0,22,TSU,AlphaTauri,7.0,6.0,6.0,0.0,False,Finished
2022,Emilia Romagna Grand Prix,4,0.0,17,19.0,13.5,0.0,10,16.5,17.0,13.0,19.0,6,0,71.0,0,0.0,5,VET,Aston Martin,8.0,4.0,4.0,0.0,False,Finished
2022,Emilia Romagna Grand Prix,4,12.0,9,9.333333333333334,18.0,12.0,7,9.5,11.0,8.0,9.333333333333334,0,0,59.0,0,0.0,20,MAG,Haas F1 Team,9.0,3.0,2.0,1.0,False,Finished
2022,Emilia Romagna Grand Prix,4,0.0,17,12.333333333333334,10.5,0.0,10,16.5,17.0,15.0,12.333333333333334,0,0,71.0,0,0.0,18,STR,Aston Martin,10.0,1.0,1.0,0.0,False,+1 Lap
2022,Emilia Romagna Grand Prix,4,1.0,15,12.333333333333334,15.0,1.0,9,16.25,16.666666666666668,18.0,12.333333333333334,0,0,70.0,0,0.0,23,ALB,Williams,11.0,0.0,0.0,0.0,False,+1 Lap
2022,Emilia Romagna Grand Prix,4,6.0,12,12.333333333333334,13.5,10.0,8,14.75,10.0,17.0,12.333333333333334,1,1,65.0,0,0.0,10,GAS,AlphaTauri,12.0,0.0,0.0,0.0,False,+1 Lap
2022,Emilia Romagna Grand Prix,4,28.0,5,5.666666666666667,1.5,65.0,2,7.75,8.333333333333334,14.0,5.666666666666667,41,19,43.0,0,0.0,44,HAM,Mercedes,13.0,0.0,0.0,0.0,False,+1 Lap
2022,Emilia Romagna Grand Prix,4,20.0,7,6.666666666666667,14.0,22.0,5,9.0,8.0,16.0,6.666666666666667,1,1,51.0,0,0.0,31,OCO,Alpine,14.0,0.0,0.0,0.0,False,+1 Lap
2022,Emilia Romagna Grand Prix,4,1.0,15,10.666666666666666,10.0,13.0,6,10.5,13.666666666666666,0.0,10.666666666666666,0,0,70.0,0,0.0,24,ZHO,Alfa Romeo,15.0,0.0,0.0,0.0,False,+1 Lap
2022,Emilia Romagna Grand Prix,4,0.0,17,16.666666666666668,15.5,1.0,9,16.25,18.666666666666668,19.0,16.666666666666668,0,0,71.0,0,0.0,6,LAT,Williams,16.0,0.0,0.0,0.0,False,+1 Lap
2022,Emilia Romagna Grand Prix,4,0.0,17,12.0,16.0,12.0,7,9.5,13.5,10.0,12.0,0,0,71.0,0,0.0,47,MSC,Haas F1 Team,17.0,0.0,0.0,0.0,False,+1 Lap
2022,Emilia Romagna Grand Prix,4,8.0,11,12.333333333333334,4.5,24.0,4,8.75,13.0,6.0,12.333333333333334,3,1,63.0,0,0.0,3,RIC,McLaren,18.0,3.0,0.0,3.0,False,+1 Lap
2022,Emilia Romagna Grand Prix,4,2.0,14,14.0,10.0,22.0,5,9.0,8.333333333333334,9.0,14.0,0,0,69.0,0,0.0,14,ALO,Alpine,19.0,0.0,0.0,0.0,False,Collision damage
2022,Emilia Romagna Grand Prix,4,33.0,3,8.333333333333334,6.0,104.0,1,3.75,5.0,4.0,8.333333333333334,0,0,38.0,0,0.0,55,SAI,Ferrari,20.0,5.0,0.0,5.0,False,Collision
2022,Miami Grand Prix,5,51.0,2,9.75,10.0,99.0,2,6.870588235294117,2.25,3.0,9.75,2,2,28.0,1,0.0,1,VER,Red Bull Racing,1.0,25.0,25.0,0.0,False,Finished
2022,Miami Grand Prix,5,79.0,1,2.5,10.0,112.0,1,7.0058823529411764,1.5,1.0,2.5,4,2,0.0,1,0.0,16,LEC,Ferrari,2.0,18.0,18.0,0.0,False,Finished
2022,Miami Grand Prix,5,33.0,5,11.25,10.0,112.0,1,7.0058823529411764,4.75,2.0,11.25,0,0,46.0,1,0.0,55,SAI,Ferrari,3.0,15.0,15.0,0.0,False,Finished
2022,Miami Grand Prix,5,48.0,4,6.5,10.0,99.0,2,6.870588235294117,2.75,4.0,6.5,2,2,31.0,1,0.0,11,PER,Red Bull Racing,4.0,12.0,12.0,0.0,False,Finished
2022,Miami Grand Prix,5,49.0,3,4.0,10.0,77.0,3,4.170588235294118,8.0,12.0,4.0,0,0,30.0,1,0.0,63,RUS,Mercedes,5.0,10.0,10.0,0.0,False,Finished
2022,Miami Grand Prix,5,28.0,7,7.5,10.0,77.0,3,4.170588235294118,9.75,6.0,7.5,41,19,51.0,1,0.0,44,HAM,Mercedes,6.0,8.0,8.0,0.0,False,Finished
2022,Miami Grand Prix,5,22.0,8,8.5,10.0,23.0,5,10.125,8.25,5.0,8.5,7,3,57.0,1,0.0,77,BOT,Alfa Romeo,7.0,6.0,6.0,0.0,False,Finished
2022,Miami Grand Prix,5,20.0,9,8.5,10.0,22.0,6,10.5,10.0,20.0,8.5,1,1,59.0,1,0.0,31,OCO,Alpine,8.0,4.0,4.0,0.0,False,Finished
2022,Miami Grand Prix,5,1.0,16,12.0,10.0,1.0,10,15.364705882352942,17.0,18.0,12.0,0,0,78.0,1,0.0,23,ALB,Williams,9.0,2.0,2.0,0.0,False,Finished
2022,Miami Grand Prix,5,1.0,16,11.75,10.0,5.0,9,12.134615384615385,16.5,0.0,11.75,0,0,78.0,1,0.0,18,STR,Aston Martin,10.0,1.0,1.0,0.0,False,Finished
2022,Miami Grand Prix,5,2.0,15,15.25,10.0,22.0,6,10.5,8.5,11.0,15.25,0,0,77.0,1,0.0,14,ALO,Alpine,11.0,0.0,0.0,0.0,False,Finished
2022,Miami Grand Prix,5,10.0,11,12.25,10.0,16.0,7,11.13953488372093,15.0,9.0,12.25,0,0,69.0,1,0.0,22,TSU,AlphaTauri,12.0,0.0,0.0,0.0,False,Finished
2022,Miami Grand Prix,5,8.0,12,13.75,10.0,39.0,4,10.035294117647059,11.25,14.0,13.75,3,1,71.0,1,0.0,3,RIC,McLaren,13.0,0.0,0.0,0.0,False,Finished
2022,Miami Grand Prix,5,0.0,19,16.5,10.0,1.0,10,15.364705882352942,18.75,19.0,16.5,0,0,79.0,1,0.0,6,LAT,Williams,14.0,0.0,0.0,0.0,False,Finished
2022,Miami Grand Prix,5,0.0,19,13.666666666666666,10.0,14.0,8,14.69047619047619,12.333333333333334,15.0,13.666666666666666,0,0,79.0,1,0.0,47,MSC,Haas F1 Team,15.0,0.0,0.0,0.0,False,Finished
2022,Miami Grand Prix,5,14.0,10,9.25,10.0,14.0,8,14.69047619047619,10.25,16.0,9.25,0,0,65.0,1,0.0,20,MAG,Haas F1 Team,16.0,0.0,0.0,0.0,False,Front wing
2022,Miami Grand Prix,5,4.0,14,13.5,10.0,5.0,9,12.134615384615385,15.0,0.0,13.5,6,0,75.0,1,0.0,5,VET,Aston Martin,17.0,0.0,0.0,0.0,False,Collision
2022,Miami Grand Prix,5,6.0,13,12.25,10.0,16.0,7,11.13953488372093,11.75,7.0,12.25,1,1,73.0,1,0.0,10,GAS,AlphaTauri,18.0,0.0,0.0,0.0,False,Suspension
2022,Miami Grand Prix,5,31.0,6,7.5,10.0,39.0,4,10.035294117647059,8.25,8.0,7.5,0,0,48.0,1,0.0,4,NOR,McLaren,19.0,0.0,0.0,0.0,False,Collision
2022,Miami Grand Prix,5,1.0,16,11.75,10.0,23.0,5,10.125,10.25,17.0,11.75,0,0,78.0,1,0.0,24,ZHO,Alfa Romeo,20.0,0.0,0.0,0.0,False,Water leak
2022,Spanish Grand Prix,6,77.0,2,8.0,10.0,137.0,2,4.125,2.4,2.0,8.0,3,3,20.0,0,0.0,1,VER,Red Bull Racing,1.0,25.0,25.0,0.0,False,Finished
2022,Spanish Grand Prix,6,60.0,3,6.0,8.5,137.0,2,4.125,3.0,5.0,6.0,2,2,37.0,0,0.0,11,PER,Red Bull Racing,2.0,18.0,18.0,0.0,False,Finished
2022,Spanish Grand Prix,6,59.0,4,4.2,16.0,95.0,3,6.375,8.8,4.0,4.2,0,0,38.0,0,0.0,63,RUS,Mercedes,3.0,15.0,15.0,0.0,False,Finished
2022,Spanish Grand Prix,6,48.0,5,9.6,7.0,145.0,1,1.75,4.2,3.0,9.6,0,0,49.0,0,0.0,55,SAI,Ferrari,4.0,12.0,12.0,0.0,False,Finished
2022,Spanish Grand Prix,6,36.0,6,7.2,1.0,95.0,3,6.375,9.0,6.0,7.2,41,19,61.0,0,0.0,44,HAM,Mercedes,5.0,10.0,10.0,0.0,False,Finished
2022,Spanish Grand Prix,6,28.0,8,8.2,2.5,29.0,5,13.5,7.6,7.0,8.2,7,3,69.0,0,0.0,77,BOT,Alfa Romeo,6.0,8.0,8.0,0.0,False,Finished
2022,Spanish Grand Prix,6,24.0,9,8.4,12.666666666666666,26.0,6,11.75,12.0,12.0,8.4,1,1,73.0,0,0.0,31,OCO,Alpine,7.0,6.0,6.0,0.0,False,Finished
2022,Spanish Grand Prix,6,31.0,7,9.8,12.666666666666666,39.0,4,8.875,8.2,11.0,9.8,0,0,66.0,0,0.0,4,NOR,McLaren,8.0,4.0,4.0,0.0,False,Finished
2022,Spanish Grand Prix,6,2.0,16,14.4,12.5,26.0,6,11.75,9.0,20.0,14.4,0,0,95.0,0,0.0,14,ALO,Alpine,9.0,2.0,2.0,0.0,False,+1 Lap
2022,Spanish Grand Prix,6,10.0,11,12.2,20.0,16.0,7,14.0,13.8,13.0,12.2,0,0,87.0,0,0.0,22,TSU,AlphaTauri,10.0,1.0,1.0,0.0,False,+1 Lap
2022,Spanish Grand Prix,6,4.0,14,14.666666666666666,7.0,6.0,9,14.625,10.0,16.0,14.666666666666666,6,0,93.0,0,0.0,5,VET,Aston Martin,11.0,0.0,0.0,0.0,False,+1 Lap
2022,Spanish Grand Prix,6,8.0,12,13.6,8.5,39.0,4,8.875,11.8,9.0,13.6,3,1,89.0,0,0.0,3,RIC,McLaren,12.0,0.0,0.0,0.0,False,+1 Lap
2022,Spanish Grand Prix,6,6.0,13,13.4,11.0,16.0,7,14.0,10.8,14.0,13.4,1,1,91.0,0,0.0,10,GAS,AlphaTauri,13.0,0.0,0.0,0.0,False,+1 Lap
2022,Spanish Grand Prix,6,0.0,19,14.0,18.0,14.0,8,14.375,13.0,10.0,14.0,0,0,97.0,0,0.0,47,MSC,Haas F1 Team,14.0,0.0,0.0,0.0,False,+1 Lap
2022,Spanish Grand Prix,6,2.0,16,11.4,11.25,6.0,9,14.625,13.2,17.0,11.4,0,0,95.0,0,0.0,18,STR,Aston Martin,15.0,0.0,0.0,0.0,False,+1 Lap
2022,Spanish Grand Prix,6,0.0,19,16.0,17.0,3.0,10,15.625,18.8,19.0,16.0,0,0,97.0,0,0.0,6,LAT,Williams,16.0,0.0,0.0,0.0,False,+2 Laps
2022,Spanish Grand Prix,6,14.0,10,10.6,9.333333333333334,14.0,8,14.375,11.4,8.0,10.6,0,0,83.0,0,0.0,20,MAG,Haas F1 Team,17.0,0.0,0.0,0.0,False,+2 Laps
2022,Spanish Grand Prix,6,3.0,15,11.4,9.5,3.0,10,15.625,17.2,18.0,11.4,0,0,94.0,0,0.0,23,ALB,Williams,18.0,0.0,0.0,0.0,False,+2 Laps
2022,Spanish Grand Prix,6,1.0,18,13.4,10.0,29.0,5,13.5,11.6,15.0,13.4,0,0,96.0,0,0.0,24,ZHO,Alfa Romeo,19.0,0.0,0.0,0.0,False,Power loss
2022,Spanish Grand Prix,6,97.0,1,2.4,9.75,145.0,1,1.75,1.4,1.0,2.4,4,2,0.0,0,0.0,16,LEC,Ferrari,20.0,0.0,0.0,0.0,False,Turbo
2022,Monaco Grand Prix,7,79.0,3,5.333333333333333,9.333333333333334,181.0,1,2.5,3.3333333333333335,3.0,2.8,2,2,23.0,1,5.333333333333334,11,PER,Red Bull Racing,1.0,25.0,25.0,0.0,False,Finished
2022,Monaco Grand Prix,7,60.0,5,8.666666666666666,6.0,157.0,2,6.833333333333333,4.0,2.0,10.0,0,0,42.0,1,-0.6666666666666661,55,SAI,Ferrari,2.0,18.0,18.0,0.0,False,Finished
2022,Monaco Grand Prix,7,102.0,1,6.833333333333333,10.0,181.0,1,2.5,2.3333333333333335,4.0,4.4,4,4,0.0,1,11.666666666666666,1,VER,Red Bull Racing,3.0,15.0,15.0,0.0,False,Finished
2022,Monaco Grand Prix,7,97.0,2,5.333333333333333,19.333333333333332,157.0,2,6.833333333333333,1.3333333333333333,1.0,6.2,4,2,5.0,1,-8.0,16,LEC,Ferrari,4.0,12.0,12.0,0.0,False,Finished
2022,Monaco Grand Prix,7,74.0,4,4.0,14.5,120.0,3,7.5,8.0,6.0,4.0,0,0,28.0,1,0.0,63,RUS,Mercedes,5.0,10.0,10.0,0.0,False,Finished
2022,Monaco Grand Prix,7,35.0,8,9.5,7.0,43.0,4,7.666666666666667,8.666666666666666,5.0,8.4,0,0,67.0,1,-1.0,4,NOR,McLaren,6.0,8.0,8.0,0.0,False,Finished
2022,Monaco Grand Prix,7,4.0,14,13.5,16.5,34.0,6,11.0,10.833333333333334,7.0,14.4,0,0,98.0,1,1.0,14,ALO,Alpine,7.0,6.0,6.0,0.0,False,Finished
2022,Monaco Grand Prix,7,46.0,6,6.833333333333333,3.6666666666666665,120.0,3,7.5,8.5,8.0,7.6,41,19,56.0,1,-2.333333333333333,44,HAM,Mercedes,8.0,4.0,4.0,0.0,False,Finished
2022,Monaco Grand Prix,7,36.0,7,7.833333333333333,9.0,37.0,5,10.833333333333334,7.5,12.0,8.2,7,3,66.0,1,3.666666666666666,77,BOT,Alfa Romeo,9.0,2.0,2.0,0.0,False,Finished
2022,Monaco Grand Prix,7,4.0,14,13.75,3.0,6.0,9,15.333333333333334,11.5,9.0,13.75,6,0,98.0,1,0.0,5,VET,Aston Martin,10.0,1.0,1.0,0.0,False,Finished
2022,Monaco Grand Prix,7,6.0,13,13.333333333333334,6.0,17.0,7,12.333333333333334,11.333333333333334,17.0,12.0,1,1,96.0,1,-2.0,10,GAS,AlphaTauri,11.0,0.0,0.0,0.0,False,Finished
2022,Monaco Grand Prix,7,30.0,9,8.166666666666666,7.5,34.0,6,11.0,12.0,10.0,8.4,1,1,72.0,1,-2.999999999999999,31,OCO,Alpine,12.0,0.0,0.0,0.0,False,Finished
2022,Monaco Grand Prix,7,8.0,12,13.333333333333334,7.333333333333333,43.0,4,7.666666666666667,11.333333333333334,14.0,13.2,3,1,94.0,1,-2.0,3,RIC,McLaren,13.0,0.0,0.0,0.0,False,Finished
2022,Monaco Grand Prix,7,2.0,17,12.0,13.666666666666666,6.0,9,15.333333333333334,13.833333333333334,18.0,12.0,0,0,100.0,1,0.6666666666666679,18,STR,Aston Martin,14.0,0.0,0.0,0.0,False,Finished
2022,Monaco Grand Prix,7,0.0,19,16.0,15.0,3.0,10,15.833333333333334,18.833333333333332,19.0,16.0,0,0,102.0,1,1.333333333333334,6,LAT,Williams,15.0,0.0,0.0,0.0,False,+1 Lap
2022,Monaco Grand Prix,7,1.0,18,14.333333333333334,10.0,37.0,5,10.833333333333334,12.166666666666666,20.0,15.2,0,0,101.0,1,-7.333333333333334,24,ZHO,Alfa Romeo,16.0,0.0,0.0,0.0,False,+1 Lap
2022,Monaco Grand Prix,7,11.0,11,11.833333333333334,16.0,17.0,7,12.333333333333334,13.666666666666666,11.0,12.6,0,0,91.0,1,4.333333333333334,22,TSU,AlphaTauri,17.0,0.0,0.0,0.0,False,+1 Lap
2022,Monaco Grand Prix,7,3.0,16,12.5,8.0,3.0,10,15.833333333333334,17.333333333333332,16.0,12.4,0,0,99.0,1,-0.33333333333333215,23,ALB,Williams,18.0,0.0,0.0,0.0,False,Mechanical
2022,Monaco Grand Prix,7,0.0,19,14.0,18.0,14.0,8,15.166666666666666,12.4,15.0,14.75,0,0,102.0,1,-3.333333333333334,47,MSC,Haas F1 Team,19.0,0.0,0.0,0.0,False,Accident
2022,Monaco Grand Prix,7,14.0,10,11.666666666666666,13.5,14.0,8,15.166666666666666,10.833333333333334,13.0,13.0,0,0,88.0,1,-4.666666666666666,20,MAG,Haas F1 Team,20.0,0.0,0.0,0.0,False,Water pressure
2022,Azerbaijan Grand Prix,8,117.0,1,6.285714285714286,10.0,221.0,1,4.666666666666667,2.5714285714285716,3.0,4.8,4,4,0.0,1,5.0,1,VER,Red Bull Racing,1.0,25.0,25.0,0.0,False,Finished
2022,Azerbaijan Grand Prix,8,104.0,3,4.714285714285714,3.3333333333333335,221.0,1,4.666666666666667,3.2857142857142856,2.0,2.2,3,3,13.0,1,0.33333333333333304,11,PER,Red Bull Racing,2.0,18.0,18.0,0.0,False,Finished
2022,Azerbaijan Grand Prix,8,84.0,4,4.142857142857143,16.0,134.0,3,10.666666666666666,7.714285714285714,5.0,4.0,0,0,33.0,1,-0.33333333333333304,63,RUS,Mercedes,3.0,15.0,15.0,0.0,False,Finished
2022,Azerbaijan Grand Prix,8,50.0,6,7.0,6.0,134.0,3,10.666666666666666,8.428571428571429,7.0,7.2,41,19,67.0,1,2.666666666666667,44,HAM,Mercedes,4.0,12.0,12.0,0.0,False,Finished
2022,Azerbaijan Grand Prix,8,6.0,14,13.0,10.666666666666666,17.0,7,13.333333333333334,12.142857142857142,6.0,12.6,1,1,111.0,1,-4.333333333333334,10,GAS,AlphaTauri,5.0,10.0,10.0,0.0,False,Finished
2022,Azerbaijan Grand Prix,8,5.0,15,13.0,3.0,7.0,9,15.0,11.0,9.0,13.0,6,0,112.0,1,0.0,5,VET,Aston Martin,6.0,8.0,8.0,0.0,False,Finished
2022,Azerbaijan Grand Prix,8,10.0,12,12.571428571428571,6.5,40.0,5,7.666666666666667,10.285714285714286,10.0,12.6,0,0,107.0,1,8.333333333333332,14,ALO,Alpine,7.0,6.0,6.0,0.0,False,Finished
2022,Azerbaijan Grand Prix,8,8.0,13,13.285714285714286,15.333333333333334,52.0,4,8.333333333333334,11.714285714285714,12.0,12.4,3,1,109.0,1,1.0,3,RIC,McLaren,8.0,4.0,4.0,0.0,False,Finished
2022,Azerbaijan Grand Prix,8,44.0,7,9.0,6.5,52.0,4,8.333333333333334,8.142857142857142,11.0,8.2,0,0,73.0,1,-6.0,4,NOR,McLaren,9.0,2.0,2.0,0.0,False,Finished
2022,Azerbaijan Grand Prix,8,30.0,9,8.714285714285714,19.5,40.0,5,7.666666666666667,11.714285714285714,13.0,9.6,1,1,87.0,1,0.0,31,OCO,Alpine,10.0,1.0,1.0,0.0,False,Finished
2022,Azerbaijan Grand Prix,8,38.0,8,8.0,9.0,39.0,6,10.666666666666666,8.142857142857142,15.0,7.0,7,3,79.0,1,2.000000000000001,77,BOT,Alfa Romeo,11.0,0.0,0.0,0.0,False,+1 Lap
2022,Azerbaijan Grand Prix,8,3.0,16,13.285714285714286,11.0,3.0,10,15.333333333333334,17.142857142857142,17.0,13.2,0,0,114.0,1,-3.333333333333334,23,ALB,Williams,12.0,0.0,0.0,0.0,False,+1 Lap
2022,Azerbaijan Grand Prix,8,11.0,11,12.571428571428571,7.0,17.0,7,13.333333333333334,13.285714285714286,8.0,12.2,0,0,106.0,1,0.6666666666666661,22,TSU,AlphaTauri,13.0,0.0,0.0,0.0,False,+1 Lap
2022,Azerbaijan Grand Prix,8,0.0,19,14.833333333333334,13.0,14.0,8,13.833333333333334,12.833333333333334,20.0,15.6,0,0,117.0,1,-1.0,47,MSC,Haas F1 Team,14.0,0.0,0.0,0.0,False,+1 Lap
2022,Azerbaijan Grand Prix,8,0.0,19,15.857142857142858,16.0,3.0,10,15.333333333333334,18.857142857142858,18.0,15.4,0,0,117.0,1,1.6666666666666679,6,LAT,Williams,15.0,0.0,0.0,0.0,False,+1 Lap
2022,Azerbaijan Grand Prix,8,2.0,17,12.285714285714286,12.0,7.0,9,15.0,14.428571428571429,19.0,12.2,0,0,115.0,1,-1.333333333333334,18,STR,Aston Martin,16.0,0.0,0.0,0.0,False,Vibrations
2022,Azerbaijan Grand Prix,8,14.0,10,12.857142857142858,13.0,14.0,8,13.833333333333334,11.142857142857142,16.0,15.2,0,0,103.0,1,-7.000000000000002,20,MAG,Haas F1 Team,17.0,0.0,0.0,0.0,False,Power Unit
2022,Azerbaijan Grand Prix,8,1.0,18,14.571428571428571,10.0,39.0,6,10.666666666666666,13.285714285714286,14.0,16.2,0,0,116.0,1,-5.999999999999998,24,ZHO,Alfa Romeo,18.0,0.0,0.0,0.0,False,Hydraulics
2022,Azerbaijan Grand Prix,8,109.0,2,5.142857142857143,5.0,187.0,2,5.5,1.2857142857142858,1.0,6.6,4,2,8.0,1,-5.666666666666666,16,LEC,Ferrari,19.0,0.0,0.0,0.0,False,Power Unit
2022,Azerbaijan Grand Prix,8,78.0,5,7.714285714285714,6.666666666666667,187.0,2,5.5,3.7142857142857144,4.0,9.8,0,0,39.0,1,11.333333333333334,55,SAI,Ferrari,20.0,0.0,0.0,0.0,False,Hydraulics
2022,Canadian Grand Prix,9,142.0,1,5.625,10.0,265.0,1,3.0,2.625,1.0,1.4,5,5,0.0,0,5.0,1,VER,Red Bull Racing,1.0,25.0,25.0,0.0,False,Finished
2022,Canadian Grand Prix,9,78.0,5,9.25,9.5,187.0,2,3.0,3.75,3.0,9.8,0,0,64.0,0,5.666666666666668,55,SAI,Ferrari,2.0,18.0,18.0,0.0,False,Finished
2022,Canadian Grand Prix,9,62.0,6,6.625,3.0,161.0,3,5.0,8.25,4.0,7.2,41,19,80.0,0,2.0,44,HAM,Mercedes,3.0,15.0,15.0,0.0,False,Finished
2022,Canadian Grand Prix,9,99.0,4,4.0,16.0,161.0,3,5.0,7.375,8.0,4.0,0,0,43.0,0,0.3333333333333335,63,RUS,Mercedes,4.0,12.0,12.0,0.0,False,Finished
2022,Canadian Grand Prix,9,109.0,3,6.875,6.5,187.0,2,3.0,1.25,19.0,10.2,4,2,33.0,0,-11.333333333333334,16,LEC,Ferrari,5.0,10.0,10.0,0.0,False,Finished
2022,Canadian Grand Prix,9,31.0,9,8.875,9.0,47.0,5,11.0,11.875,7.0,10.2,1,1,111.0,0,0.0,31,OCO,Alpine,6.0,8.0,8.0,0.0,False,Finished
2022,Canadian Grand Prix,9,38.0,8,8.375,3.0,39.0,6,13.5,9.0,11.0,7.6,7,3,104.0,0,-1.9999999999999991,77,BOT,Alfa Romeo,7.0,6.0,6.0,0.0,False,Finished
2022,Canadian Grand Prix,9,1.0,18,15.0,10.0,39.0,6,13.5,13.375,10.0,17.6,0,0,141.0,0,-2.333333333333334,24,ZHO,Alfa Romeo,8.0,4.0,4.0,0.0,False,Finished
2022,Canadian Grand Prix,9,16.0,10,11.875,18.0,47.0,5,11.0,10.25,2.0,10.6,0,0,126.0,0,7.999999999999999,14,ALO,Alpine,9.0,2.0,2.0,0.0,False,Finished
2022,Canadian Grand Prix,9,2.0,17,12.75,14.5,15.0,8,16.25,15.0,17.0,13.0,0,0,140.0,0,-4.333333333333334,18,STR,Aston Martin,10.0,1.0,1.0,0.0,False,Finished
2022,Canadian Grand Prix,9,12.0,14,12.625,5.0,58.0,4,7.0,11.75,9.0,12.8,3,1,130.0,0,1.333333333333334,3,RIC,McLaren,11.0,0.0,0.0,0.0,False,Finished
2022,Canadian Grand Prix,9,13.0,13,11.833333333333334,1.5,15.0,8,16.25,10.666666666666666,16.0,10.4,6,0,129.0,0,5.666666666666666,5,VET,Aston Martin,12.0,0.0,0.0,0.0,False,Finished
2022,Canadian Grand Prix,9,3.0,16,13.125,19.0,3.0,10,17.75,17.125,12.0,13.6,0,0,139.0,0,-6.0,23,ALB,Williams,13.0,0.0,0.0,0.0,False,Finished
2022,Canadian Grand Prix,9,16.0,10,12.0,9.5,27.0,7,13.25,11.375,15.0,11.8,1,1,126.0,0,3.333333333333334,10,GAS,AlphaTauri,14.0,0.0,0.0,0.0,False,Finished
2022,Canadian Grand Prix,9,46.0,7,9.0,20.0,58.0,4,7.0,8.5,14.0,9.0,0,0,96.0,0,1.333333333333333,4,NOR,McLaren,15.0,0.0,0.0,0.0,False,Finished
2022,Canadian Grand Prix,9,0.0,19,15.75,10.0,3.0,10,17.75,18.75,18.0,15.2,0,0,142.0,0,0.0,6,LAT,Williams,16.0,0.0,0.0,0.0,False,Finished
2022,Canadian Grand Prix,9,14.0,12,13.375,15.0,14.0,9,15.25,11.75,5.0,15.8,0,0,128.0,0,-5.0,20,MAG,Haas F1 Team,17.0,0.0,0.0,0.0,False,Finished
2022,Canadian Grand Prix,9,11.0,15,12.625,10.0,27.0,7,13.25,12.625,20.0,11.8,0,0,131.0,0,-2.0,22,TSU,AlphaTauri,18.0,0.0,0.0,0.0,False,Accident
2022,Canadian Grand Prix,9,0.0,19,14.714285714285714,10.0,14.0,9,15.25,13.857142857142858,6.0,15.8,0,0,142.0,0,-0.6666666666666661,47,MSC,Haas F1 Team,19.0,0.0,0.0,0.0,False,Engine
2022,Canadian Grand Prix,9,123.0,2,4.375,13.0,265.0,1,3.0,3.125,13.0,2.2,3,3,19.0,0,0.9999999999999998,11,PER,Red Bull Racing,20.0,0.0,0.0,0.0,False,Gearbox
2022,British Grand Prix,10,97.0,5,8.444444444444445,10.5,216.0,2,4.125,3.6666666666666665,1.0,6.2,0,0,70.0,0,1.0,55,SAI,Ferrari,1.0,25.0,25.0,0.0,False,Finished
2022,British Grand Prix,10,123.0,2,6.111111111111111,14.333333333333334,290.0,1,2.875,4.222222222222222,4.0,5.8,3,3,44.0,0,-5.0,11,PER,Red Bull Racing,2.0,18.0,18.0,0.0,False,Finished
2022,British Grand Prix,10,77.0,6,6.222222222222222,1.25,188.0,3,7.25,7.777777777777778,5.0,5.2,41,19,90.0,0,3.0,44,HAM,Mercedes,3.0,15.0,15.0,0.0,False,Finished
2022,British Grand Prix,10,119.0,3,6.666666666666667,6.75,216.0,2,4.125,3.2222222222222223,3.0,10.0,4,2,48.0,0,0.0,16,LEC,Ferrari,4.0,12.0,12.0,0.0,False,Finished
2022,British Grand Prix,10,18.0,10,11.555555555555555,7.5,57.0,5,9.875,9.333333333333334,7.0,8.6,0,0,149.0,0,5.333333333333333,14,ALO,Alpine,5.0,10.0,10.0,0.0,False,Finished
2022,British Grand Prix,10,46.0,7,9.666666666666666,6.666666666666667,58.0,4,8.625,9.11111111111111,6.0,11.4,0,0,121.0,0,0.0,4,NOR,McLaren,6.0,8.0,8.0,0.0,False,Finished
2022,British Grand Prix,10,167.0,1,5.111111111111111,10.0,290.0,1,2.875,2.4444444444444446,2.0,1.4,6,6,0.0,0,-0.6666666666666667,1,VER,Red Bull Racing,7.0,6.0,6.0,0.0,False,Finished
2022,British Grand Prix,10,0.0,19,15.25,18.0,14.0,9,16.75,12.875,19.0,16.2,0,0,167.0,0,-1.9999999999999982,47,MSC,Haas F1 Team,8.0,4.0,4.0,0.0,False,Finished
2022,British Grand Prix,10,13.0,13,11.857142857142858,11.5,16.0,8,17.75,11.428571428571429,18.0,11.2,6,0,154.0,0,2.666666666666666,5,VET,Aston Martin,9.0,2.0,2.0,0.0,False,Finished
2022,British Grand Prix,10,14.0,12,13.777777777777779,16.0,14.0,9,16.75,11.0,17.0,17.4,0,0,153.0,0,-4.0,20,MAG,Haas F1 Team,10.0,1.0,1.0,0.0,False,Finished
2022,British Grand Prix,10,3.0,17,12.444444444444445,10.5,16.0,8,17.75,15.222222222222221,20.0,13.0,0,0,164.0,0,-1.6666666666666679,18,STR,Aston Martin,11.0,0.0,0.0,0.0,False,Finished
2022,British Grand Prix,10,0.0,19,15.777777777777779,14.5,3.0,10,13.5,18.666666666666668,10.0,15.2,0,0,167.0,0,0.0,6,LAT,Williams,12.0,0.0,0.0,0.0,False,Finished
2022,British Grand Prix,10,12.0,14,12.444444444444445,5.25,58.0,4,8.625,11.444444444444445,14.0,11.4,3,1,155.0,0,3.666666666666668,3,RIC,McLaren,13.0,0.0,0.0,0.0,False,Finished
2022,British Grand Prix,10,11.0,15,13.222222222222221,10.0,27.0,7,12.875,13.444444444444445,13.0,14.0,0,0,156.0,0,-6.333333333333334,22,TSU,AlphaTauri,14.0,0.0,0.0,0.0,False,Finished
2022,British Grand Prix,10,39.0,9,8.555555555555555,7.333333333333333,57.0,5,9.875,11.333333333333334,15.0,8.6,1,1,128.0,0,0.33333333333333215,31,OCO,Alpine,15.0,0.0,0.0,0.0,False,Fuel pump
2022,British Grand Prix,10,16.0,11,12.222222222222221,8.75,27.0,7,12.875,11.777777777777779,11.0,12.2,1,1,151.0,0,4.333333333333334,10,GAS,AlphaTauri,16.0,0.0,0.0,0.0,False,Collision damage
2022,British Grand Prix,10,44.0,8,8.222222222222221,5.0,49.0,6,11.375,9.222222222222221,12.0,8.0,7,3,123.0,0,-3.0,77,BOT,Alfa Romeo,17.0,0.0,0.0,0.0,False,Gearbox
2022,British Grand Prix,10,111.0,4,4.0,12.666666666666666,188.0,3,7.25,7.444444444444445,8.0,4.0,0,0,56.0,0,0.0,63,RUS,Mercedes,18.0,0.0,0.0,0.0,False,Collision
2022,British Grand Prix,10,5.0,16,14.222222222222221,10.0,49.0,6,11.375,13.0,9.0,16.2,0,0,162.0,0,4.0,24,ZHO,Alfa Romeo,19.0,0.0,0.0,0.0,False,Collision
2022,British Grand Prix,10,3.0,17,13.11111111111111,10.0,3.0,10,13.5,16.555555555555557,16.0,14.0,0,0,164.0,0,-1.6666666666666679,23,ALB,Williams,20.0,0.0,0.0,0.0,False,Collision
2022,Austrian Grand Prix,11,131.0,3,6.4,5.25,253.0,2,4.875,3.2,2.0,10.4,4,2,42.0,0,-0.6666666666666679,16,LEC,Ferrari,1.0,32.0,25.0,7.0,False,Finished
2022,Austrian Grand Prix,11,173.0,1,5.3,10.0,314.0,1,3.125,2.4,1.0,2.6,6,6,0.0,0,-1.3333333333333333,1,VER,Red Bull Racing,2.0,26.0,18.0,8.0,False,Finished
2022,Austrian Grand Prix,11,93.0,6,5.9,7.25,204.0,3,4.875,7.5,8.0,4.6,41,19,80.0,0,2.9999999999999996,44,HAM,Mercedes,3.0,16.0,15.0,1.0,False,Finished
2022,Austrian Grand Prix,11,111.0,5,5.4,14.666666666666666,204.0,3,4.875,7.5,4.0,6.6,0,0,62.0,0,-4.000000000000001,63,RUS,Mercedes,4.0,17.0,12.0,5.0,False,Finished
2022,Austrian Grand Prix,11,39.0,9,9.2,11.333333333333334,67.0,4,8.0,11.7,6.0,10.0,1,1,134.0,0,-1.333333333333334,31,OCO,Alpine,5.0,13.0,10.0,3.0,False,Finished
2022,Austrian Grand Prix,11,4.0,17,14.444444444444445,18.0,19.0,8,15.0,13.555555555555555,9.0,14.8,0,0,169.0,0,2.333333333333334,47,MSC,Haas F1 Team,6.0,8.0,8.0,0.0,False,+1 Lap
2022,Austrian Grand Prix,11,54.0,7,9.3,4.0,66.0,5,10.25,8.8,10.0,8.8,0,0,119.0,0,1.0,4,NOR,McLaren,7.0,6.0,6.0,0.0,False,+1 Lap
2022,Austrian Grand Prix,11,15.0,12,13.4,13.666666666666666,19.0,8,15.0,11.6,7.0,16.2,0,0,158.0,0,3.0000000000000018,20,MAG,Haas F1 Team,8.0,6.0,4.0,2.0,False,+1 Lap
2022,Austrian Grand Prix,11,12.0,14,12.5,14.0,66.0,5,10.25,11.7,11.0,11.4,3,1,161.0,0,2.0,3,RIC,McLaren,9.0,2.0,2.0,0.0,False,+1 Lap
2022,Austrian Grand Prix,11,28.0,10,10.9,9.0,67.0,4,8.0,9.1,19.0,7.4,0,0,145.0,0,2.0,14,ALO,Alpine,10.0,1.0,1.0,0.0,False,+1 Lap
2022,Austrian Grand Prix,11,44.0,8,9.1,6.25,49.0,6,13.875,9.5,0.0,10.0,7,3,129.0,0,-4.333333333333333,77,BOT,Alfa Romeo,11.0,0.0,0.0,0.0,False,+1 Lap
2022,Austrian Grand Prix,11,3.0,18,13.8,14.0,3.0,10,14.75,16.5,15.0,16.2,0,0,170.0,0,0.0,23,ALB,Williams,12.0,0.0,0.0,0.0,False,+1 Lap
2022,Austrian Grand Prix,11,3.0,18,12.3,14.75,18.0,9,16.25,15.7,12.0,13.2,0,0,170.0,0,0.6666666666666661,18,STR,Aston Martin,13.0,0.0,0.0,0.0,False,+1 Lap
2022,Austrian Grand Prix,11,5.0,16,14.7,10.0,49.0,6,13.875,12.6,13.0,16.0,0,0,168.0,0,3.333333333333332,24,ZHO,Alfa Romeo,14.0,0.0,0.0,0.0,False,+1 Lap
2022,Austrian Grand Prix,11,16.0,11,12.6,8.5,27.0,7,14.0,11.7,14.0,11.8,1,1,157.0,0,2.333333333333334,10,GAS,AlphaTauri,15.0,0.0,0.0,0.0,False,+1 Lap
2022,Austrian Grand Prix,11,11.0,15,13.3,12.0,27.0,7,14.0,13.4,16.0,14.4,0,0,162.0,0,-2.0,22,TSU,AlphaTauri,16.0,0.0,0.0,0.0,False,+1 Lap
2022,Austrian Grand Prix,11,15.0,12,11.5,8.5,18.0,9,16.25,12.25,18.0,9.6,6,0,158.0,0,3.666666666666666,5,VET,Aston Martin,17.0,0.0,0.0,0.0,False,+1 Lap
2022,Austrian Grand Prix,11,122.0,4,7.7,7.5,253.0,2,4.875,3.4,3.0,5.8,1,1,51.0,0,-4.666666666666667,55,SAI,Ferrari,18.0,6.0,0.0,6.0,False,Power Unit
2022,Austrian Grand Prix,11,0.0,20,15.4,13.5,3.0,10,14.75,17.8,17.0,14.8,0,0,173.0,0,0.6666666666666661,6,LAT,Williams,19.0,0.0,0.0,0.0,False,Undertray
2022,Austrian Grand Prix,11,141.0,2,5.7,7.5,314.0,1,3.125,4.2,5.0,5.4,3,3,32.0,0,-5.666666666666666,11,PER,Red Bull Racing,20.0,4.0,0.0,4.0,False,Collision damage
2022,French Grand Prix,12,192.0,1,5.0,10.0,333.0,1,2.5,2.272727272727273,2.0,2.8,6,6,0.0,0,-1.6666666666666667,1,VER,Red Bull Racing,1.0,25.0,25.0,0.0,False,Finished
2022,French Grand Prix,12,108.0,6,5.636363636363637,1.3333333333333333,231.0,3,5.5,7.545454545454546,4.0,4.2,41,19,84.0,0,2.666666666666667,44,HAM,Mercedes,2.0,18.0,18.0,0.0,False,Finished
2022,French Grand Prix,12,123.0,4,5.2727272727272725,15.5,231.0,3,5.5,7.181818181818182,6.0,6.8,0,0,69.0,0,-5.0,63,RUS,Mercedes,3.0,15.0,15.0,0.0,False,Finished
2022,French Grand Prix,12,141.0,3,7.0,11.0,333.0,1,2.5,4.2727272727272725,3.0,9.0,3,3,51.0,0,-12.333333333333334,11,PER,Red Bull Racing,4.0,12.0,12.0,0.0,False,Finished
2022,French Grand Prix,12,122.0,5,8.636363636363637,8.333333333333334,278.0,2,3.3333333333333335,3.3636363636363638,19.0,8.6,1,1,70.0,0,1.666666666666666,55,SAI,Ferrari,5.0,10.0,10.0,0.0,False,Finished
2022,French Grand Prix,12,29.0,10,10.818181818181818,12.0,78.0,4,8.666666666666666,10.0,7.0,7.6,0,0,163.0,0,-0.33333333333333304,14,ALO,Alpine,6.0,8.0,8.0,0.0,False,Finished
2022,French Grand Prix,12,60.0,7,9.090909090909092,7.0,74.0,5,10.333333333333334,8.909090909090908,5.0,8.6,0,0,132.0,0,-1.666666666666667,4,NOR,McLaren,7.0,6.0,6.0,0.0,False,Finished
2022,French Grand Prix,12,49.0,8,8.818181818181818,16.5,78.0,4,8.666666666666666,11.181818181818182,10.0,9.6,1,1,143.0,0,1.0,31,OCO,Alpine,8.0,4.0,4.0,0.0,False,Finished
2022,French Grand Prix,12,14.0,14,12.181818181818182,7.0,74.0,5,10.333333333333334,11.636363636363637,9.0,10.8,3,1,178.0,0,0.0,3,RIC,McLaren,9.0,2.0,2.0,0.0,False,Finished
2022,French Grand Prix,12,3.0,18,12.363636363636363,13.333333333333334,18.0,9,17.0,15.363636363636363,15.0,12.8,0,0,189.0,0,3.666666666666666,18,STR,Aston Martin,10.0,1.0,1.0,0.0,False,Finished
2022,French Grand Prix,12,15.0,13,12.11111111111111,6.333333333333333,18.0,9,17.0,12.88888888888889,12.0,10.8,6,0,177.0,0,-3.666666666666666,5,VET,Aston Martin,11.0,0.0,0.0,0.0,False,Finished
2022,French Grand Prix,12,16.0,12,12.818181818181818,12.333333333333334,27.0,8,15.333333333333334,11.909090909090908,14.0,12.2,1,1,176.0,0,-5.333333333333334,10,GAS,AlphaTauri,12.0,0.0,0.0,0.0,False,Finished
2022,French Grand Prix,12,3.0,18,13.636363636363637,15.0,3.0,10,16.5,16.363636363636363,13.0,15.0,0,0,189.0,0,1.0,23,ALB,Williams,13.0,0.0,0.0,0.0,False,Finished
2022,French Grand Prix,12,44.0,9,9.272727272727273,4.333333333333333,49.0,6,10.166666666666666,8.636363636363637,11.0,11.0,7,3,148.0,0,-3.0,77,BOT,Alfa Romeo,14.0,0.0,0.0,0.0,False,Finished
2022,French Grand Prix,12,12.0,15,13.6,19.0,31.0,7,15.666666666666666,13.1,17.0,13.2,0,0,180.0,0,4.666666666666666,47,MSC,Haas F1 Team,15.0,0.0,0.0,0.0,False,Finished
2022,French Grand Prix,12,5.0,17,14.636363636363637,10.0,49.0,6,10.166666666666666,12.636363636363637,16.0,15.0,0,0,187.0,0,4.000000000000002,24,ZHO,Alfa Romeo,16.0,0.0,0.0,0.0,False,+6 Laps
2022,French Grand Prix,12,0.0,20,15.727272727272727,18.0,3.0,10,16.5,17.727272727272727,18.0,15.4,0,0,192.0,0,-0.33333333333333215,6,LAT,Williams,17.0,0.0,0.0,0.0,False,Collision damage
2022,French Grand Prix,12,19.0,11,12.909090909090908,11.5,31.0,7,15.666666666666666,11.181818181818182,20.0,14.4,0,0,173.0,0,6.333333333333334,20,MAG,Haas F1 Team,18.0,0.0,0.0,0.0,False,Collision damage
2022,French Grand Prix,12,156.0,2,5.909090909090909,9.666666666666666,278.0,2,3.3333333333333335,3.090909090909091,1.0,6.6,5,3,36.0,0,11.0,16,LEC,Ferrari,19.0,0.0,0.0,0.0,False,Accident
2022,French Grand Prix,12,11.0,16,13.545454545454545,13.0,27.0,8,15.333333333333334,13.636363636363637,8.0,15.6,0,0,181.0,0,-2.666666666666666,22,TSU,AlphaTauri,20.0,0.0,0.0,0.0,False,Undertray
2022,Hungarian Grand Prix,13,217.0,1,4.666666666666667,10.0,370.0,1,3.0,2.25,10.0,2.4,7,7,0.0,0,-1.6666666666666667,1,VER,Red Bull Racing,1.0,25.0,25.0,0.0,False,Finished
2022,Hungarian Grand Prix,13,126.0,6,5.333333333333333,1.25,264.0,3,7.5,7.25,7.0,3.0,41,19,91.0,0,2.3333333333333335,44,HAM,Mercedes,2.0,18.0,18.0,0.0,False,Finished
2022,Hungarian Grand Prix,13,138.0,4,5.083333333333333,14.0,264.0,3,7.5,7.083333333333333,1.0,6.4,0,0,79.0,0,-4.333333333333334,63,RUS,Mercedes,3.0,15.0,15.0,0.0,False,Finished
2022,Hungarian Grand Prix,13,133.0,5,8.333333333333334,6.5,289.0,2,3.75,4.666666666666667,2.0,9.2,1,1,84.0,0,0.0,55,SAI,Ferrari,4.0,12.0,12.0,0.0,False,Finished
2022,Hungarian Grand Prix,13,153.0,3,6.75,12.25,370.0,1,3.0,4.166666666666667,11.0,9.6,3,3,64.0,0,-0.9999999999999991,11,PER,Red Bull Racing,5.0,10.0,10.0,0.0,False,Finished
2022,Hungarian Grand Prix,13,156.0,2,7.0,13.25,289.0,2,3.75,2.9166666666666665,3.0,9.6,5,3,61.0,0,1.333333333333334,16,LEC,Ferrari,6.0,8.0,8.0,0.0,False,Finished
2022,Hungarian Grand Prix,13,66.0,7,8.916666666666666,12.333333333333334,82.0,5,9.875,8.583333333333334,4.0,8.8,0,0,151.0,0,3.333333333333333,4,NOR,McLaren,7.0,6.0,6.0,0.0,False,Finished
2022,Hungarian Grand Prix,13,37.0,10,10.416666666666666,6.0,90.0,4,8.625,9.75,6.0,7.4,0,0,180.0,0,0.666666666666667,14,ALO,Alpine,8.0,4.0,4.0,0.0,False,+1 Lap
2022,Hungarian Grand Prix,13,53.0,8,8.75,9.333333333333334,90.0,4,8.625,11.083333333333334,5.0,8.8,1,1,164.0,0,0.0,31,OCO,Alpine,9.0,2.0,2.0,0.0,False,+1 Lap
2022,Hungarian Grand Prix,13,15.0,14,12.0,7.75,19.0,9,14.875,12.8,18.0,11.0,6,0,202.0,0,-3.0,5,VET,Aston Martin,10.0,1.0,1.0,0.0,False,+1 Lap
2022,Hungarian Grand Prix,13,4.0,18,12.166666666666666,14.25,19.0,9,14.875,15.333333333333334,14.0,12.0,0,0,213.0,0,2.0,18,STR,Aston Martin,11.0,0.0,0.0,0.0,False,+1 Lap
2022,Hungarian Grand Prix,13,16.0,12,12.75,9.25,27.0,8,16.375,12.083333333333334,0.0,12.4,1,1,201.0,0,-4.333333333333334,10,GAS,AlphaTauri,12.0,0.0,0.0,0.0,False,+1 Lap
2022,Hungarian Grand Prix,13,5.0,17,14.75,10.0,49.0,6,12.375,12.916666666666666,12.0,15.0,0,0,212.0,0,-2.333333333333332,24,ZHO,Alfa Romeo,13.0,0.0,0.0,0.0,False,+1 Lap
2022,Hungarian Grand Prix,13,12.0,15,13.727272727272727,12.0,31.0,7,12.25,13.454545454545455,15.0,12.4,0,0,205.0,0,7.666666666666666,47,MSC,Haas F1 Team,14.0,0.0,0.0,0.0,False,+1 Lap
2022,Hungarian Grand Prix,13,16.0,12,11.916666666666666,9.25,82.0,5,9.875,11.416666666666666,9.0,10.0,3,1,201.0,0,0.33333333333333215,3,RIC,McLaren,15.0,0.0,0.0,0.0,False,+1 Lap
2022,Hungarian Grand Prix,13,19.0,11,13.333333333333334,10.0,31.0,7,12.25,11.916666666666666,13.0,14.0,0,0,198.0,0,6.0,20,MAG,Haas F1 Team,16.0,0.0,0.0,0.0,False,+1 Lap
2022,Hungarian Grand Prix,13,3.0,19,13.583333333333334,7.5,3.0,10,16.375,16.083333333333332,17.0,14.0,0,0,214.0,0,-0.6666666666666661,23,ALB,Williams,17.0,0.0,0.0,0.0,False,+1 Lap
2022,Hungarian Grand Prix,13,0.0,20,15.833333333333334,13.0,3.0,10,16.375,17.75,19.0,15.8,0,0,217.0,0,-0.6666666666666661,6,LAT,Williams,18.0,0.0,0.0,0.0,False,+1 Lap
2022,Hungarian Grand Prix,13,11.0,16,14.083333333333334,6.0,27.0,8,16.375,13.166666666666666,16.0,16.2,0,0,206.0,0,-0.6666666666666679,22,TSU,AlphaTauri,19.0,0.0,0.0,0.0,False,+2 Laps
2022,Hungarian Grand Prix,13,44.0,9,9.666666666666666,8.0,49.0,6,12.375,8.833333333333334,8.0,12.0,7,3,173.0,0,-5.0,77,BOT,Alfa Romeo,20.0,0.0,0.0,0.0,False,Power Unit
2022,Belgian Grand Prix,14,242.0,1,4.384615384615385,10.0,405.0,1,4.25,2.8461538461538463,14.0,2.4,8,8,0.0,0,1.6666666666666667,1,VER,Red Bull Racing,1.0,25.0,25.0,0.0,False,Finished
2022,Belgian Grand Prix,14,163.0,3,6.615384615384615,10.0,405.0,1,4.25,4.6923076923076925,2.0,10.2,3,3,79.0,0,-1.666666666666666,11,PER,Red Bull Racing,2.0,18.0,18.0,0.0,False,Finished
2022,Belgian Grand Prix,14,145.0,5,8.0,15.0,309.0,2,5.375,4.461538461538462,1.0,6.0,1,1,97.0,0,-1.333333333333333,55,SAI,Ferrari,3.0,15.0,15.0,0.0,False,Finished
2022,Belgian Grand Prix,14,153.0,4,4.923076923076923,12.0,298.0,3,7.5,6.615384615384615,5.0,6.4,0,0,89.0,0,5.0,63,RUS,Mercedes,4.0,12.0,12.0,0.0,False,Finished
2022,Belgian Grand Prix,14,41.0,10,10.23076923076923,15.0,96.0,4,10.0,9.461538461538462,3.0,7.6,0,0,201.0,0,-1.0,14,ALO,Alpine,5.0,10.0,10.0,0.0,False,Finished
2022,Belgian Grand Prix,14,164.0,2,6.923076923076923,10.25,309.0,2,5.375,2.923076923076923,15.0,7.0,5,3,78.0,0,0.6666666666666679,16,LEC,Ferrari,6.0,8.0,8.0,0.0,False,Finished
2022,Belgian Grand Prix,14,55.0,8,8.76923076923077,6.0,96.0,4,10.0,10.615384615384615,16.0,8.6,1,1,187.0,0,3.000000000000001,31,OCO,Alpine,7.0,6.0,6.0,0.0,False,Finished
2022,Belgian Grand Prix,14,16.0,12,11.818181818181818,5.75,20.0,9,14.25,13.272727272727273,10.0,11.8,6,0,226.0,0,-3.666666666666666,5,VET,Aston Martin,8.0,4.0,4.0,0.0,False,Finished
2022,Belgian Grand Prix,14,16.0,12,12.692307692307692,8.0,27.0,8,14.25,11.153846153846153,0.0,13.8,1,1,226.0,0,-1.333333333333334,10,GAS,AlphaTauri,9.0,2.0,2.0,0.0,False,Finished
2022,Belgian Grand Prix,14,3.0,19,13.846153846153847,5.5,3.0,10,15.625,16.153846153846153,6.0,15.0,0,0,239.0,0,1.0,23,ALB,Williams,10.0,1.0,1.0,0.0,False,Finished
2022,Belgian Grand Prix,14,4.0,18,12.076923076923077,13.0,20.0,9,14.25,15.23076923076923,9.0,11.0,0,0,238.0,0,1.0,18,STR,Aston Martin,11.0,0.0,0.0,0.0,False,Finished
2022,Belgian Grand Prix,14,72.0,7,8.76923076923077,10.666666666666666,88.0,5,9.375,8.23076923076923,17.0,8.4,0,0,170.0,0,3.0,4,NOR,McLaren,12.0,0.0,0.0,0.0,False,Finished
2022,Belgian Grand Prix,14,11.0,16,14.461538461538462,15.0,27.0,8,14.25,13.384615384615385,0.0,17.4,0,0,231.0,0,-3.333333333333332,22,TSU,AlphaTauri,13.0,0.0,0.0,0.0,False,Finished
2022,Belgian Grand Prix,14,5.0,17,14.615384615384615,10.0,49.0,6,10.625,12.846153846153847,18.0,14.0,0,0,237.0,0,0.6666666666666661,24,ZHO,Alfa Romeo,14.0,0.0,0.0,0.0,False,Finished
2022,Belgian Grand Prix,14,16.0,12,12.153846153846153,9.5,88.0,5,9.375,11.23076923076923,7.0,11.4,3,1,226.0,0,-0.3333333333333339,3,RIC,McLaren,15.0,0.0,0.0,0.0,False,Finished
2022,Belgian Grand Prix,14,19.0,11,13.538461538461538,12.333333333333334,31.0,7,13.75,12.0,12.0,13.8,0,0,223.0,0,0.6666666666666661,20,MAG,Haas F1 Team,16.0,0.0,0.0,0.0,False,+1 Lap
2022,Belgian Grand Prix,14,12.0,15,13.75,16.0,31.0,7,13.75,13.583333333333334,19.0,12.4,0,0,230.0,0,2.0,47,MSC,Haas F1 Team,17.0,0.0,0.0,0.0,False,+1 Lap
2022,Belgian Grand Prix,14,0.0,20,16.0,12.5,3.0,10,15.625,17.846153846153847,11.0,16.4,0,0,242.0,0,-3.666666666666666,6,LAT,Williams,18.0,0.0,0.0,0.0,False,+1 Lap
2022,Belgian Grand Prix,14,44.0,9,10.461538461538462,5.25,49.0,6,10.625,8.76923076923077,13.0,13.8,7,3,198.0,0,-3.333333333333334,77,BOT,Alfa Romeo,19.0,0.0,0.0,0.0,False,Accident
2022,Belgian Grand Prix,14,145.0,5,5.076923076923077,2.0,298.0,3,7.5,7.230769230769231,4.0,2.6,41,19,97.0,0,1.0,44,HAM,Mercedes,20.0,0.0,0.0,0.0,False,Collision damage
2022,Dutch Grand Prix,15,268.0,1,4.142857142857143,10.0,449.0,1,2.5,3.642857142857143,1.0,2.4,9,9,0.0,0,2.3333333333333335,1,VER,Red Bull Racing,1.0,25.0,25.0,0.0,False,Finished
2022,Dutch Grand Prix,15,165.0,4,4.857142857142857,17.0,310.0,3,6.0,6.5,6.0,6.4,0,0,103.0,0,5.333333333333332,63,RUS,Mercedes,2.0,18.0,18.0,0.0,False,Finished
2022,Dutch Grand Prix,15,172.0,3,6.857142857142857,5.0,332.0,2,4.5,3.7857142857142856,2.0,7.2,5,3,96.0,0,-7.0,16,LEC,Ferrari,3.0,15.0,15.0,0.0,False,Finished
2022,Dutch Grand Prix,15,145.0,6,6.142857142857143,2.0,310.0,3,6.0,7.0,4.0,6.0,41,19,123.0,0,-5.0,44,HAM,Mercedes,4.0,12.0,12.0,0.0,False,Finished
2022,Dutch Grand Prix,15,181.0,2,6.285714285714286,8.0,449.0,1,2.5,4.5,5.0,6.6,3,3,87.0,0,10.333333333333334,11,PER,Red Bull Racing,5.0,10.0,10.0,0.0,False,Finished
2022,Dutch Grand Prix,15,51.0,9,9.857142857142858,6.0,112.0,4,11.5,9.0,13.0,6.8,0,0,217.0,0,1.666666666666667,14,ALO,Alpine,6.0,8.0,8.0,0.0,False,Finished
2022,Dutch Grand Prix,15,72.0,7,9.0,10.0,88.0,5,7.5,8.857142857142858,7.0,7.8,0,0,196.0,0,0.6666666666666679,4,NOR,McLaren,7.0,6.0,6.0,0.0,False,Finished
2022,Dutch Grand Prix,15,160.0,5,7.642857142857143,7.0,332.0,2,4.5,4.214285714285714,3.0,6.2,1,1,108.0,0,3.0,55,SAI,Ferrari,8.0,4.0,4.0,0.0,False,Finished
2022,Dutch Grand Prix,15,61.0,8,8.642857142857142,9.0,112.0,4,11.5,11.0,12.0,8.8,1,1,207.0,0,0.6666666666666661,31,OCO,Alpine,9.0,2.0,2.0,0.0,False,Finished
2022,Dutch Grand Prix,15,4.0,18,12.0,12.0,24.0,9,19.0,14.785714285714286,10.0,11.2,0,0,264.0,0,0.6666666666666679,18,STR,Aston Martin,10.0,1.0,1.0,0.0,False,Finished
2022,Dutch Grand Prix,15,18.0,13,12.428571428571429,4.0,29.0,8,12.5,10.357142857142858,11.0,12.8,1,1,250.0,0,4.0,10,GAS,AlphaTauri,11.0,0.0,0.0,0.0,False,Finished
2022,Dutch Grand Prix,15,4.0,18,13.571428571428571,10.0,4.0,10,16.5,15.428571428571429,15.0,14.4,0,0,264.0,0,1.666666666666666,23,ALB,Williams,12.0,0.0,0.0,0.0,False,Finished
2022,Dutch Grand Prix,15,12.0,15,14.0,18.0,31.0,7,14.5,14.0,8.0,12.0,0,0,256.0,0,-4.333333333333334,47,MSC,Haas F1 Team,13.0,0.0,0.0,0.0,False,Finished
2022,Dutch Grand Prix,15,20.0,11,11.5,13.0,24.0,9,19.0,13.0,19.0,11.0,6,0,248.0,0,3.0,5,VET,Aston Martin,14.0,0.0,0.0,0.0,False,Finished
2022,Dutch Grand Prix,15,19.0,12,13.714285714285714,10.0,31.0,7,14.5,12.0,18.0,13.6,0,0,249.0,0,-5.000000000000002,20,MAG,Haas F1 Team,15.0,0.0,0.0,0.0,False,Finished
2022,Dutch Grand Prix,15,5.0,17,14.571428571428571,10.0,49.0,6,10.5,13.214285714285714,14.0,15.2,0,0,263.0,0,-0.6666666666666679,24,ZHO,Alfa Romeo,16.0,0.0,0.0,0.0,False,Finished
2022,Dutch Grand Prix,15,16.0,14,12.357142857142858,11.0,88.0,5,7.5,10.928571428571429,17.0,12.2,3,1,252.0,0,-2.0,3,RIC,McLaren,17.0,0.0,0.0,0.0,False,Finished
2022,Dutch Grand Prix,15,0.0,20,16.142857142857142,16.0,4.0,10,16.5,17.357142857142858,20.0,16.8,0,0,268.0,0,-2.0000000000000018,6,LAT,Williams,18.0,0.0,0.0,0.0,False,+1 Lap
2022,Dutch Grand Prix,15,44.0,10,11.071428571428571,3.0,49.0,6,10.5,9.071428571428571,16.0,16.2,7,3,224.0,0,-6.000000000000002,77,BOT,Alfa Romeo,19.0,0.0,0.0,0.0,False,Engine
2022,Dutch Grand Prix,15,11.0,16,14.357142857142858,19.0,29.0,8,12.5,12.428571428571429,9.0,16.4,0,0,257.0,0,-1.3333333333333321,22,TSU,AlphaTauri,20.0,0.0,0.0,0.0,False,Differential
2022,Italian Grand Prix,16,294.0,1,3.933333333333333,10.0,485.0,1,2.25,3.466666666666667,7.0,1.2,10,10,0.0,0,2.3333333333333335,1,VER,Red Bull Racing,1.0,25.0,25.0,0.0,False,Finished
2022,Italian Grand Prix,16,187.0,3,6.6,8.5,351.0,2,5.0,3.6666666666666665,1.0,7.0,5,3,107.0,0,3.0,16,LEC,Ferrari,2.0,18.0,18.0,0.0,False,Finished
2022,Italian Grand Prix,16,183.0,4,4.666666666666667,12.333333333333334,340.0,3,6.75,6.466666666666667,2.0,3.2,0,0,111.0,0,5.333333333333334,63,RUS,Mercedes,3.0,15.0,15.0,0.0,False,Finished
2022,Italian Grand Prix,16,164.0,5,7.666666666666667,9.0,351.0,2,5.0,4.133333333333334,18.0,7.6,1,1,130.0,0,3.0,55,SAI,Ferrari,4.0,12.0,12.0,0.0,False,Finished
2022,Italian Grand Prix,16,157.0,6,6.0,7.0,340.0,3,6.75,6.8,19.0,6.2,41,19,137.0,0,-6.0,44,HAM,Mercedes,5.0,10.0,10.0,0.0,False,Finished
2022,Italian Grand Prix,16,191.0,2,6.2,7.25,485.0,1,2.25,4.533333333333333,13.0,7.2,3,3,103.0,0,4.666666666666666,11,PER,Red Bull Racing,6.0,8.0,8.0,0.0,False,Finished
2022,Italian Grand Prix,16,78.0,7,8.866666666666667,5.333333333333333,94.0,5,9.125,8.733333333333333,3.0,8.0,0,0,216.0,0,-1.9999999999999991,4,NOR,McLaren,7.0,6.0,6.0,0.0,False,Finished
2022,Italian Grand Prix,16,18.0,13,12.333333333333334,11.25,29.0,8,15.25,10.4,5.0,11.8,1,1,276.0,0,3.666666666666668,10,GAS,AlphaTauri,8.0,4.0,4.0,0.0,False,Finished
2022,Italian Grand Prix,16,0.0,20,,10.0,0.0,10,15.0,8.0,8.0,,0,0,294.0,0,0.0,45,DEV,Williams,9.0,2.0,2.0,0.0,False,Finished
2022,Italian Grand Prix,16,5.0,17,14.666666666666666,10.0,49.0,6,11.25,13.266666666666667,9.0,14.6,0,0,289.0,0,1.9999999999999982,24,ZHO,Alfa Romeo,10.0,1.0,1.0,0.0,False,Finished
2022,Italian Grand Prix,16,63.0,8,8.666666666666666,8.0,122.0,4,9.0,11.066666666666666,14.0,7.6,1,1,231.0,0,1.0,31,OCO,Alpine,11.0,0.0,0.0,0.0,False,Finished
2022,Italian Grand Prix,16,12.0,15,13.928571428571429,15.0,31.0,7,15.5,13.571428571428571,17.0,13.0,0,0,282.0,0,-5.0,47,MSC,Haas F1 Team,12.0,0.0,0.0,0.0,False,Finished
2022,Italian Grand Prix,16,44.0,10,11.6,3.25,49.0,6,11.25,9.533333333333333,15.0,16.6,7,3,250.0,0,-5.333333333333332,77,BOT,Alfa Romeo,13.0,0.0,0.0,0.0,False,+1 Lap
2022,Italian Grand Prix,16,11.0,16,14.733333333333333,20.0,29.0,8,15.25,12.2,20.0,17.6,0,0,283.0,0,-0.6666666666666643,22,TSU,AlphaTauri,14.0,0.0,0.0,0.0,False,+1 Lap
2022,Italian Grand Prix,16,0.0,20,16.266666666666666,11.0,4.0,10,15.0,17.533333333333335,10.0,18.0,0,0,294.0,0,-2.0,6,LAT,Williams,15.0,0.0,0.0,0.0,False,+1 Lap
2022,Italian Grand Prix,16,19.0,12,13.8,17.666666666666668,31.0,7,15.5,12.4,16.0,14.6,0,0,275.0,0,-3.666666666666666,20,MAG,Haas F1 Team,16.0,0.0,0.0,0.0,False,+1 Lap
2022,Italian Grand Prix,16,16.0,14,12.666666666666666,7.0,94.0,5,9.125,11.333333333333334,4.0,13.0,3,1,278.0,0,-5.333333333333332,3,RIC,McLaren,17.0,0.0,0.0,0.0,False,Oil leak
2022,Italian Grand Prix,16,5.0,17,11.866666666666667,7.75,25.0,9,15.875,14.466666666666667,12.0,11.0,0,0,289.0,0,0.6666666666666679,18,STR,Aston Martin,18.0,0.0,0.0,0.0,False,Engine
2022,Italian Grand Prix,16,59.0,9,9.6,13.0,122.0,4,9.0,9.266666666666667,6.0,7.0,0,0,235.0,0,0.666666666666667,14,ALO,Alpine,19.0,0.0,0.0,0.0,False,Water pressure
2022,Italian Grand Prix,16,20.0,11,11.692307692307692,12.25,25.0,9,15.875,13.461538461538462,11.0,12.0,6,0,274.0,0,1.6666666666666679,5,VET,Aston Martin,20.0,0.0,0.0,0.0,False,Engine
2022,Singapore Grand Prix,17,200.0,3,6.1875,17.5,519.0,1,2.0,5.0625,2.0,4.4,3,3,119.0,1,5.333333333333333,11,PER,Red Bull Racing,1.0,25.0,25.0,0.0,False,Finished
2022,Singapore Grand Prix,17,205.0,2,6.3125,5.5,381.0,2,4.25,3.5,1.0,7.2,5,3,114.0,1,5.0,16,LEC,Ferrari,2.0,18.0,18.0,0.0,False,Finished
2022,Singapore Grand Prix,17,176.0,5,7.4375,10.0,381.0,2,4.25,5.0,4.0,4.8,1,1,143.0,1,4.0,55,SAI,Ferrari,3.0,15.0,15.0,0.0,False,Finished
2022,Singapore Grand Prix,17,84.0,7,8.75,7.0,100.0,5,10.25,8.375,6.0,8.0,0,0,235.0,1,-1.666666666666666,4,NOR,McLaren,4.0,12.0,12.0,0.0,False,Finished
2022,Singapore Grand Prix,17,16.0,14,12.9375,10.0,100.0,5,10.25,10.875,16.0,14.6,3,1,303.0,1,-5.333333333333332,3,RIC,McLaren,5.0,10.0,10.0,0.0,False,Finished
2022,Singapore Grand Prix,17,5.0,18,12.25,13.5,25.0,9,15.5,14.3125,11.0,12.0,0,0,314.0,1,-1.666666666666666,18,STR,Aston Martin,6.0,8.0,8.0,0.0,False,Finished
2022,Singapore Grand Prix,17,319.0,1,3.75,10.0,519.0,1,2.0,3.6875,8.0,1.0,11,11,0.0,1,0.33333333333333326,1,VER,Red Bull Racing,7.0,6.0,6.0,0.0,False,Finished
2022,Singapore Grand Prix,17,20.0,12,12.285714285714286,2.0,25.0,9,15.5,13.285714285714286,13.0,12.6,6,0,299.0,1,-1.333333333333334,5,VET,Aston Martin,8.0,4.0,4.0,0.0,False,Finished
2022,Singapore Grand Prix,17,167.0,6,5.9375,2.5,365.0,3,4.25,7.5625,3.0,6.6,41,19,152.0,1,-7.333333333333332,44,HAM,Mercedes,9.0,2.0,2.0,0.0,False,Finished
2022,Singapore Grand Prix,17,22.0,11,12.0625,10.5,33.0,7,15.25,10.0625,7.0,10.4,1,1,297.0,1,3.666666666666666,10,GAS,AlphaTauri,10.0,1.0,1.0,0.0,False,Finished
2022,Singapore Grand Prix,17,44.0,10,11.6875,4.5,50.0,6,10.75,9.875,15.0,17.0,7,3,275.0,1,-2.0,77,BOT,Alfa Romeo,11.0,0.0,0.0,0.0,False,Finished
2022,Singapore Grand Prix,17,19.0,13,13.9375,17.5,31.0,8,16.0,12.625,9.0,16.2,0,0,300.0,1,-1.666666666666666,20,MAG,Haas F1 Team,12.0,0.0,0.0,0.0,False,Finished
2022,Singapore Grand Prix,17,12.0,15,13.8,10.0,31.0,8,16.0,13.8,12.0,14.2,0,0,307.0,1,-2.333333333333334,47,MSC,Haas F1 Team,13.0,0.0,0.0,0.0,False,+1 Lap
2022,Singapore Grand Prix,17,198.0,4,4.5625,20.0,365.0,3,4.25,6.1875,0.0,3.0,0,0,121.0,1,0.3333333333333335,63,RUS,Mercedes,14.0,0.0,0.0,0.0,False,+2 Laps
2022,Singapore Grand Prix,17,11.0,16,14.6875,10.0,33.0,7,15.25,12.6875,10.0,17.2,0,0,308.0,1,2.666666666666666,22,TSU,AlphaTauri,15.0,0.0,0.0,0.0,False,Accident
2022,Singapore Grand Prix,17,63.0,8,8.8125,20.0,122.0,4,9.5,11.25,17.0,8.8,1,1,256.0,1,-1.666666666666667,31,OCO,Alpine,16.0,0.0,0.0,0.0,False,Engine
2022,Singapore Grand Prix,17,4.0,19,13.466666666666667,6.0,6.0,10,17.25,15.4,18.0,12.8,0,0,315.0,1,2.0,23,ALB,Williams,17.0,0.0,0.0,0.0,False,Collision damage
2022,Singapore Grand Prix,17,59.0,9,10.1875,7.0,122.0,4,9.5,9.0625,5.0,8.8,0,0,260.0,1,-2.0,14,ALO,Alpine,18.0,0.0,0.0,0.0,False,Engine
2022,Singapore Grand Prix,17,0.0,21,16.1875,10.0,6.0,10,17.25,17.0625,19.0,17.2,0,0,319.0,1,1.0,6,LAT,Williams,19.0,0.0,0.0,0.0,False,Collision damage
2022,Singapore Grand Prix,17,6.0,17,14.375,10.0,50.0,6,10.75,13.0,14.0,13.8,0,0,313.0,1,1.0,24,ZHO,Alfa Romeo,20.0,0.0,0.0,0.0,False,Collision
2022,Japanese Grand Prix,18,325.0,1,3.9411764705882355,10.0,550.0,1,1.75,3.9411764705882355,1.0,2.2,11,11,0.0,0,-2.0,1,VER,Red Bull Racing,1.0,25.0,25.0,0.0,False,Finished
2022,Japanese Grand Prix,18,225.0,2,5.882352941176471,7.5,550.0,1,1.75,4.882352941176471,4.0,3.8,4,4,100.0,0,-0.3333333333333335,11,PER,Red Bull Racing,2.0,18.0,18.0,0.0,False,Finished
2022,Japanese Grand Prix,18,223.0,3,6.0588235294117645,12.0,414.0,2,3.75,3.3529411764705883,2.0,3.8,5,3,102.0,0,8.0,16,LEC,Ferrari,3.0,15.0,15.0,0.0,False,Finished
2022,Japanese Grand Prix,18,63.0,8,9.235294117647058,9.0,122.0,4,8.0,11.588235294117647,5.0,10.4,1,1,262.0,0,-4.0,31,OCO,Alpine,4.0,12.0,12.0,0.0,False,Finished
2022,Japanese Grand Prix,18,169.0,6,6.117647058823529,2.0,367.0,3,8.25,7.294117647058823,6.0,8.0,41,19,156.0,0,2.0,44,HAM,Mercedes,5.0,10.0,10.0,0.0,False,Finished
2022,Japanese Grand Prix,18,24.0,12,12.0,4.0,37.0,7,13.75,13.266666666666667,9.0,12.0,6,0,301.0,0,-4.333333333333334,5,VET,Aston Martin,6.0,8.0,8.0,0.0,False,Finished
2022,Japanese Grand Prix,18,59.0,9,10.647058823529411,14.0,122.0,4,8.0,8.823529411764707,7.0,11.2,0,0,266.0,0,-8.0,14,ALO,Alpine,7.0,6.0,6.0,0.0,False,Finished
2022,Japanese Grand Prix,18,198.0,4,5.117647058823529,16.0,367.0,3,8.25,5.823529411764706,8.0,5.2,0,0,127.0,0,-2.9999999999999996,63,RUS,Mercedes,8.0,4.0,4.0,0.0,False,Finished
2022,Japanese Grand Prix,18,0.0,21,16.352941176470587,10.0,6.0,10,16.5,17.176470588235293,20.0,17.6,0,0,325.0,0,0.3333333333333357,6,LAT,Williams,9.0,2.0,2.0,0.0,False,Finished
2022,Japanese Grand Prix,18,96.0,7,8.470588235294118,11.0,122.0,5,11.25,8.235294117647058,10.0,7.4,0,0,229.0,0,2.666666666666666,4,NOR,McLaren,10.0,1.0,1.0,0.0,False,Finished
2022,Japanese Grand Prix,18,26.0,11,12.470588235294118,11.5,122.0,5,11.25,11.176470588235293,11.0,13.8,3,1,299.0,0,0.0,3,RIC,McLaren,11.0,0.0,0.0,0.0,False,Finished
2022,Japanese Grand Prix,18,13.0,15,11.882352941176471,13.0,37.0,7,13.75,14.117647058823529,19.0,11.2,0,0,312.0,0,-0.6666666666666679,18,STR,Aston Martin,12.0,0.0,0.0,0.0,False,Finished
2022,Japanese Grand Prix,18,11.0,17,14.705882352941176,10.0,34.0,8,14.5,12.529411764705882,13.0,16.2,0,0,314.0,0,1.0,22,TSU,AlphaTauri,13.0,0.0,0.0,0.0,False,Finished
2022,Japanese Grand Prix,18,19.0,14,13.823529411764707,17.5,31.0,9,15.75,12.411764705882353,18.0,15.0,0,0,306.0,0,2.333333333333334,20,MAG,Haas F1 Team,14.0,0.0,0.0,0.0,False,Finished
2022,Japanese Grand Prix,18,44.0,10,11.647058823529411,1.5,50.0,6,11.5,10.176470588235293,12.0,16.4,7,3,281.0,0,3.333333333333334,77,BOT,Alfa Romeo,15.0,0.0,0.0,0.0,False,Finished
2022,Japanese Grand Prix,18,6.0,18,14.705882352941176,10.0,50.0,6,11.5,13.058823529411764,14.0,14.6,0,0,319.0,0,-1.0,24,ZHO,Alfa Romeo,16.0,0.0,0.0,0.0,False,Finished
2022,Japanese Grand Prix,18,12.0,16,13.75,10.0,31.0,9,15.75,13.6875,15.0,13.8,0,0,313.0,0,2.666666666666668,47,MSC,Haas F1 Team,17.0,0.0,0.0,0.0,False,Finished
2022,Japanese Grand Prix,18,23.0,13,11.941176470588236,9.0,34.0,8,14.5,9.882352941176471,17.0,10.0,1,1,302.0,0,1.333333333333334,10,GAS,AlphaTauri,18.0,0.0,0.0,0.0,False,Finished
2022,Japanese Grand Prix,18,191.0,5,7.176470588235294,7.5,414.0,2,3.75,4.9411764705882355,3.0,4.4,1,1,134.0,0,-1.0,55,SAI,Ferrari,19.0,0.0,0.0,0.0,False,Accident
2022,Japanese Grand Prix,18,4.0,19,13.6875,4.0,6.0,10,16.5,15.5625,16.0,13.8,0,0,321.0,0,1.0,23,ALB,Williams,20.0,0.0,0.0,0.0,False,Hydraulics
2022,United States Grand Prix,19,350.0,1,3.7777777777777777,10.0,593.0,1,2.0,3.7777777777777777,2.0,2.2,12,12,0.0,0,-2.0,1,VER,Red Bull Racing,1.0,25.0,25.0,0.0,False,Finished
2022,United States Grand Prix,19,179.0,6,6.055555555555555,2.3333333333333335,381.0,3,8.833333333333334,7.222222222222222,3.0,8.6,41,19,171.0,0,2.333333333333333,44,HAM,Mercedes,2.0,18.0,18.0,0.0,False,Finished
2022,United States Grand Prix,19,238.0,3,5.888888888888889,7.666666666666667,429.0,2,4.0,3.2777777777777777,12.0,3.2,5,3,112.0,0,2.6666666666666665,16,LEC,Ferrari,3.0,15.0,15.0,0.0,False,Finished
2022,United States Grand Prix,19,243.0,2,5.666666666666667,7.0,593.0,1,2.0,4.833333333333333,9.0,3.2,4,4,107.0,0,1.0,11,PER,Red Bull Racing,4.0,12.0,12.0,0.0,False,Finished
2022,United States Grand Prix,19,202.0,4,5.277777777777778,15.5,381.0,3,8.833333333333334,5.944444444444445,4.0,6.2,0,0,148.0,0,-5.333333333333334,63,RUS,Mercedes,5.0,10.0,10.0,0.0,False,Finished
2022,United States Grand Prix,19,97.0,7,8.555555555555555,7.5,123.0,5,11.833333333333334,8.333333333333334,6.0,8.0,0,0,253.0,0,1.666666666666666,4,NOR,McLaren,6.0,8.0,8.0,0.0,False,Finished
2022,United States Grand Prix,19,65.0,9,10.444444444444445,18.0,140.0,4,6.833333333333333,8.722222222222221,14.0,11.0,0,0,285.0,0,-8.333333333333332,14,ALO,Alpine,7.0,6.0,6.0,0.0,False,Finished
2022,United States Grand Prix,19,32.0,11,11.625,11.333333333333334,45.0,7,12.333333333333334,13.0,10.0,11.2,6,0,318.0,0,-0.6666666666666679,5,VET,Aston Martin,8.0,4.0,4.0,0.0,False,Finished
2022,United States Grand Prix,19,19.0,14,13.833333333333334,19.0,31.0,9,15.0,12.722222222222221,13.0,14.6,0,0,331.0,0,1.666666666666666,20,MAG,Haas F1 Team,9.0,2.0,2.0,0.0,False,Finished
2022,United States Grand Prix,19,11.0,17,14.61111111111111,9.0,34.0,8,17.833333333333332,12.555555555555555,19.0,15.0,0,0,339.0,0,3.333333333333332,22,TSU,AlphaTauri,10.0,1.0,1.0,0.0,False,Finished
2022,United States Grand Prix,19,75.0,8,8.944444444444445,19.0,140.0,4,6.833333333333333,11.222222222222221,0.0,9.4,1,1,275.0,0,-2.0,31,OCO,Alpine,11.0,0.0,0.0,0.0,False,Finished
2022,United States Grand Prix,19,6.0,18,14.777777777777779,10.0,50.0,6,11.0,13.11111111111111,18.0,15.2,0,0,344.0,0,-1.0,24,ZHO,Alfa Romeo,12.0,0.0,0.0,0.0,False,Finished
2022,United States Grand Prix,19,4.0,19,14.058823529411764,5.0,8.0,10,15.333333333333334,15.588235294117647,8.0,15.2,0,0,346.0,0,-2.9999999999999982,23,ALB,Williams,13.0,0.0,0.0,0.0,False,Finished
2022,United States Grand Prix,19,23.0,13,12.277777777777779,16.0,34.0,8,17.833333333333332,10.277777777777779,11.0,11.2,1,1,327.0,0,-1.333333333333334,10,GAS,AlphaTauri,14.0,0.0,0.0,0.0,False,Finished
2022,United States Grand Prix,19,12.0,16,13.941176470588236,16.0,31.0,9,15.0,13.764705882352942,16.0,14.4,0,0,338.0,0,0.6666666666666661,47,MSC,Haas F1 Team,15.0,0.0,0.0,0.0,False,Finished
2022,United States Grand Prix,19,26.0,12,12.38888888888889,9.0,123.0,5,11.833333333333334,11.166666666666666,15.0,13.0,3,1,324.0,0,4.666666666666666,3,RIC,McLaren,16.0,0.0,0.0,0.0,False,Finished
2022,United States Grand Prix,19,2.0,20,15.944444444444445,15.0,8.0,10,15.333333333333334,17.333333333333332,17.0,15.8,0,0,348.0,0,3.666666666666666,6,LAT,Williams,17.0,0.0,0.0,0.0,False,Finished
2022,United States Grand Prix,19,13.0,15,11.88888888888889,13.0,45.0,7,12.333333333333334,14.38888888888889,5.0,11.4,0,0,337.0,0,-1.333333333333334,18,STR,Aston Martin,18.0,0.0,0.0,0.0,False,Collision
2022,United States Grand Prix,19,44.0,10,11.833333333333334,4.0,50.0,6,11.0,10.277777777777779,7.0,15.4,7,3,306.0,0,6.333333333333332,77,BOT,Alfa Romeo,19.0,0.0,0.0,0.0,False,Spun off
2022,United States Grand Prix,19,191.0,5,7.833333333333333,7.333333333333333,429.0,2,4.0,4.833333333333333,1.0,7.4,1,1,159.0,0,-3.666666666666666,55,SAI,Ferrari,20.0,0.0,0.0,0.0,False,Collision damage
2022,Mexico City Grand Prix,20,375.0,1,3.6315789473684212,10.0,630.0,1,2.0,3.6842105263157894,1.0,2.2,13,13,0.0,0,-2.0,1,VER,Red Bull Racing,1.0,25.0,25.0,0.0,False,Finished
2022,Mexico City Grand Prix,20,197.0,5,5.842105263157895,2.0,410.0,3,8.5,7.0,3.0,5.0,41,19,178.0,0,4.333333333333333,44,HAM,Mercedes,2.0,18.0,18.0,0.0,False,Finished
2022,Mexico City Grand Prix,20,255.0,2,5.578947368421052,3.0,630.0,1,2.0,5.052631578947368,4.0,3.6,4,4,120.0,0,1.9999999999999996,11,PER,Red Bull Racing,3.0,15.0,15.0,0.0,False,Finished
2022,Mexico City Grand Prix,20,213.0,4,5.2631578947368425,16.0,410.0,3,8.5,5.842105263157895,2.0,6.4,0,0,162.0,0,-6.0,63,RUS,Mercedes,4.0,12.0,12.0,0.0,False,Finished
2022,Mexico City Grand Prix,20,191.0,6,8.473684210526315,6.0,444.0,2,5.5,4.631578947368421,5.0,10.8,1,1,184.0,0,-9.0,55,SAI,Ferrari,5.0,10.0,10.0,0.0,False,Finished
2022,Mexico City Grand Prix,20,253.0,3,5.7368421052631575,5.0,444.0,2,5.5,3.736842105263158,7.0,2.6,5,3,122.0,0,1.0,16,LEC,Ferrari,6.0,8.0,8.0,0.0,False,Finished
2022,Mexico City Grand Prix,20,26.0,12,12.578947368421053,12.0,131.0,5,10.5,11.368421052631579,11.0,13.2,3,1,349.0,0,5.666666666666666,3,RIC,McLaren,7.0,6.0,6.0,0.0,False,+1 Lap
2022,Mexico City Grand Prix,20,75.0,8,9.052631578947368,13.0,146.0,4,12.0,10.631578947368421,10.0,10.2,1,1,300.0,0,-1.333333333333334,31,OCO,Alpine,8.0,4.0,4.0,0.0,False,+1 Lap
2022,Mexico City Grand Prix,20,105.0,7,8.421052631578947,10.0,131.0,5,10.5,8.210526315789474,8.0,6.8,0,0,270.0,0,1.9999999999999991,4,NOR,McLaren,9.0,2.0,2.0,0.0,False,+1 Lap
2022,Mexico City Grand Prix,20,44.0,10,12.210526315789474,15.0,50.0,6,9.5,10.105263157894736,6.0,15.4,7,3,331.0,0,2.0,77,BOT,Alfa Romeo,10.0,1.0,1.0,0.0,False,+1 Lap
2022,Mexico City Grand Prix,20,23.0,13,12.368421052631579,4.0,35.0,8,11.0,10.31578947368421,14.0,12.2,1,1,352.0,0,-4.666666666666666,10,GAS,AlphaTauri,11.0,0.0,0.0,0.0,False,+1 Lap
2022,Mexico City Grand Prix,20,4.0,19,14.0,10.0,8.0,10,16.5,15.166666666666666,17.0,14.4,0,0,371.0,0,-3.666666666666668,23,ALB,Williams,12.0,0.0,0.0,0.0,False,+1 Lap
2022,Mexico City Grand Prix,20,6.0,18,14.631578947368421,10.0,50.0,6,9.5,13.368421052631579,12.0,14.8,0,0,369.0,0,-2.666666666666666,24,ZHO,Alfa Romeo,13.0,0.0,0.0,0.0,False,+1 Lap
2022,Mexico City Grand Prix,20,36.0,11,11.411764705882353,7.0,49.0,7,11.0,12.823529411764707,16.0,11.2,6,0,339.0,0,6.666666666666667,5,VET,Aston Martin,14.0,0.0,0.0,0.0,False,+1 Lap
2022,Mexico City Grand Prix,20,13.0,15,12.210526315789474,14.0,49.0,7,11.0,13.894736842105264,20.0,12.8,0,0,362.0,0,1.0,18,STR,Aston Martin,15.0,0.0,0.0,0.0,False,+1 Lap
2022,Mexico City Grand Prix,20,12.0,16,14.0,19.0,33.0,9,18.5,13.88888888888889,15.0,14.0,0,0,363.0,0,-1.0,47,MSC,Haas F1 Team,16.0,0.0,0.0,0.0,False,+1 Lap
2022,Mexico City Grand Prix,20,21.0,14,13.578947368421053,10.0,33.0,9,18.5,12.736842105263158,19.0,13.2,0,0,354.0,0,4.0,20,MAG,Haas F1 Team,17.0,0.0,0.0,0.0,False,+1 Lap
2022,Mexico City Grand Prix,20,2.0,20,16.0,17.0,8.0,10,16.5,17.31578947368421,18.0,15.6,0,0,373.0,0,2.0,6,LAT,Williams,18.0,0.0,0.0,0.0,False,+2 Laps
2022,Mexico City Grand Prix,20,71.0,9,10.263157894736842,9.0,146.0,4,12.0,9.0,9.0,11.4,0,0,304.0,0,-0.6666666666666661,14,ALO,Alpine,19.0,0.0,0.0,0.0,False,Engine
2022,Mexico City Grand Prix,20,12.0,16,14.368421052631579,20.0,35.0,8,11.0,12.894736842105264,13.0,14.4,0,0,363.0,0,3.0,22,TSU,AlphaTauri,20.0,0.0,0.0,0.0,False,Collision damage
2022,São Paulo Grand Prix,21,226.0,4,5.2,13.0,441.0,3,5.5,5.65,1.0,6.8,0,0,174.0,0,0.6666666666666661,63,RUS,Mercedes,1.0,33.0,25.0,8.0,False,Finished
2022,São Paulo Grand Prix,21,215.0,5,5.65,1.0,441.0,3,5.5,6.8,2.0,4.6,41,19,185.0,0,3.0,44,HAM,Mercedes,2.0,24.0,18.0,6.0,False,Finished
2022,São Paulo Grand Prix,21,201.0,6,8.3,6.0,462.0,2,3.0,4.65,7.0,10.2,1,1,199.0,0,-9.666666666666666,55,SAI,Ferrari,3.0,22.0,15.0,7.0,False,Finished
2022,São Paulo Grand Prix,21,261.0,3,5.75,5.0,462.0,2,3.0,3.9,5.0,3.2,5,3,139.0,0,-1.6666666666666665,16,LEC,Ferrari,4.0,15.0,12.0,3.0,False,Finished
2022,São Paulo Grand Prix,21,71.0,9,10.7,9.0,150.0,4,11.0,9.0,17.0,14.0,0,0,329.0,0,3.333333333333334,14,ALO,Alpine,5.0,10.0,10.0,0.0,False,Finished
2022,São Paulo Grand Prix,21,400.0,1,3.5,10.0,670.0,1,2.0,3.55,3.0,2.2,14,14,0.0,0,2.0,1,VER,Red Bull Racing,6.0,13.0,8.0,5.0,False,Finished
2022,São Paulo Grand Prix,21,270.0,2,5.45,4.0,670.0,1,2.0,5.0,4.0,3.2,4,4,130.0,0,1.0,11,PER,Red Bull Racing,7.0,10.0,6.0,4.0,False,Finished
2022,São Paulo Grand Prix,21,79.0,8,9.0,8.0,150.0,4,11.0,10.6,16.0,10.0,1,1,321.0,0,4.333333333333333,31,OCO,Alpine,8.0,4.0,4.0,0.0,False,Finished
2022,São Paulo Grand Prix,21,45.0,10,12.1,3.0,51.0,6,14.5,9.9,14.0,13.6,7,3,355.0,0,-0.33333333333333215,77,BOT,Alfa Romeo,9.0,2.0,2.0,0.0,False,Finished
2022,São Paulo Grand Prix,21,13.0,15,12.35,20.0,49.0,7,13.0,14.2,15.0,13.8,0,0,387.0,0,-3.666666666666666,18,STR,Aston Martin,10.0,1.0,1.0,0.0,False,Finished
2022,São Paulo Grand Prix,21,36.0,11,11.555555555555555,11.0,49.0,7,13.0,13.0,9.0,11.2,6,0,364.0,0,4.666666666666666,5,VET,Aston Martin,11.0,0.0,0.0,0.0,False,Finished
2022,São Paulo Grand Prix,21,6.0,18,14.55,10.0,51.0,6,14.5,13.3,13.0,14.2,0,0,394.0,0,1.6666666666666679,24,ZHO,Alfa Romeo,12.0,0.0,0.0,0.0,False,Finished
2022,São Paulo Grand Prix,21,12.0,16,14.105263157894736,18.0,33.0,9,17.5,13.947368421052632,12.0,14.6,0,0,388.0,0,-3.333333333333334,47,MSC,Haas F1 Team,13.0,0.0,0.0,0.0,False,Finished
2022,São Paulo Grand Prix,21,23.0,13,12.3,7.0,35.0,8,15.5,10.5,10.0,12.2,1,1,377.0,0,-4.666666666666668,10,GAS,AlphaTauri,14.0,0.0,0.0,0.0,False,Finished
2022,São Paulo Grand Prix,21,4.0,19,13.894736842105264,10.0,8.0,10,14.5,15.263157894736842,19.0,14.8,0,0,396.0,0,-2.0,23,ALB,Williams,15.0,0.0,0.0,0.0,False,Finished
2022,São Paulo Grand Prix,21,2.0,20,16.1,16.0,8.0,10,14.5,17.35,18.0,15.6,0,0,398.0,0,2.666666666666666,6,LAT,Williams,16.0,0.0,0.0,0.0,False,Finished
2022,São Paulo Grand Prix,21,12.0,16,14.65,15.0,35.0,8,15.5,12.9,0.0,14.4,0,0,388.0,0,1.9999999999999982,22,TSU,AlphaTauri,17.0,0.0,0.0,0.0,False,+1 Lap
2022,São Paulo Grand Prix,21,107.0,7,8.45,10.0,139.0,5,8.5,8.2,6.0,7.2,0,0,293.0,0,-2.333333333333334,4,NOR,McLaren,18.0,2.0,0.0,2.0,False,Gearbox
2022,São Paulo Grand Prix,21,21.0,14,13.75,10.0,33.0,9,17.5,13.05,8.0,13.6,0,0,379.0,0,1.0,20,MAG,Haas F1 Team,19.0,1.0,0.0,1.0,False,Collision
2022,São Paulo Grand Prix,21,32.0,12,12.3,19.0,139.0,5,8.5,11.35,11.0,11.2,3,1,368.0,0,1.666666666666666,3,RIC,McLaren,20.0,0.0,0.0,0.0,False,Collision
2022,Abu Dhabi Grand Prix,22,408.0,1,3.619047619047619,10.0,684.0,1,3.0,3.5238095238095237,1.0,3.2,14,14,0.0,0,0.3333333333333335,1,VER,Red Bull Racing,1.0,25.0,25.0,0.0,False,Finished
2022,Abu Dhabi Grand Prix,22,273.0,3,5.666666666666667,8.25,489.0,2,4.5,3.9523809523809526,3.0,3.6,5,3,135.0,0,-1.9999999999999996,16,LEC,Ferrari,2.0,18.0,18.0,0.0,False,Finished
2022,Abu Dhabi Grand Prix,22,276.0,2,5.523809523809524,12.5,684.0,1,3.0,4.9523809523809526,2.0,3.4,4,4,132.0,0,-1.666666666666667,11,PER,Red Bull Racing,3.0,15.0,15.0,0.0,False,Finished
2022,Abu Dhabi Grand Prix,22,216.0,6,8.047619047619047,6.25,489.0,2,4.5,4.761904761904762,4.0,10.0,1,1,192.0,0,-0.6666666666666679,55,SAI,Ferrari,4.0,12.0,12.0,0.0,False,Finished
2022,Abu Dhabi Grand Prix,22,252.0,4,5.0,16.666666666666668,485.0,3,6.125,5.428571428571429,6.0,6.4,1,1,156.0,0,5.0,63,RUS,Mercedes,5.0,10.0,10.0,0.0,False,Finished
2022,Abu Dhabi Grand Prix,22,107.0,7,8.904761904761905,6.666666666666667,139.0,5,10.125,8.095238095238095,7.0,9.4,0,0,301.0,0,-4.0,4,NOR,McLaren,6.0,8.0,8.0,0.0,False,Finished
2022,Abu Dhabi Grand Prix,22,83.0,8,8.952380952380953,11.666666666666666,164.0,4,10.25,10.857142857142858,8.0,9.4,1,1,325.0,0,1.333333333333334,31,OCO,Alpine,7.0,6.0,6.0,0.0,False,Finished
2022,Abu Dhabi Grand Prix,22,14.0,15,12.238095238095237,14.0,50.0,7,14.0,14.238095238095237,14.0,12.2,0,0,394.0,0,-2.333333333333334,18,STR,Aston Martin,8.0,4.0,4.0,0.0,False,Finished
2022,Abu Dhabi Grand Prix,22,32.0,12,12.666666666666666,8.5,139.0,5,10.125,11.333333333333334,13.0,11.8,3,1,376.0,0,-3.333333333333334,3,RIC,McLaren,9.0,2.0,2.0,0.0,False,Finished
2022,Abu Dhabi Grand Prix,22,36.0,11,11.526315789473685,8.0,50.0,7,14.0,12.789473684210526,9.0,9.4,6,0,372.0,0,0.3333333333333339,5,VET,Aston Martin,10.0,1.0,1.0,0.0,False,Finished
2022,Abu Dhabi Grand Prix,22,12.0,16,14.761904761904763,4.0,35.0,8,14.375,12.285714285714286,11.0,15.0,0,0,396.0,0,-1.666666666666666,22,TSU,AlphaTauri,11.0,0.0,0.0,0.0,False,Finished
2022,Abu Dhabi Grand Prix,22,6.0,18,14.428571428571429,10.0,53.0,6,12.375,13.285714285714286,15.0,14.6,0,0,402.0,0,3.0,24,ZHO,Alfa Romeo,12.0,0.0,0.0,0.0,False,+1 Lap
2022,Abu Dhabi Grand Prix,22,4.0,19,13.95,5.0,8.0,10,16.25,15.45,19.0,15.4,0,0,404.0,0,2.9999999999999982,23,ALB,Williams,13.0,0.0,0.0,0.0,False,+1 Lap
2022,Abu Dhabi Grand Prix,22,23.0,13,12.380952380952381,11.75,35.0,8,14.375,10.476190476190476,17.0,13.4,1,1,385.0,0,-1.0,10,GAS,AlphaTauri,14.0,0.0,0.0,0.0,False,+1 Lap
2022,Abu Dhabi Grand Prix,22,47.0,10,11.952380952380953,4.25,53.0,6,12.375,10.095238095238095,18.0,12.8,7,3,361.0,0,0.3333333333333339,77,BOT,Alfa Romeo,15.0,0.0,0.0,0.0,False,+1 Lap
2022,Abu Dhabi Grand Prix,22,12.0,16,14.05,14.0,33.0,9,13.142857142857142,13.85,12.0,14.8,0,0,396.0,0,-0.6666666666666661,47,MSC,Haas F1 Team,16.0,0.0,0.0,0.0,False,+1 Lap
2022,Abu Dhabi Grand Prix,22,21.0,14,14.0,14.0,33.0,9,13.142857142857142,12.80952380952381,16.0,14.2,0,0,387.0,0,-1.0,20,MAG,Haas F1 Team,17.0,0.0,0.0,0.0,False,+1 Lap
2022,Abu Dhabi Grand Prix,22,233.0,5,5.476190476190476,1.75,485.0,3,6.125,6.571428571428571,5.0,4.0,41,19,175.0,0,4.333333333333333,44,HAM,Mercedes,18.0,0.0,0.0,0.0,False,Hydraulics
2022,Abu Dhabi Grand Prix,22,2.0,20,16.095238095238095,16.5,8.0,10,16.25,17.38095238095238,20.0,15.8,0,0,406.0,0,-2.666666666666666,6,LAT,Williams,19.0,0.0,0.0,0.0,False,Collision damage
2022,Abu Dhabi Grand Prix,22,81.0,9,10.428571428571429,9.5,164.0,4,10.25,9.380952380952381,10.0,11.2,0,0,327.0,0,4.333333333333332,14,ALO,Alpine,20.0,0.0,0.0,0.0,False,Water leak
2023,Bahrain Grand Prix,1,433.0,1,3.5,19.0,724.0,1,2.0,1.0,1.0,2.0,15,15,0.0,0,0.3333333333333335,1,VER,Red Bull Racing,1.0,25.0,25.0,0.0,False,Finished
2023,Bahrain Grand Prix,1,291.0,2,5.409090909090909,13.4,724.0,1,2.0,2.0,2.0,3.8,4,3,142.0,0,-1.9999999999999996,11,PER,Red Bull Racing,2.0,18.0,18.0,0.0,False,Finished
2023,Bahrain Grand Prix,1,81.0,9,10.863636363636363,11.666666666666666,170.0,4,8.7,5.0,5.0,11.6,0,0,352.0,0,-4.0,14,ALO,Aston Martin,3.0,15.0,15.0,0.0,False,Finished
2023,Bahrain Grand Prix,1,228.0,6,7.863636363636363,9.0,519.0,2,5.0,4.0,4.0,10.2,1,1,205.0,0,10.0,55,SAI,Ferrari,4.0,12.0,12.0,0.0,False,Finished
2023,Bahrain Grand Prix,1,233.0,5,6.045454545454546,1.8,495.0,3,6.9,7.0,7.0,5.8,41,8,200.0,0,-2.0,44,HAM,Mercedes,5.0,10.0,10.0,0.0,False,Finished
2023,Bahrain Grand Prix,1,18.0,15,12.045454545454545,13.8,55.0,6,11.4,8.0,8.0,12.6,0,0,415.0,0,1.0,18,STR,Aston Martin,6.0,8.0,8.0,0.0,False,Finished
2023,Bahrain Grand Prix,1,262.0,4,5.0,11.25,495.0,3,6.9,6.0,6.0,4.6,1,1,171.0,0,5.666666666666666,63,RUS,Mercedes,7.0,6.0,6.0,0.0,False,Finished
2023,Bahrain Grand Prix,1,47.0,10,12.090909090909092,4.2,53.0,7,12.8,12.0,12.0,13.6,7,1,386.0,0,3.666666666666666,77,BOT,Alfa Romeo,8.0,4.0,4.0,0.0,False,Finished
2023,Bahrain Grand Prix,1,23.0,13,12.454545454545455,11.0,35.0,8,15.7,20.0,20.0,14.2,1,0,410.0,0,1.0,10,GAS,Alpine,9.0,2.0,2.0,0.0,False,Finished
2023,Bahrain Grand Prix,1,4.0,19,13.904761904761905,8.333333333333334,8.0,10,14.7,15.0,15.0,14.6,0,0,429.0,0,3.333333333333334,23,ALB,Williams,10.0,1.0,1.0,0.0,False,Finished
2023,Bahrain Grand Prix,1,12.0,16,14.590909090909092,8.5,35.0,8,15.7,14.0,14.0,14.2,0,0,421.0,0,-3.333333333333334,22,TSU,AlphaTauri,11.0,0.0,0.0,0.0,False,Finished
2023,Bahrain Grand Prix,1,0.0,20,,8.0,0.0,10,14.7,16.0,16.0,,0,0,433.0,0,0.0,2,SAR,Williams,12.0,0.0,0.0,0.0,False,Lapped
2023,Bahrain Grand Prix,1,21.0,14,14.136363636363637,10.0,33.0,9,18.4,17.0,17.0,15.2,0,0,412.0,0,-6.000000000000002,20,MAG,Haas F1 Team,13.0,0.0,0.0,0.0,False,Lapped
2023,Bahrain Grand Prix,1,0.0,20,,10.0,0.0,10,14.7,19.0,19.0,,0,0,433.0,0,0.0,21,DEV,AlphaTauri,14.0,0.0,0.0,0.0,False,Lapped
2023,Bahrain Grand Prix,1,0.0,22,14.5,13.333333333333334,55.0,6,11.4,10.0,10.0,14.5,0,0,433.0,0,0.0,27,HUL,Haas F1 Team,15.0,0.0,0.0,0.0,False,Lapped
2023,Bahrain Grand Prix,1,6.0,18,14.318181818181818,10.0,53.0,7,12.8,13.0,13.0,13.0,0,0,427.0,0,3.666666666666666,24,ZHO,Alfa Romeo,16.0,0.0,0.0,0.0,False,Lapped
2023,Bahrain Grand Prix,1,116.0,7,8.772727272727273,7.25,150.0,5,9.4,11.0,11.0,9.8,0,0,317.0,0,-4.333333333333333,4,NOR,McLaren,17.0,0.0,0.0,0.0,False,Lapped
2023,Bahrain Grand Prix,1,89.0,8,8.863636363636363,9.75,170.0,4,8.7,9.0,9.0,7.6,1,1,344.0,0,2.666666666666667,31,OCO,Alpine,18.0,0.0,0.0,0.0,False,Retired
2023,Bahrain Grand Prix,1,291.0,2,5.5,6.4,519.0,2,5.0,3.0,3.0,3.6,5,3,142.0,0,-1.3333333333333335,16,LEC,Ferrari,19.0,0.0,0.0,0.0,False,Retired
2023,Bahrain Grand Prix,1,0.0,20,,10.0,0.0,10,14.7,18.0,18.0,,0,0,433.0,0,0.0,81,PIA,McLaren,20.0,0.0,0.0,0.0,False,Retired
2023,Saudi Arabian Grand Prix,2,18.0,2,2.0,10.5,43.0,1,2.25,2.0,1.0,2.0,4,3,7.0,1,0.0,11,PER,Red Bull Racing,1.0,25.0,25.0,0.0,False,Finished
2023,Saudi Arabian Grand Prix,2,25.0,1,1.0,1.0,43.0,1,2.25,1.0,15.0,1.0,16,16,0.0,1,0.0,1,VER,Red Bull Racing,2.0,18.0,18.0,0.0,False,Finished
2023,Saudi Arabian Grand Prix,2,15.0,3,3.0,14.5,23.0,2,6.0,5.0,2.0,3.0,0,0,10.0,1,0.0,14,ALO,Aston Martin,3.0,15.0,15.0,0.0,False,Finished
2023,Saudi Arabian Grand Prix,2,6.0,7,7.0,12.0,16.0,3,8.0,6.0,3.0,7.0,1,1,19.0,1,0.0,63,RUS,Mercedes,4.0,12.0,12.0,0.0,False,Finished
2023,Saudi Arabian Grand Prix,2,10.0,5,5.0,5.5,16.0,3,8.0,7.0,7.0,5.0,41,8,15.0,1,0.0,44,HAM,Mercedes,5.0,10.0,10.0,0.0,False,Finished
2023,Saudi Arabian Grand Prix,2,12.0,4,4.0,5.5,12.0,4,9.25,4.0,4.0,4.0,1,1,13.0,1,0.0,55,SAI,Ferrari,6.0,8.0,8.0,0.0,False,Finished
2023,Saudi Arabian Grand Prix,2,0.0,11,19.0,4.5,12.0,4,9.25,3.0,12.0,19.0,5,3,25.0,1,0.0,16,LEC,Ferrari,7.0,6.0,6.0,0.0,False,Finished
2023,Saudi Arabian Grand Prix,2,0.0,11,18.0,5.0,2.0,6,11.75,9.0,6.0,18.0,1,1,25.0,1,0.0,31,OCO,Alpine,8.0,4.0,4.0,0.0,False,Finished
2023,Saudi Arabian Grand Prix,2,2.0,9,9.0,7.0,2.0,6,11.75,20.0,9.0,9.0,1,0,23.0,1,0.0,10,GAS,Alpine,9.0,2.0,2.0,0.0,False,Finished
2023,Saudi Arabian Grand Prix,2,0.0,11,13.0,9.0,0.0,9,15.75,17.0,13.0,13.0,0,0,25.0,1,0.0,20,MAG,Haas F1 Team,10.0,1.0,1.0,0.0,False,Finished
2023,Saudi Arabian Grand Prix,2,0.0,11,11.0,16.5,0.0,8,13.25,14.0,16.0,11.0,0,0,25.0,1,0.0,22,TSU,AlphaTauri,11.0,0.0,0.0,0.0,False,Finished
2023,Saudi Arabian Grand Prix,2,0.0,11,15.0,12.0,0.0,9,15.75,10.0,10.0,15.0,0,0,25.0,1,0.0,27,HUL,Haas F1 Team,12.0,0.0,0.0,0.0,False,Finished
2023,Saudi Arabian Grand Prix,2,0.0,11,16.0,11.0,4.0,5,9.75,13.0,11.0,16.0,0,0,25.0,1,0.0,24,ZHO,Alfa Romeo,13.0,0.0,0.0,0.0,False,Finished
2023,Saudi Arabian Grand Prix,2,0.0,11,14.0,10.0,0.0,8,13.25,19.0,18.0,14.0,0,0,25.0,1,0.0,21,DEV,AlphaTauri,14.0,0.0,0.0,0.0,False,Finished
2023,Saudi Arabian Grand Prix,2,0.0,11,20.0,10.0,0.0,10,15.75,18.0,8.0,20.0,0,0,25.0,1,0.0,81,PIA,McLaren,15.0,0.0,0.0,0.0,False,Finished
2023,Saudi Arabian Grand Prix,2,0.0,11,12.0,10.0,1.0,7,11.0,16.0,20.0,12.0,0,0,25.0,1,0.0,2,SAR,Williams,16.0,0.0,0.0,0.0,False,Finished
2023,Saudi Arabian Grand Prix,2,0.0,11,17.0,8.5,0.0,10,15.75,11.0,19.0,17.0,0,0,25.0,1,0.0,4,NOR,McLaren,17.0,0.0,0.0,0.0,False,Finished
2023,Saudi Arabian Grand Prix,2,4.0,8,8.0,9.0,4.0,5,9.75,12.0,14.0,8.0,7,1,21.0,1,0.0,77,BOT,Alfa Romeo,18.0,0.0,0.0,0.0,False,Lapped
2023,Saudi Arabian Grand Prix,2,1.0,10,10.0,14.0,1.0,7,11.0,15.0,17.0,10.0,0,0,24.0,1,0.0,23,ALB,Williams,19.0,0.0,0.0,0.0,False,Retired
2023,Saudi Arabian Grand Prix,2,8.0,6,6.0,12.0,23.0,2,6.0,8.0,5.0,6.0,0,0,17.0,1,0.0,18,STR,Aston Martin,20.0,0.0,0.0,0.0,False,Retired
2023,Australian Grand Prix,3,44.0,1,1.5,18.0,87.0,1,2.3333333333333335,8.0,1.0,1.5,16,16,0.0,0,0.0,1,VER,Red Bull Racing,1.0,25.0,25.0,0.0,False,Finished
2023,Australian Grand Prix,3,20.0,4,5.0,2.6666666666666665,38.0,3,5.833333333333333,7.0,3.0,5.0,41,8,24.0,0,0.0,44,HAM,Mercedes,2.0,18.0,18.0,0.0,False,Finished
2023,Australian Grand Prix,3,30.0,3,3.0,11.0,38.0,2,6.666666666666667,3.5,4.0,3.0,0,0,14.0,0,0.0,14,ALO,Aston Martin,3.0,15.0,15.0,0.0,False,Finished
2023,Australian Grand Prix,3,8.0,7,13.0,11.666666666666666,38.0,2,6.666666666666667,6.5,6.0,13.0,0,0,36.0,0,0.0,18,STR,Aston Martin,4.0,12.0,12.0,0.0,False,Finished
2023,Australian Grand Prix,3,43.0,2,1.5,8.666666666666666,87.0,1,2.3333333333333335,1.5,20.0,1.5,5,4,1.0,0,0.0,11,PER,Red Bull Racing,5.0,10.0,10.0,0.0,False,Finished
2023,Australian Grand Prix,3,0.0,14,17.0,8.5,0.0,10,16.333333333333332,15.0,13.0,17.0,0,0,44.0,0,0.0,4,NOR,McLaren,6.0,8.0,8.0,0.0,False,Finished
2023,Australian Grand Prix,3,0.0,14,13.5,7.0,1.0,8,13.666666666666666,10.0,10.0,13.5,0,0,44.0,0,0.0,27,HUL,Haas F1 Team,7.0,6.0,6.0,0.0,False,Finished
2023,Australian Grand Prix,3,0.0,14,17.5,10.0,0.0,10,16.333333333333332,13.0,16.0,17.5,0,0,44.0,0,0.0,81,PIA,McLaren,8.0,4.0,4.0,0.0,False,Finished
2023,Australian Grand Prix,3,0.0,14,14.5,11.0,4.0,6,10.833333333333334,12.0,17.0,14.5,0,0,44.0,0,0.0,24,ZHO,Alfa Romeo,9.0,2.0,2.0,0.0,False,Finished
2023,Australian Grand Prix,3,0.0,14,11.0,15.0,0.0,9,15.333333333333334,15.0,12.0,11.0,0,0,44.0,0,0.0,22,TSU,AlphaTauri,10.0,1.0,1.0,0.0,False,Finished
2023,Australian Grand Prix,3,4.0,9,13.0,5.666666666666667,4.0,6,10.833333333333334,13.0,19.0,13.0,7,1,40.0,0,0.0,77,BOT,Alfa Romeo,11.0,0.0,0.0,0.0,False,Finished
2023,Australian Grand Prix,3,20.0,4,5.0,16.666666666666668,26.0,4,9.666666666666666,4.0,5.0,5.0,1,1,24.0,0,0.0,55,SAI,Ferrari,12.0,0.0,0.0,0.0,False,Finished
2023,Australian Grand Prix,3,4.0,9,9.0,12.666666666666666,8.0,5,11.166666666666666,14.5,9.0,9.0,1,0,40.0,0,0.0,10,GAS,Alpine,13.0,0.0,0.0,0.0,False,Retired
2023,Australian Grand Prix,3,4.0,9,13.0,9.5,8.0,5,11.166666666666666,7.5,11.0,13.0,1,1,40.0,0,0.0,31,OCO,Alpine,14.0,0.0,0.0,0.0,False,Retired
2023,Australian Grand Prix,3,0.0,14,14.0,10.0,0.0,9,15.333333333333334,18.5,15.0,14.0,0,0,44.0,0,0.0,21,DEV,AlphaTauri,15.0,0.0,0.0,0.0,False,Retired
2023,Australian Grand Prix,3,0.0,14,14.0,9.0,1.0,7,13.166666666666666,18.0,18.0,14.0,0,0,44.0,0,0.0,2,SAR,Williams,16.0,0.0,0.0,0.0,False,Retired
2023,Australian Grand Prix,3,1.0,12,11.5,12.333333333333334,1.0,8,13.666666666666666,15.0,14.0,11.5,0,0,43.0,0,0.0,20,MAG,Haas F1 Team,17.0,0.0,0.0,0.0,False,Retired
2023,Australian Grand Prix,3,18.0,6,5.5,9.5,38.0,3,5.833333333333333,4.5,2.0,5.5,1,1,26.0,0,0.0,63,RUS,Mercedes,18.0,0.0,0.0,0.0,False,Retired
2023,Australian Grand Prix,3,1.0,12,14.5,12.0,1.0,7,13.166666666666666,16.0,8.0,14.5,0,0,43.0,0,0.0,23,ALB,Williams,19.0,0.0,0.0,0.0,False,Retired
2023,Australian Grand Prix,3,6.0,8,13.0,6.333333333333333,26.0,4,9.666666666666666,7.5,7.0,13.0,5,3,38.0,0,0.0,16,LEC,Ferrari,20.0,0.0,0.0,0.0,False,Retired
2023,Azerbaijan Grand Prix,4,54.0,2,2.6666666666666665,3.0,123.0,1,3.875,7.666666666666667,3.0,2.6666666666666665,5,4,15.0,1,0.0,11,PER,Red Bull Racing,1.0,33.0,25.0,8.0,False,Finished
2023,Azerbaijan Grand Prix,4,69.0,1,1.3333333333333333,1.0,123.0,1,3.875,5.666666666666667,2.0,1.3333333333333333,17,17,0.0,1,0.0,1,VER,Red Bull Racing,2.0,24.0,18.0,6.0,False,Finished
2023,Azerbaijan Grand Prix,4,6.0,9,15.333333333333334,8.5,26.0,4,9.0,7.333333333333333,1.0,15.333333333333334,5,3,63.0,1,0.0,16,LEC,Ferrari,3.0,22.0,15.0,7.0,False,Finished
2023,Azerbaijan Grand Prix,4,45.0,3,3.0,6.666666666666667,65.0,2,5.0,3.6666666666666665,6.0,3.0,0,0,24.0,1,0.0,14,ALO,Aston Martin,4.0,15.0,12.0,3.0,False,Finished
2023,Azerbaijan Grand Prix,4,20.0,5,7.333333333333333,10.0,26.0,4,9.0,4.333333333333333,4.0,7.333333333333333,1,1,49.0,1,0.0,55,SAI,Ferrari,5.0,14.0,10.0,4.0,False,Finished
2023,Azerbaijan Grand Prix,4,38.0,4,4.0,5.5,56.0,3,10.25,5.666666666666667,5.0,4.0,41,8,31.0,1,0.0,44,HAM,Mercedes,6.0,10.0,8.0,2.0,False,Finished
2023,Azerbaijan Grand Prix,4,20.0,5,10.0,13.0,65.0,2,5.0,6.333333333333333,9.0,10.0,0,0,49.0,1,0.0,18,STR,Aston Martin,7.0,7.0,6.0,1.0,False,Finished
2023,Azerbaijan Grand Prix,4,18.0,7,9.666666666666666,11.666666666666666,56.0,3,10.25,3.6666666666666665,11.0,9.666666666666666,1,1,51.0,1,0.0,63,RUS,Mercedes,8.0,9.0,4.0,5.0,False,Finished
2023,Azerbaijan Grand Prix,4,8.0,8,13.333333333333334,7.333333333333333,12.0,5,7.875,14.333333333333334,7.0,13.333333333333334,0,0,61.0,1,0.0,4,NOR,McLaren,9.0,2.0,2.0,0.0,False,Finished
2023,Azerbaijan Grand Prix,4,1.0,16,10.666666666666666,10.0,1.0,9,15.125,14.0,8.0,10.666666666666666,0,0,68.0,1,0.0,22,TSU,AlphaTauri,10.0,1.0,1.0,0.0,False,Finished
2023,Azerbaijan Grand Prix,4,4.0,11,14.333333333333334,10.0,12.0,5,7.875,14.0,10.0,14.333333333333334,0,0,65.0,1,0.0,81,PIA,McLaren,11.0,0.0,0.0,0.0,False,Finished
2023,Azerbaijan Grand Prix,4,1.0,16,16.0,11.5,1.0,10,14.875,13.333333333333334,12.0,16.0,0,0,68.0,1,0.0,23,ALB,Williams,12.0,0.0,0.0,0.0,False,Finished
2023,Azerbaijan Grand Prix,4,1.0,16,13.333333333333334,14.333333333333334,7.0,7,13.625,14.666666666666666,16.0,13.333333333333334,0,0,68.0,1,0.0,20,MAG,Haas F1 Team,13.0,0.0,0.0,0.0,False,Finished
2023,Azerbaijan Grand Prix,4,4.0,11,10.333333333333334,9.25,8.0,6,10.125,12.666666666666666,17.0,10.333333333333334,1,0,65.0,1,0.0,10,GAS,Alpine,14.0,0.0,0.0,0.0,False,Finished
2023,Azerbaijan Grand Prix,4,4.0,11,13.333333333333334,16.333333333333332,8.0,6,10.125,8.666666666666666,19.0,13.333333333333334,1,1,65.0,1,0.0,31,OCO,Alpine,15.0,0.0,0.0,0.0,False,Finished
2023,Azerbaijan Grand Prix,4,0.0,19,14.666666666666666,9.0,1.0,10,14.875,18.0,14.0,14.666666666666666,0,0,69.0,1,0.0,2,SAR,Williams,16.0,0.0,0.0,0.0,False,Finished
2023,Azerbaijan Grand Prix,4,6.0,9,11.333333333333334,16.0,7.0,7,13.625,10.0,20.0,11.333333333333334,0,0,63.0,1,0.0,27,HUL,Haas F1 Team,17.0,0.0,0.0,0.0,False,Lapped
2023,Azerbaijan Grand Prix,4,4.0,11,12.333333333333334,9.5,6.0,8,15.25,15.0,13.0,12.333333333333334,7,1,65.0,1,0.0,77,BOT,Alfa Romeo,18.0,0.0,0.0,0.0,False,Lapped
2023,Azerbaijan Grand Prix,4,2.0,15,12.666666666666666,18.0,6.0,8,15.25,13.666666666666666,15.0,12.666666666666666,0,0,67.0,1,0.0,24,ZHO,Alfa Romeo,19.0,0.0,0.0,0.0,False,Retired
2023,Azerbaijan Grand Prix,4,0.0,19,14.333333333333334,10.0,1.0,9,15.125,17.333333333333332,18.0,14.333333333333334,0,0,69.0,1,0.0,21,DEV,AlphaTauri,20.0,0.0,0.0,0.0,False,Retired
2023,Miami Grand Prix,5,87.0,1,1.5,1.0,166.0,1,2.5,4.75,9.0,1.5,17,17,0.0,1,0.0,1,VER,Red Bull Racing,1.0,25.0,25.0,0.0,False,Finished
2023,Miami Grand Prix,5,79.0,2,2.25,4.0,166.0,1,2.5,6.5,1.0,2.25,6,5,8.0,1,0.0,11,PER,Red Bull Racing,2.0,18.0,18.0,0.0,False,Finished
2023,Miami Grand Prix,5,57.0,3,3.25,11.0,83.0,2,2.5,4.25,2.0,3.25,0,0,30.0,1,0.0,14,ALO,Aston Martin,3.0,15.0,15.0,0.0,False,Finished
2023,Miami Grand Prix,5,23.0,7,9.25,5.0,69.0,3,5.5,5.5,6.0,9.25,1,1,64.0,1,0.0,63,RUS,Mercedes,4.0,12.0,12.0,0.0,False,Finished
2023,Miami Grand Prix,5,30.0,5,6.75,3.0,51.0,4,13.5,4.25,3.0,6.75,1,1,57.0,1,0.0,55,SAI,Ferrari,5.0,10.0,10.0,0.0,False,Finished
2023,Miami Grand Prix,5,46.0,4,4.5,6.0,69.0,3,5.5,5.5,13.0,4.5,41,8,41.0,1,0.0,44,HAM,Mercedes,6.0,8.0,8.0,0.0,False,Finished
2023,Miami Grand Prix,5,21.0,8,12.25,2.0,51.0,4,13.5,5.75,7.0,12.25,5,3,66.0,1,0.0,16,LEC,Ferrari,7.0,6.0,6.0,0.0,False,Finished
2023,Miami Grand Prix,5,4.0,11,11.25,18.0,8.0,6,11.5,13.75,5.0,11.25,1,0,83.0,1,0.0,10,GAS,Alpine,8.0,4.0,4.0,0.0,False,Finished
2023,Miami Grand Prix,5,4.0,11,13.75,8.0,8.0,6,11.5,11.25,8.0,13.75,1,1,83.0,1,0.0,31,OCO,Alpine,9.0,2.0,2.0,0.0,False,Finished
2023,Miami Grand Prix,5,1.0,17,13.25,16.0,7.0,7,13.5,15.0,4.0,13.25,0,0,86.0,1,0.0,20,MAG,Haas F1 Team,10.0,1.0,1.0,0.0,False,Finished
2023,Miami Grand Prix,5,2.0,15,10.5,12.0,2.0,9,15.5,12.5,17.0,10.5,0,0,85.0,1,0.0,22,TSU,AlphaTauri,11.0,0.0,0.0,0.0,False,Finished
2023,Miami Grand Prix,5,26.0,6,9.25,10.0,83.0,2,2.5,7.0,18.0,9.25,0,0,61.0,1,0.0,18,STR,Aston Martin,12.0,0.0,0.0,0.0,False,Finished
2023,Miami Grand Prix,5,4.0,11,13.75,7.0,6.0,8,15.0,14.5,10.0,13.75,7,1,83.0,1,0.0,77,BOT,Alfa Romeo,13.0,0.0,0.0,0.0,False,Finished
2023,Miami Grand Prix,5,1.0,17,15.0,9.0,1.0,10,16.0,13.0,11.0,15.0,0,0,86.0,1,0.0,23,ALB,Williams,14.0,0.0,0.0,0.0,False,Finished
2023,Miami Grand Prix,5,6.0,10,12.75,10.0,7.0,7,13.5,12.5,12.0,12.75,0,0,81.0,1,0.0,27,HUL,Haas F1 Team,15.0,0.0,0.0,0.0,False,Finished
2023,Miami Grand Prix,5,2.0,15,14.25,20.0,6.0,8,15.0,14.0,14.0,14.25,0,0,85.0,1,0.0,24,ZHO,Alfa Romeo,16.0,0.0,0.0,0.0,False,Finished
2023,Miami Grand Prix,5,10.0,9,12.25,19.0,14.0,5,9.5,12.5,16.0,12.25,0,0,77.0,1,0.0,4,NOR,McLaren,17.0,0.0,0.0,0.0,False,Finished
2023,Miami Grand Prix,5,0.0,19,15.75,10.0,2.0,9,15.5,17.5,15.0,15.75,0,0,87.0,1,0.0,21,DEV,AlphaTauri,18.0,0.0,0.0,0.0,False,Finished
2023,Miami Grand Prix,5,4.0,11,13.5,10.0,14.0,5,9.5,13.0,19.0,13.5,0,0,83.0,1,0.0,81,PIA,McLaren,19.0,0.0,0.0,0.0,False,Lapped
2023,Miami Grand Prix,5,0.0,19,15.0,10.0,1.0,10,16.0,17.0,20.0,15.0,0,0,87.0,1,0.0,2,SAR,Williams,20.0,0.0,0.0,0.0,False,Lapped
2023,Monaco Grand Prix,6,113.0,1,1.4,3.0,210.0,1,2.375,5.6,1.0,1.4,18,18,0.0,1,0.0,1,VER,Red Bull Racing,1.0,25.0,25.0,0.0,False,Finished
2023,Monaco Grand Prix,6,72.0,3,3.2,13.333333333333334,98.0,2,5.875,3.8,2.0,3.2,0,0,41.0,1,0.0,14,ALO,Aston Martin,2.0,18.0,18.0,0.0,False,Finished
2023,Monaco Grand Prix,6,6.0,11,12.8,9.0,14.0,6,11.375,10.6,3.0,12.8,1,1,107.0,1,0.0,31,OCO,Alpine,3.0,15.0,15.0,0.0,False,Finished
2023,Monaco Grand Prix,6,54.0,4,4.8,4.75,89.0,3,7.25,7.0,5.0,4.8,41,8,59.0,1,0.0,44,HAM,Mercedes,4.0,12.0,12.0,0.0,False,Finished
2023,Monaco Grand Prix,6,35.0,6,8.2,11.333333333333334,89.0,3,7.25,5.6,8.0,8.2,1,1,78.0,1,0.0,63,RUS,Mercedes,5.0,10.0,10.0,0.0,False,Finished
2023,Monaco Grand Prix,6,27.0,7,11.2,15.5,67.0,4,8.125,6.0,6.0,11.2,5,3,86.0,1,0.0,16,LEC,Ferrari,6.0,8.0,8.0,0.0,False,Finished
2023,Monaco Grand Prix,6,8.0,10,10.6,7.25,14.0,6,11.375,12.0,7.0,10.6,1,0,105.0,1,0.0,10,GAS,Alpine,7.0,6.0,6.0,0.0,False,Finished
2023,Monaco Grand Prix,6,40.0,5,6.4,5.0,67.0,4,8.125,4.0,4.0,6.4,1,1,73.0,1,0.0,55,SAI,Ferrari,8.0,4.0,4.0,0.0,False,Finished
2023,Monaco Grand Prix,6,10.0,9,13.2,6.666666666666667,14.0,5,10.5,13.2,10.0,13.2,0,0,103.0,1,0.0,4,NOR,McLaren,9.0,2.0,2.0,0.0,False,Lapped
2023,Monaco Grand Prix,6,4.0,13,14.6,10.0,14.0,5,10.5,14.2,11.0,14.6,0,0,109.0,1,0.0,81,PIA,McLaren,10.0,1.0,1.0,0.0,False,Lapped
2023,Monaco Grand Prix,6,4.0,13,13.6,9.0,6.0,8,14.875,13.6,15.0,13.6,7,1,109.0,1,0.0,77,BOT,Alfa Romeo,11.0,0.0,0.0,0.0,False,Lapped
2023,Monaco Grand Prix,6,0.0,19,16.2,10.0,2.0,9,16.375,17.0,12.0,16.2,0,0,113.0,1,0.0,21,DEV,AlphaTauri,12.0,0.0,0.0,0.0,False,Lapped
2023,Monaco Grand Prix,6,2.0,15,14.6,16.0,6.0,8,14.875,14.0,19.0,14.6,0,0,111.0,1,0.0,24,ZHO,Alfa Romeo,13.0,0.0,0.0,0.0,False,Lapped
2023,Monaco Grand Prix,6,1.0,18,14.8,13.0,1.0,10,16.0,12.6,13.0,14.8,0,0,112.0,1,0.0,23,ALB,Williams,14.0,0.0,0.0,0.0,False,Lapped
2023,Monaco Grand Prix,6,2.0,15,10.6,16.5,2.0,9,16.375,13.4,9.0,10.6,0,0,111.0,1,0.0,22,TSU,AlphaTauri,15.0,0.0,0.0,0.0,False,Lapped
2023,Monaco Grand Prix,6,97.0,2,2.2,7.25,210.0,1,2.375,5.4,20.0,2.2,6,5,16.0,1,0.0,11,PER,Red Bull Racing,16.0,0.0,0.0,0.0,False,Lapped
2023,Monaco Grand Prix,6,6.0,11,13.2,10.5,8.0,7,12.25,12.4,18.0,13.2,0,0,107.0,1,0.0,27,HUL,Haas F1 Team,17.0,0.0,0.0,0.0,False,Lapped
2023,Monaco Grand Prix,6,0.0,19,16.0,14.0,1.0,10,16.0,17.6,16.0,16.0,0,0,113.0,1,0.0,2,SAR,Williams,18.0,0.0,0.0,0.0,False,Lapped
2023,Monaco Grand Prix,6,2.0,15,12.6,15.666666666666666,8.0,7,12.25,12.8,17.0,12.6,0,0,111.0,1,0.0,20,MAG,Haas F1 Team,19.0,0.0,0.0,0.0,False,Retired
2023,Monaco Grand Prix,6,26.0,8,9.8,13.75,98.0,2,5.875,9.2,14.0,9.8,0,0,87.0,1,0.0,18,STR,Aston Martin,20.0,0.0,0.0,0.0,False,Retired
2023,Spanish Grand Prix,7,138.0,1,1.3333333333333333,1.0,235.0,1,1.7,4.833333333333333,1.0,1.4,19,19,0.0,0,0.0,1,VER,Red Bull Racing,1.0,25.0,25.0,0.0,False,Finished
2023,Spanish Grand Prix,7,67.0,4,4.666666666666667,1.8,112.0,3,7.5,6.666666666666667,4.0,4.6,41,8,71.0,0,-1.333333333333333,44,HAM,Mercedes,2.0,18.0,18.0,0.0,False,Finished
2023,Spanish Grand Prix,7,45.0,5,7.666666666666667,12.75,112.0,3,7.5,6.0,12.0,7.8,1,1,93.0,0,3.999999999999999,63,RUS,Mercedes,3.0,15.0,15.0,0.0,False,Finished
2023,Spanish Grand Prix,7,97.0,2,4.5,7.2,235.0,1,1.7,7.833333333333333,11.0,5.0,6,5,41.0,0,-3.6666666666666665,11,PER,Red Bull Racing,4.0,12.0,12.0,0.0,False,Finished
2023,Spanish Grand Prix,7,44.0,6,6.666666666666667,6.4,79.0,4,9.6,4.0,2.0,7.2,1,1,94.0,0,1.333333333333333,55,SAI,Ferrari,5.0,10.0,10.0,0.0,False,Finished
2023,Spanish Grand Prix,7,26.0,8,11.5,12.0,116.0,2,4.1,10.0,5.0,12.6,0,0,112.0,0,-3.0,18,STR,Aston Martin,6.0,8.0,8.0,0.0,False,Finished
2023,Spanish Grand Prix,7,90.0,3,3.0,11.333333333333334,116.0,2,4.1,3.5,8.0,3.0,0,0,48.0,0,0.0,14,ALO,Aston Martin,7.0,6.0,6.0,0.0,False,Finished
2023,Spanish Grand Prix,7,21.0,9,11.166666666666666,11.25,35.0,5,12.4,9.333333333333334,6.0,9.8,1,1,117.0,0,4.333333333333334,31,OCO,Alpine,8.0,4.0,4.0,0.0,False,Finished
2023,Spanish Grand Prix,7,2.0,15,14.333333333333334,19.0,6.0,8,14.1,14.833333333333334,13.0,14.0,0,0,136.0,0,-3.333333333333334,24,ZHO,Alfa Romeo,9.0,2.0,2.0,0.0,False,Finished
2023,Spanish Grand Prix,7,14.0,10,10.0,11.4,35.0,5,12.4,11.166666666666666,10.0,10.2,1,0,124.0,0,0.6666666666666679,10,GAS,Alpine,10.0,1.0,1.0,0.0,False,Finished
2023,Spanish Grand Prix,7,35.0,7,10.333333333333334,11.8,79.0,4,9.6,6.0,19.0,8.6,5,3,103.0,0,10.0,16,LEC,Ferrari,11.0,0.0,0.0,0.0,False,Finished
2023,Spanish Grand Prix,7,2.0,15,11.333333333333334,15.0,2.0,9,14.8,12.666666666666666,15.0,11.4,0,0,136.0,0,-1.333333333333334,22,TSU,AlphaTauri,12.0,0.0,0.0,0.0,False,Finished
2023,Spanish Grand Prix,7,5.0,13,13.833333333333334,10.0,17.0,6,11.4,13.666666666666666,9.0,12.6,0,0,133.0,0,1.0,81,PIA,McLaren,13.0,0.0,0.0,0.0,False,Lapped
2023,Spanish Grand Prix,7,0.0,19,15.5,10.0,2.0,9,14.8,16.166666666666668,14.0,15.8,0,0,138.0,0,-2.333333333333334,21,DEV,AlphaTauri,14.0,0.0,0.0,0.0,False,Lapped
2023,Spanish Grand Prix,7,6.0,12,13.833333333333334,16.5,8.0,7,13.5,13.333333333333334,7.0,13.6,0,0,132.0,0,-4.999999999999998,27,HUL,Haas F1 Team,15.0,0.0,0.0,0.0,False,Lapped
2023,Spanish Grand Prix,7,1.0,18,14.666666666666666,12.333333333333334,1.0,10,15.9,12.666666666666666,18.0,15.6,0,0,137.0,0,2.666666666666666,23,ALB,Williams,16.0,0.0,0.0,0.0,False,Lapped
2023,Spanish Grand Prix,7,12.0,11,12.5,11.5,17.0,6,11.4,12.666666666666666,3.0,11.6,0,0,126.0,0,1.6666666666666679,4,NOR,McLaren,17.0,0.0,0.0,0.0,False,Lapped
2023,Spanish Grand Prix,7,2.0,15,13.666666666666666,11.25,8.0,7,13.5,13.5,17.0,13.8,0,0,136.0,0,-0.6666666666666661,20,MAG,Haas F1 Team,18.0,0.0,0.0,0.0,False,Lapped
2023,Spanish Grand Prix,7,4.0,14,13.166666666666666,3.2,6.0,8,14.1,13.833333333333334,16.0,14.2,7,1,134.0,0,-1.666666666666666,77,BOT,Alfa Romeo,19.0,0.0,0.0,0.0,False,Lapped
2023,Spanish Grand Prix,7,0.0,19,16.333333333333332,15.0,1.0,10,15.9,17.333333333333332,20.0,17.2,0,0,138.0,0,-3.333333333333334,2,SAR,Williams,20.0,0.0,0.0,0.0,False,Lapped
2023,Canadian Grand Prix,8,164.0,1,1.2857142857142858,1.0,273.0,1,3.1666666666666665,4.285714285714286,1.0,1.2,20,20,0.0,0,0.6666666666666667,1,VER,Red Bull Racing,1.0,25.0,25.0,0.0,False,Finished
2023,Canadian Grand Prix,8,96.0,3,3.5714285714285716,13.5,130.0,3,6.833333333333333,4.142857142857143,2.0,3.8,0,0,68.0,0,-0.6666666666666665,14,ALO,Aston Martin,2.0,18.0,18.0,0.0,False,Finished
2023,Canadian Grand Prix,8,85.0,4,4.285714285714286,3.0,145.0,2,3.1666666666666665,6.285714285714286,3.0,4.0,41,8,79.0,0,0.33333333333333304,44,HAM,Mercedes,3.0,15.0,15.0,0.0,False,Finished
2023,Canadian Grand Prix,8,35.0,7,10.428571428571429,6.0,89.0,4,7.166666666666667,7.857142857142857,10.0,9.4,5,3,129.0,0,2.0,16,LEC,Ferrari,4.0,12.0,12.0,0.0,False,Finished
2023,Canadian Grand Prix,8,54.0,6,6.428571428571429,7.0,89.0,4,7.166666666666667,3.7142857142857144,11.0,7.0,1,1,110.0,0,1.666666666666667,55,SAI,Ferrari,5.0,10.0,10.0,0.0,False,Finished
2023,Canadian Grand Prix,8,109.0,2,4.428571428571429,15.333333333333334,273.0,1,3.1666666666666665,8.285714285714286,12.0,5.6,6,5,55.0,0,-5.0,11,PER,Red Bull Racing,6.0,8.0,8.0,0.0,False,Finished
2023,Canadian Grand Prix,8,1.0,18,14.857142857142858,16.0,1.0,10,16.666666666666668,13.428571428571429,9.0,15.0,0,0,163.0,0,2.0000000000000018,23,ALB,Williams,7.0,6.0,6.0,0.0,False,Finished
2023,Canadian Grand Prix,8,25.0,9,10.714285714285714,7.5,40.0,5,9.833333333333334,8.857142857142858,6.0,9.8,1,1,139.0,0,5.666666666666667,31,OCO,Alpine,8.0,4.0,4.0,0.0,False,Finished
2023,Canadian Grand Prix,8,34.0,8,10.714285714285714,13.0,130.0,3,6.833333333333333,9.285714285714286,16.0,9.8,0,0,130.0,0,-2.333333333333332,18,STR,Aston Martin,9.0,2.0,2.0,0.0,False,Finished
2023,Canadian Grand Prix,8,4.0,14,14.0,4.333333333333333,8.0,8,16.833333333333332,14.142857142857142,14.0,14.4,7,1,160.0,0,1.3333333333333321,77,BOT,Alfa Romeo,10.0,1.0,1.0,0.0,False,Finished
2023,Canadian Grand Prix,8,5.0,13,13.714285714285714,10.0,17.0,6,12.666666666666666,13.0,8.0,12.2,0,0,159.0,0,-2.666666666666666,81,PIA,McLaren,11.0,0.0,0.0,0.0,False,Finished
2023,Canadian Grand Prix,8,15.0,10,10.0,11.0,40.0,5,9.833333333333334,11.0,15.0,10.4,1,0,149.0,0,3.666666666666666,10,GAS,Alpine,12.0,0.0,0.0,0.0,False,Finished
2023,Canadian Grand Prix,8,12.0,11,13.142857142857142,17.5,17.0,6,12.666666666666666,11.285714285714286,7.0,11.6,0,0,152.0,0,-3.666666666666668,4,NOR,McLaren,13.0,0.0,0.0,0.0,False,Finished
2023,Canadian Grand Prix,8,2.0,16,11.428571428571429,18.0,2.0,9,14.5,13.0,19.0,11.6,0,0,162.0,0,-2.333333333333332,22,TSU,AlphaTauri,14.0,0.0,0.0,0.0,False,Finished
2023,Canadian Grand Prix,8,6.0,12,14.0,7.0,8.0,7,14.166666666666666,12.428571428571429,5.0,14.2,0,0,158.0,0,-3.666666666666666,27,HUL,Haas F1 Team,15.0,0.0,0.0,0.0,False,Lapped
2023,Canadian Grand Prix,8,4.0,14,13.571428571428571,8.0,8.0,8,16.833333333333332,14.571428571428571,20.0,13.2,0,0,160.0,0,1.0,24,ZHO,Alfa Romeo,16.0,0.0,0.0,0.0,False,Lapped
2023,Canadian Grand Prix,8,2.0,16,14.285714285714286,15.666666666666666,8.0,7,14.166666666666666,14.0,13.0,15.4,0,0,162.0,0,-2.333333333333332,20,MAG,Haas F1 Team,17.0,0.0,0.0,0.0,False,Lapped
2023,Canadian Grand Prix,8,0.0,19,15.285714285714286,10.0,2.0,9,14.5,15.857142857142858,17.0,15.8,0,0,164.0,0,1.666666666666666,21,DEV,AlphaTauri,18.0,0.0,0.0,0.0,False,Lapped
2023,Canadian Grand Prix,8,60.0,5,7.0,10.0,145.0,2,3.1666666666666665,6.857142857142857,4.0,7.6,1,1,104.0,0,6.0,63,RUS,Mercedes,19.0,0.0,0.0,0.0,False,Retired
2023,Canadian Grand Prix,8,0.0,19,16.857142857142858,16.0,1.0,10,16.666666666666668,17.714285714285715,18.0,18.0,0,0,164.0,0,-3.333333333333332,2,SAR,Williams,20.0,0.0,0.0,0.0,False,Retired
2023,Austrian Grand Prix,9,189.0,1,1.25,2.0,307.0,1,3.2,3.875,1.0,1.2,21,21,0.0,0,0.33333333333333326,1,VER,Red Bull Racing,1.0,33.0,25.0,8.0,False,Finished
2023,Austrian Grand Prix,9,47.0,7,9.625,4.4,111.0,4,7.8,8.125,2.0,6.2,5,3,142.0,0,3.0,16,LEC,Ferrari,2.0,18.0,18.0,0.0,False,Finished
2023,Austrian Grand Prix,9,118.0,2,4.625,10.0,307.0,1,3.2,8.75,15.0,5.8,6,5,71.0,0,-6.0,11,PER,Red Bull Racing,3.0,22.0,15.0,7.0,False,Finished
2023,Austrian Grand Prix,9,12.0,11,13.125,4.75,17.0,6,12.7,10.75,4.0,13.0,0,0,177.0,0,-2.333333333333334,4,NOR,McLaren,4.0,12.0,12.0,0.0,False,Finished
2023,Austrian Grand Prix,9,114.0,3,3.375,9.333333333333334,150.0,3,6.1,3.875,7.0,3.6,0,0,75.0,0,-0.33333333333333304,14,ALO,Aston Martin,5.0,14.0,10.0,4.0,False,Finished
2023,Austrian Grand Prix,9,64.0,5,6.25,9.6,111.0,4,7.8,4.625,3.0,5.6,1,1,125.0,0,1.333333333333333,55,SAI,Ferrari,6.0,14.0,8.0,6.0,False,Finished
2023,Austrian Grand Prix,9,60.0,6,8.5,12.0,160.0,2,5.8,6.5,11.0,7.8,1,1,129.0,0,1.0,63,RUS,Mercedes,7.0,7.0,6.0,1.0,False,Finished
2023,Austrian Grand Prix,9,100.0,4,4.125,6.4,160.0,2,5.8,5.875,5.0,4.2,41,8,89.0,0,1.666666666666667,44,HAM,Mercedes,8.0,4.0,4.0,0.0,False,Finished
2023,Austrian Grand Prix,9,36.0,8,10.5,14.4,150.0,3,6.1,10.125,6.0,10.8,0,0,153.0,0,-3.999999999999999,18,STR,Aston Martin,9.0,7.0,2.0,5.0,False,Finished
2023,Austrian Grand Prix,9,15.0,10,10.25,9.8,44.0,5,9.7,11.5,9.0,10.2,1,0,174.0,0,2.0,10,GAS,Alpine,10.0,1.0,1.0,0.0,False,Finished
2023,Austrian Grand Prix,9,7.0,12,13.875,13.333333333333334,7.0,9,16.0,12.875,10.0,12.6,0,0,182.0,0,2.666666666666666,23,ALB,Williams,11.0,0.0,0.0,0.0,False,Finished
2023,Austrian Grand Prix,9,4.0,16,13.875,14.0,9.0,7,14.3,15.25,17.0,14.6,0,0,185.0,0,2.0,24,ZHO,Alfa Romeo,12.0,0.0,0.0,0.0,False,Lapped
2023,Austrian Grand Prix,9,0.0,19,17.25,15.0,7.0,9,16.0,17.75,18.0,18.8,0,0,189.0,0,-2.0,2,SAR,Williams,13.0,0.0,0.0,0.0,False,Lapped
2023,Austrian Grand Prix,9,29.0,9,10.375,9.75,44.0,5,9.7,8.5,12.0,8.6,1,1,160.0,0,6.333333333333333,31,OCO,Alpine,14.0,2.0,0.0,2.0,False,Lapped
2023,Austrian Grand Prix,9,5.0,14,13.5,7.2,9.0,7,14.3,14.125,14.0,14.2,7,1,184.0,0,0.6666666666666661,77,BOT,Alfa Romeo,15.0,0.0,0.0,0.0,False,Lapped
2023,Austrian Grand Prix,9,5.0,14,13.375,10.0,17.0,6,12.7,12.375,13.0,12.8,0,0,184.0,0,1.3333333333333321,81,PIA,McLaren,16.0,0.0,0.0,0.0,False,Lapped
2023,Austrian Grand Prix,9,0.0,19,15.625,10.0,2.0,10,14.9,16.0,20.0,16.4,0,0,189.0,0,3.0000000000000018,21,DEV,AlphaTauri,17.0,0.0,0.0,0.0,False,Lapped
2023,Austrian Grand Prix,9,2.0,17,14.625,12.25,8.0,8,14.5,13.875,19.0,15.4,0,0,187.0,0,-4.666666666666666,20,MAG,Haas F1 Team,18.0,0.0,0.0,0.0,False,Lapped
2023,Austrian Grand Prix,9,2.0,17,11.75,14.0,2.0,10,14.9,13.75,16.0,12.4,0,0,187.0,0,-3.333333333333332,22,TSU,AlphaTauri,19.0,0.0,0.0,0.0,False,Lapped
2023,Austrian Grand Prix,9,6.0,13,14.125,16.5,8.0,8,14.5,11.5,8.0,15.8,0,0,183.0,0,-2.666666666666666,27,HUL,Haas F1 Team,20.0,3.0,0.0,3.0,False,Retired
2023,British Grand Prix,10,215.0,1,1.2222222222222223,7.0,348.0,1,2.8,3.5555555555555554,1.0,1.0,22,22,0.0,0,0.33333333333333326,1,VER,Red Bull Racing,1.0,25.0,25.0,0.0,False,Finished
2023,British Grand Prix,10,24.0,10,12.11111111111111,6.5,29.0,6,10.9,10.0,2.0,12.0,0,0,191.0,0,0.33333333333333215,4,NOR,McLaren,2.0,18.0,18.0,0.0,False,Finished
2023,British Grand Prix,10,104.0,4,4.555555555555555,1.6,170.0,2,4.2,5.777777777777778,7.0,4.6,41,8,111.0,0,1.0,44,HAM,Mercedes,3.0,15.0,15.0,0.0,False,Finished
2023,British Grand Prix,10,5.0,14,13.666666666666666,10.0,29.0,6,10.9,12.444444444444445,3.0,13.8,0,0,210.0,0,0.0,81,PIA,McLaren,4.0,12.0,12.0,0.0,False,Finished
2023,British Grand Prix,10,66.0,6,8.333333333333334,14.0,170.0,2,4.2,7.0,6.0,7.6,1,1,149.0,0,-3.999999999999999,63,RUS,Mercedes,5.0,10.0,10.0,0.0,False,Finished
2023,British Grand Prix,10,133.0,2,4.444444444444445,11.25,348.0,1,2.8,9.444444444444445,15.0,6.2,6,5,82.0,0,2.0,11,PER,Red Bull Racing,6.0,8.0,8.0,0.0,False,Finished
2023,British Grand Prix,10,124.0,3,3.5555555555555554,6.666666666666667,162.0,3,7.9,4.222222222222222,9.0,3.8,0,0,91.0,0,-1.666666666666667,14,ALO,Aston Martin,7.0,6.0,6.0,0.0,False,Finished
2023,British Grand Prix,10,7.0,12,13.555555555555555,13.333333333333334,7.0,9,16.4,12.555555555555555,8.0,12.4,0,0,208.0,0,2.0,23,ALB,Williams,8.0,4.0,4.0,0.0,False,Finished
2023,British Grand Prix,10,65.0,7,8.777777777777779,6.2,137.0,4,8.9,7.444444444444445,4.0,6.0,5,3,150.0,0,-0.3333333333333339,16,LEC,Ferrari,9.0,2.0,2.0,0.0,False,Finished
2023,British Grand Prix,10,72.0,5,6.222222222222222,8.6,137.0,4,8.9,4.444444444444445,5.0,5.8,1,1,143.0,0,0.666666666666667,55,SAI,Ferrari,10.0,1.0,1.0,0.0,False,Finished
2023,British Grand Prix,10,0.0,19,16.77777777777778,11.0,7.0,9,16.4,17.77777777777778,14.0,18.2,0,0,215.0,0,0.33333333333333215,2,SAR,Williams,11.0,0.0,0.0,0.0,False,Finished
2023,British Grand Prix,10,5.0,14,13.666666666666666,7.4,9.0,7,12.3,14.11111111111111,20.0,13.6,7,1,210.0,0,-0.6666666666666661,77,BOT,Alfa Romeo,12.0,0.0,0.0,0.0,False,Finished
2023,British Grand Prix,10,6.0,13,14.777777777777779,12.0,8.0,8,17.8,11.11111111111111,11.0,16.4,0,0,209.0,0,-0.3333333333333357,27,HUL,Haas F1 Team,13.0,0.0,0.0,0.0,False,Finished
2023,British Grand Prix,10,38.0,8,10.333333333333334,10.6,162.0,3,7.9,9.666666666666666,12.0,11.2,0,0,177.0,0,5.0,18,STR,Aston Martin,14.0,0.0,0.0,0.0,False,Finished
2023,British Grand Prix,10,4.0,16,13.666666666666666,19.0,9.0,7,12.3,15.444444444444445,17.0,13.2,0,0,211.0,0,3.666666666666666,24,ZHO,Alfa Romeo,15.0,0.0,0.0,0.0,False,Finished
2023,British Grand Prix,10,2.0,17,12.555555555555555,12.0,2.0,10,14.0,14.0,16.0,14.2,0,0,213.0,0,-3.0,22,TSU,AlphaTauri,16.0,0.0,0.0,0.0,False,Finished
2023,British Grand Prix,10,0.0,19,15.777777777777779,10.0,2.0,10,14.0,16.444444444444443,18.0,15.8,0,0,215.0,0,0.3333333333333357,21,DEV,AlphaTauri,17.0,0.0,0.0,0.0,False,Finished
2023,British Grand Prix,10,16.0,11,10.222222222222221,10.2,45.0,5,9.8,11.222222222222221,10.0,9.4,1,0,199.0,0,-1.0,10,GAS,Alpine,18.0,0.0,0.0,0.0,False,Retired
2023,British Grand Prix,10,2.0,17,15.0,14.5,8.0,8,17.8,14.444444444444445,19.0,16.4,0,0,213.0,0,-3.666666666666668,20,MAG,Haas F1 Team,19.0,0.0,0.0,0.0,False,Retired
2023,British Grand Prix,10,29.0,9,10.777777777777779,9.25,45.0,5,9.8,8.88888888888889,13.0,8.4,1,1,186.0,0,-1.0,31,OCO,Alpine,20.0,0.0,0.0,0.0,False,Retired
2023,Hungarian Grand Prix,11,241.0,1,1.2,1.0,382.0,1,3.0,3.3,2.0,1.0,23,23,0.0,0,0.0,1,VER,Red Bull Racing,1.0,25.0,25.0,0.0,False,Finished
2023,Hungarian Grand Prix,11,42.0,8,11.1,11.0,59.0,5,10.1,9.2,3.0,9.0,0,0,199.0,0,8.0,4,NOR,McLaren,2.0,18.0,18.0,0.0,False,Finished
2023,Hungarian Grand Prix,11,141.0,2,4.6,10.8,382.0,1,3.0,10.0,9.0,7.0,6,5,100.0,0,2.333333333333333,11,PER,Red Bull Racing,3.0,15.0,15.0,0.0,False,Finished
2023,Hungarian Grand Prix,11,119.0,4,4.4,1.4,195.0,2,3.5,5.9,1.0,4.0,41,8,122.0,0,-0.666666666666667,44,HAM,Mercedes,4.0,12.0,12.0,0.0,False,Finished
2023,Hungarian Grand Prix,11,17.0,11,12.7,10.0,59.0,5,10.1,11.5,4.0,10.8,0,0,224.0,0,3.666666666666666,81,PIA,McLaren,5.0,10.0,10.0,0.0,False,Finished
2023,Hungarian Grand Prix,11,76.0,5,8.0,11.25,195.0,2,3.5,6.9,18.0,7.8,1,1,165.0,0,-6.333333333333334,63,RUS,Mercedes,6.0,8.0,8.0,0.0,False,Finished
2023,Hungarian Grand Prix,11,67.0,7,8.8,11.8,140.0,4,8.6,7.1,6.0,6.4,5,3,174.0,0,3.0,16,LEC,Ferrari,7.0,6.0,6.0,0.0,False,Finished
2023,Hungarian Grand Prix,11,73.0,6,6.6,6.0,140.0,4,8.6,4.5,11.0,6.8,1,1,168.0,0,-1.0,55,SAI,Ferrari,8.0,4.0,4.0,0.0,False,Finished
2023,Hungarian Grand Prix,11,130.0,3,3.9,6.666666666666667,168.0,3,7.0,4.7,8.0,4.6,0,0,111.0,0,-0.666666666666667,14,ALO,Aston Martin,9.0,2.0,2.0,0.0,False,Finished
2023,Hungarian Grand Prix,11,38.0,9,10.7,13.6,168.0,3,7.0,9.9,14.0,11.6,0,0,203.0,0,2.0,18,STR,Aston Martin,10.0,1.0,1.0,0.0,False,Lapped
2023,Hungarian Grand Prix,11,11.0,13,13.0,10.666666666666666,11.0,7,12.9,12.1,16.0,11.2,0,0,230.0,0,6.0,23,ALB,Williams,11.0,0.0,0.0,0.0,False,Lapped
2023,Hungarian Grand Prix,11,5.0,15,13.5,10.4,9.0,8,16.4,14.7,7.0,13.4,7,1,236.0,0,2.0,77,BOT,Alfa Romeo,12.0,0.0,0.0,0.0,False,Lapped
2023,Hungarian Grand Prix,11,0.0,20,,10.4,0.0,10,16.6,13.0,13.0,,3,1,241.0,0,0.0,3,RIC,AlphaTauri,13.0,0.0,0.0,0.0,False,Lapped
2023,Hungarian Grand Prix,11,6.0,14,14.6,12.0,8.0,9,14.9,11.1,10.0,16.0,0,0,235.0,0,-0.3333333333333339,27,HUL,Haas F1 Team,14.0,0.0,0.0,0.0,False,Lapped
2023,Hungarian Grand Prix,11,2.0,17,12.9,12.5,2.0,10,16.6,14.2,17.0,15.2,0,0,239.0,0,-3.666666666666666,22,TSU,AlphaTauri,15.0,0.0,0.0,0.0,False,Lapped
2023,Hungarian Grand Prix,11,4.0,16,13.8,13.0,9.0,8,16.4,15.6,5.0,13.0,0,0,237.0,0,-1.6666666666666679,24,ZHO,Alfa Romeo,16.0,0.0,0.0,0.0,False,Lapped
2023,Hungarian Grand Prix,11,2.0,17,15.4,11.5,8.0,9,14.9,14.9,19.0,18.2,0,0,239.0,0,-2.333333333333334,20,MAG,Haas F1 Team,17.0,0.0,0.0,0.0,False,Lapped
2023,Hungarian Grand Prix,11,0.0,19,16.2,18.0,11.0,7,12.9,17.4,20.0,16.4,0,0,241.0,0,4.666666666666666,2,SAR,Williams,18.0,0.0,0.0,0.0,False,Retired
2023,Hungarian Grand Prix,11,29.0,10,11.7,9.25,45.0,6,12.0,9.3,12.0,10.6,1,1,212.0,0,-7.333333333333333,31,OCO,Alpine,19.0,0.0,0.0,0.0,False,Retired
2023,Hungarian Grand Prix,11,16.0,12,11.0,9.8,45.0,6,12.0,11.1,15.0,11.4,1,0,225.0,0,-5.0,10,GAS,Alpine,20.0,0.0,0.0,0.0,False,Retired
2023,Belgian Grand Prix,12,267.0,1,1.1818181818181819,1.0,423.0,1,3.7,3.1818181818181817,6.0,1.0,24,24,0.0,0,0.0,1,VER,Red Bull Racing,1.0,33.0,25.0,8.0,False,Finished
2023,Belgian Grand Prix,12,156.0,2,4.454545454545454,8.4,423.0,1,3.7,9.909090909090908,2.0,4.4,6,5,111.0,0,4.666666666666666,11,PER,Red Bull Racing,2.0,18.0,18.0,0.0,False,Finished
2023,Belgian Grand Prix,12,73.0,7,8.636363636363637,9.4,150.0,4,10.4,7.0,1.0,6.6,5,3,194.0,0,1.0,16,LEC,Ferrari,3.0,19.0,15.0,4.0,False,Finished
2023,Belgian Grand Prix,12,131.0,4,4.363636363636363,5.6,215.0,2,5.2,5.454545454545454,3.0,4.0,41,8,136.0,0,-2.0,44,HAM,Mercedes,4.0,14.0,12.0,2.0,False,Finished
2023,Belgian Grand Prix,12,132.0,3,4.363636363636363,11.666666666666666,171.0,3,7.2,5.0,9.0,6.0,0,0,135.0,0,-3.3333333333333335,14,ALO,Aston Martin,5.0,10.0,10.0,0.0,False,Finished
2023,Belgian Grand Prix,12,84.0,5,7.818181818181818,10.0,215.0,2,5.2,7.909090909090909,8.0,8.0,1,1,183.0,0,3.0,63,RUS,Mercedes,6.0,9.0,8.0,1.0,False,Finished
2023,Belgian Grand Prix,12,60.0,8,10.272727272727273,11.0,87.0,5,9.4,8.636363636363637,7.0,7.6,0,0,207.0,0,10.333333333333334,4,NOR,McLaren,7.0,9.0,6.0,3.0,False,Finished
2023,Belgian Grand Prix,12,29.0,10,12.363636363636363,6.25,45.0,6,10.7,9.545454545454545,14.0,13.8,1,1,238.0,0,-11.333333333333336,31,OCO,Alpine,8.0,4.0,4.0,0.0,False,Finished
2023,Belgian Grand Prix,12,39.0,9,10.636363636363637,12.6,171.0,3,7.2,10.272727272727273,10.0,9.6,0,0,228.0,0,0.6666666666666661,18,STR,Aston Martin,9.0,2.0,2.0,0.0,False,Finished
2023,Belgian Grand Prix,12,2.0,17,13.090909090909092,14.0,2.0,10,15.2,14.454545454545455,11.0,15.2,0,0,265.0,0,-3.0000000000000018,22,TSU,AlphaTauri,10.0,1.0,1.0,0.0,False,Finished
2023,Belgian Grand Prix,12,16.0,12,11.818181818181818,8.2,45.0,6,10.7,11.454545454545455,12.0,14.0,1,0,251.0,0,-6.333333333333334,10,GAS,Alpine,11.0,6.0,0.0,6.0,False,Finished
2023,Belgian Grand Prix,12,5.0,15,13.363636363636363,8.0,9.0,8,14.7,14.0,13.0,13.6,7,1,262.0,0,0.3333333333333339,77,BOT,Alfa Romeo,12.0,0.0,0.0,0.0,False,Finished
2023,Belgian Grand Prix,12,4.0,16,14.0,14.0,9.0,8,14.7,14.636363636363637,17.0,13.6,0,0,263.0,0,-1.6666666666666679,24,ZHO,Alfa Romeo,13.0,0.0,0.0,0.0,False,Finished
2023,Belgian Grand Prix,12,11.0,13,12.818181818181818,7.0,11.0,7,13.8,12.454545454545455,15.0,10.6,0,0,256.0,0,2.333333333333334,23,ALB,Williams,14.0,0.0,0.0,0.0,False,Finished
2023,Belgian Grand Prix,12,2.0,17,15.545454545454545,13.25,8.0,9,14.7,15.272727272727273,16.0,17.8,0,0,265.0,0,0.0,20,MAG,Haas F1 Team,15.0,0.0,0.0,0.0,False,Finished
2023,Belgian Grand Prix,12,0.0,19,13.0,10.6,2.0,10,15.2,13.0,19.0,13.0,3,1,267.0,0,0.0,3,RIC,AlphaTauri,16.0,0.0,0.0,0.0,False,Finished
2023,Belgian Grand Prix,12,0.0,19,16.363636363636363,15.0,11.0,7,13.8,17.636363636363637,18.0,16.4,0,0,267.0,0,5.333333333333332,2,SAR,Williams,17.0,0.0,0.0,0.0,False,Finished
2023,Belgian Grand Prix,12,6.0,14,14.545454545454545,14.0,8.0,9,14.7,11.0,20.0,15.4,0,0,261.0,0,0.0,27,HUL,Haas F1 Team,18.0,0.0,0.0,0.0,False,Finished
2023,Belgian Grand Prix,12,77.0,6,6.7272727272727275,12.6,150.0,4,10.4,5.090909090909091,4.0,6.8,1,1,190.0,0,-2.0,55,SAI,Ferrari,19.0,5.0,0.0,5.0,False,Retired
2023,Belgian Grand Prix,12,27.0,11,12.0,10.0,87.0,5,9.4,10.818181818181818,5.0,9.8,0,0,240.0,0,3.0,81,PIA,McLaren,20.0,7.0,0.0,7.0,False,Retired
2023,Dutch Grand Prix,13,292.0,1,1.1666666666666667,1.0,466.0,1,2.75,3.4166666666666665,1.0,1.0,25,25,0.0,0,0.0,1,VER,Red Bull Racing,1.0,25.0,25.0,0.0,False,Finished
2023,Dutch Grand Prix,13,142.0,4,4.416666666666667,6.0,183.0,3,5.75,5.333333333333333,5.0,5.6,0,0,150.0,0,-2.333333333333333,14,ALO,Aston Martin,2.0,18.0,18.0,0.0,False,Finished
2023,Dutch Grand Prix,13,16.0,12,11.75,7.5,49.0,6,11.25,11.5,12.0,14.2,1,0,276.0,0,-5.666666666666666,10,GAS,Alpine,3.0,15.0,15.0,0.0,False,Finished
2023,Dutch Grand Prix,13,174.0,2,4.25,6.5,466.0,1,2.75,9.25,7.0,4.0,6,5,118.0,0,0.6666666666666665,11,PER,Red Bull Racing,4.0,12.0,12.0,0.0,False,Finished
2023,Dutch Grand Prix,13,77.0,7,7.75,7.5,165.0,4,9.5,5.0,6.0,9.6,1,1,215.0,0,-7.000000000000001,55,SAI,Ferrari,5.0,10.0,10.0,0.0,False,Finished
2023,Dutch Grand Prix,13,144.0,3,4.333333333333333,3.0,236.0,2,3.75,5.25,13.0,4.4,41,8,148.0,0,0.6666666666666665,44,HAM,Mercedes,6.0,8.0,8.0,0.0,False,Finished
2023,Dutch Grand Prix,13,66.0,8,10.0,8.5,93.0,5,9.75,8.5,2.0,5.6,0,0,226.0,0,7.666666666666668,4,NOR,McLaren,7.0,6.0,6.0,0.0,False,Finished
2023,Dutch Grand Prix,13,11.0,13,12.916666666666666,12.0,11.0,7,15.0,12.666666666666666,4.0,10.2,0,0,281.0,0,0.3333333333333339,23,ALB,Williams,8.0,4.0,4.0,0.0,False,Finished
2023,Dutch Grand Prix,13,27.0,11,12.666666666666666,10.0,93.0,5,9.75,10.333333333333334,8.0,11.2,0,0,265.0,0,3.666666666666668,81,PIA,McLaren,9.0,2.0,2.0,0.0,False,Finished
2023,Dutch Grand Prix,13,33.0,10,12.0,9.0,49.0,6,11.25,9.916666666666666,16.0,13.8,1,1,259.0,0,-5.666666666666666,31,OCO,Alpine,10.0,1.0,1.0,0.0,False,Finished
2023,Dutch Grand Prix,13,41.0,9,10.5,11.0,183.0,3,5.75,10.25,11.0,10.2,0,0,251.0,0,-3.0,18,STR,Aston Martin,11.0,0.0,0.0,0.0,False,Finished
2023,Dutch Grand Prix,13,6.0,14,14.833333333333334,10.0,8.0,9,16.5,11.75,14.0,16.0,0,0,286.0,0,1.6666666666666679,27,HUL,Haas F1 Team,12.0,0.0,0.0,0.0,False,Finished
2023,Dutch Grand Prix,13,0.0,20,,10.0,0.0,10,15.75,19.0,19.0,,0,0,292.0,0,0.0,40,LAW,AlphaTauri,13.0,0.0,0.0,0.0,False,Finished
2023,Dutch Grand Prix,13,5.0,15,13.25,11.0,9.0,8,15.0,13.916666666666666,18.0,12.2,7,1,287.0,0,2.666666666666666,77,BOT,Alfa Romeo,14.0,0.0,0.0,0.0,False,Finished
2023,Dutch Grand Prix,13,3.0,17,12.833333333333334,19.5,3.0,10,15.75,14.166666666666666,17.0,14.8,0,0,289.0,0,1.333333333333334,22,TSU,AlphaTauri,15.0,0.0,0.0,0.0,False,Finished
2023,Dutch Grand Prix,13,2.0,18,15.5,15.0,8.0,9,16.5,15.333333333333334,0.0,17.2,0,0,290.0,0,0.6666666666666679,20,MAG,Haas F1 Team,16.0,0.0,0.0,0.0,False,Finished
2023,Dutch Grand Prix,13,92.0,5,7.666666666666667,9.5,236.0,2,3.75,7.916666666666667,3.0,8.6,1,1,200.0,0,3.999999999999999,63,RUS,Mercedes,17.0,0.0,0.0,0.0,False,Finished
2023,Dutch Grand Prix,13,4.0,16,13.916666666666666,16.0,9.0,8,15.0,14.833333333333334,15.0,14.4,0,0,288.0,0,-2.333333333333332,24,ZHO,Alfa Romeo,18.0,0.0,0.0,0.0,False,Accident
2023,Dutch Grand Prix,13,88.0,6,8.166666666666666,4.0,165.0,4,9.5,6.5,9.0,5.0,5,3,204.0,0,-0.6666666666666661,16,LEC,Ferrari,19.0,0.0,0.0,0.0,False,Undertray
2023,Dutch Grand Prix,13,0.0,19,16.416666666666668,10.0,11.0,7,15.0,17.666666666666668,10.0,15.8,0,0,292.0,0,2.333333333333334,2,SAR,Williams,20.0,0.0,0.0,0.0,False,Accident
2023,Italian Grand Prix,14,317.0,1,1.1538461538461537,1.0,503.0,1,2.5,3.230769230769231,2.0,1.0,26,26,0.0,0,0.0,1,VER,Red Bull Racing,1.0,25.0,25.0,0.0,False,Finished
2023,Italian Grand Prix,14,186.0,2,4.230769230769231,7.0,503.0,1,2.5,9.076923076923077,5.0,3.6,6,5,131.0,0,2.0,11,PER,Red Bull Racing,2.0,18.0,18.0,0.0,False,Finished
2023,Italian Grand Prix,14,87.0,7,7.538461538461538,8.0,175.0,4,9.6,5.076923076923077,1.0,9.6,1,1,230.0,0,-3.666666666666666,55,SAI,Ferrari,3.0,15.0,15.0,0.0,False,Finished
2023,Italian Grand Prix,14,88.0,6,9.0,7.2,175.0,4,9.6,6.6923076923076925,3.0,8.0,5,3,229.0,0,-4.666666666666666,16,LEC,Ferrari,4.0,12.0,12.0,0.0,False,Finished
2023,Italian Grand Prix,14,92.0,5,8.384615384615385,10.0,244.0,2,4.6,7.538461538461538,4.0,8.2,1,1,225.0,0,0.6666666666666679,63,RUS,Mercedes,5.0,10.0,10.0,0.0,False,Finished
2023,Italian Grand Prix,14,152.0,4,4.461538461538462,6.6,244.0,2,4.6,5.846153846153846,8.0,5.0,41,8,165.0,0,0.0,44,HAM,Mercedes,6.0,8.0,8.0,0.0,False,Finished
2023,Italian Grand Prix,14,15.0,13,12.538461538461538,10.5,15.0,7,14.7,12.0,6.0,10.4,0,0,302.0,0,-2.333333333333334,23,ALB,Williams,7.0,6.0,6.0,0.0,False,Finished
2023,Italian Grand Prix,14,72.0,8,9.76923076923077,5.75,101.0,5,9.5,8.0,9.0,4.4,0,0,245.0,0,1.0,4,NOR,McLaren,8.0,4.0,4.0,0.0,False,Finished
2023,Italian Grand Prix,14,161.0,3,4.230769230769231,15.0,202.0,3,6.2,5.3076923076923075,10.0,5.6,0,0,156.0,0,-0.6666666666666661,14,ALO,Aston Martin,9.0,2.0,2.0,0.0,False,Finished
2023,Italian Grand Prix,14,5.0,15,13.307692307692308,5.2,9.0,8,15.0,14.23076923076923,14.0,13.0,7,1,312.0,0,-0.33333333333333215,77,BOT,Alfa Romeo,10.0,1.0,1.0,0.0,False,Finished
2023,Italian Grand Prix,14,0.0,19,13.0,10.0,3.0,10,15.8,19.0,12.0,13.0,0,0,317.0,0,0.0,40,LAW,AlphaTauri,11.0,0.0,0.0,0.0,False,Finished
2023,Italian Grand Prix,14,29.0,12,12.384615384615385,10.0,101.0,5,9.5,10.153846153846153,7.0,10.8,0,0,288.0,0,-1.0,81,PIA,McLaren,12.0,0.0,0.0,0.0,False,Finished
2023,Italian Grand Prix,14,0.0,19,16.692307692307693,12.0,15.0,7,14.7,17.076923076923077,15.0,15.8,0,0,317.0,0,-3.666666666666666,2,SAR,Williams,13.0,0.0,0.0,0.0,False,Finished
2023,Italian Grand Prix,14,4.0,16,14.23076923076923,10.0,9.0,8,15.0,14.846153846153847,16.0,14.8,0,0,313.0,0,-1.3333333333333321,24,ZHO,Alfa Romeo,14.0,0.0,0.0,0.0,False,Finished
2023,Italian Grand Prix,14,31.0,11,11.076923076923077,10.6,65.0,6,11.4,11.538461538461538,17.0,12.4,1,0,286.0,0,2.0,10,GAS,Alpine,15.0,0.0,0.0,0.0,False,Finished
2023,Italian Grand Prix,14,41.0,9,10.538461538461538,9.8,202.0,3,6.2,10.307692307692308,20.0,10.6,0,0,276.0,0,0.6666666666666661,18,STR,Aston Martin,16.0,0.0,0.0,0.0,False,Finished
2023,Italian Grand Prix,14,6.0,14,14.615384615384615,9.0,8.0,9,15.7,11.923076923076923,13.0,15.4,0,0,311.0,0,1.333333333333334,27,HUL,Haas F1 Team,17.0,0.0,0.0,0.0,False,Lapped
2023,Italian Grand Prix,14,2.0,18,15.538461538461538,17.25,8.0,9,15.7,14.153846153846153,19.0,17.0,0,0,315.0,0,2.0,20,MAG,Haas F1 Team,18.0,0.0,0.0,0.0,False,Lapped
2023,Italian Grand Prix,14,34.0,10,11.846153846153847,8.75,65.0,6,11.4,10.384615384615385,18.0,14.2,1,1,283.0,0,1.666666666666666,31,OCO,Alpine,19.0,0.0,0.0,0.0,False,Retired
2023,Italian Grand Prix,14,3.0,17,13.0,17.0,3.0,10,15.8,14.384615384615385,11.0,15.0,0,0,314.0,0,2.9999999999999982,22,TSU,AlphaTauri,20.0,0.0,0.0,0.0,False,Did not start
2023,Singapore Grand Prix,15,102.0,5,7.214285714285714,7.666666666666667,202.0,4,8.666666666666666,4.785714285714286,1.0,9.0,1,1,240.0,1,-1.0,55,SAI,Ferrari,1.0,25.0,25.0,0.0,False,Finished
2023,Singapore Grand Prix,15,76.0,8,9.642857142857142,5.5,105.0,5,10.666666666666666,8.071428571428571,4.0,5.2,0,0,266.0,1,-4.666666666666666,4,NOR,McLaren,2.0,18.0,18.0,0.0,False,Finished
2023,Singapore Grand Prix,15,160.0,4,4.571428571428571,4.666666666666667,262.0,2,4.166666666666667,6.0,5.0,4.6,41,8,182.0,1,-0.33333333333333304,44,HAM,Mercedes,3.0,15.0,15.0,0.0,False,Finished
2023,Singapore Grand Prix,15,100.0,7,8.642857142857142,4.333333333333333,202.0,4,8.666666666666666,6.428571428571429,3.0,8.4,5,3,242.0,1,-2.666666666666666,16,LEC,Ferrari,4.0,12.0,12.0,0.0,False,Finished
2023,Singapore Grand Prix,15,342.0,1,1.1428571428571428,7.0,546.0,1,2.1666666666666665,3.142857142857143,11.0,1.0,27,27,0.0,1,0.0,1,VER,Red Bull Racing,5.0,10.0,10.0,0.0,False,Finished
2023,Singapore Grand Prix,15,31.0,11,11.357142857142858,10.333333333333334,65.0,6,11.333333333333334,11.928571428571429,12.0,13.4,1,0,311.0,1,6.333333333333334,10,GAS,Alpine,6.0,8.0,8.0,0.0,False,Finished
2023,Singapore Grand Prix,15,29.0,12,12.357142857142858,10.0,105.0,5,10.666666666666666,9.928571428571429,17.0,10.0,0,0,313.0,1,-5.333333333333332,81,PIA,McLaren,7.0,6.0,6.0,0.0,False,Finished
2023,Singapore Grand Prix,15,204.0,2,4.071428571428571,12.0,546.0,1,2.1666666666666665,8.785714285714286,13.0,3.4,6,5,138.0,1,1.3333333333333335,11,PER,Red Bull Racing,8.0,4.0,4.0,0.0,False,Finished
2023,Singapore Grand Prix,15,0.0,19,12.0,10.0,3.0,10,17.5,15.5,10.0,12.0,0,0,342.0,1,0.0,40,LAW,AlphaTauri,9.0,2.0,2.0,0.0,False,Finished
2023,Singapore Grand Prix,15,2.0,18,15.714285714285714,15.666666666666666,8.0,9,14.5,14.5,6.0,17.0,0,0,340.0,1,1.6666666666666679,20,MAG,Haas F1 Team,10.0,1.0,1.0,0.0,False,Finished
2023,Singapore Grand Prix,15,21.0,13,12.142857142857142,11.5,21.0,7,15.333333333333334,11.571428571428571,14.0,9.6,0,0,321.0,1,0.3333333333333339,23,ALB,Williams,11.0,0.0,0.0,0.0,False,Finished
2023,Singapore Grand Prix,15,4.0,16,14.214285714285714,20.0,10.0,8,16.333333333333332,14.928571428571429,19.0,15.2,0,0,338.0,1,-0.6666666666666661,24,ZHO,Alfa Romeo,12.0,0.0,0.0,0.0,False,Finished
2023,Singapore Grand Prix,15,6.0,14,14.785714285714286,9.5,8.0,9,14.5,12.0,9.0,14.8,0,0,336.0,1,0.0,27,HUL,Haas F1 Team,13.0,0.0,0.0,0.0,False,Finished
2023,Singapore Grand Prix,15,0.0,19,16.428571428571427,12.0,21.0,7,15.333333333333334,16.928571428571427,18.0,15.8,0,0,342.0,1,-2.666666666666668,2,SAR,Williams,14.0,0.0,0.0,0.0,False,Finished
2023,Singapore Grand Prix,15,163.0,3,4.571428571428571,12.5,204.0,3,4.333333333333333,5.642857142857143,7.0,6.4,0,0,179.0,1,1.666666666666667,14,ALO,Aston Martin,15.0,0.0,0.0,0.0,False,Finished
2023,Singapore Grand Prix,15,102.0,5,8.142857142857142,17.0,262.0,2,4.166666666666667,7.285714285714286,2.0,7.8,1,1,240.0,1,-3.333333333333334,63,RUS,Mercedes,16.0,0.0,0.0,0.0,False,Retired
2023,Singapore Grand Prix,15,6.0,14,13.071428571428571,6.666666666666667,10.0,8,16.333333333333332,14.214285714285714,16.0,12.0,7,1,336.0,1,1.0,77,BOT,Alfa Romeo,17.0,0.0,0.0,0.0,False,Retired
2023,Singapore Grand Prix,15,34.0,10,12.357142857142858,18.0,65.0,6,11.333333333333334,10.928571428571429,8.0,15.2,1,1,308.0,1,5.333333333333334,31,OCO,Alpine,18.0,0.0,0.0,0.0,False,Retired
2023,Singapore Grand Prix,15,3.0,17,13.5,15.0,3.0,10,17.5,14.142857142857142,15.0,15.2,0,0,339.0,1,1.6666666666666679,22,TSU,AlphaTauri,19.0,0.0,0.0,0.0,False,Retired
2023,Singapore Grand Prix,15,41.0,9,10.928571428571429,11.0,204.0,3,4.333333333333333,11.0,,12.0,0,0,301.0,1,-1.0,18,STR,Aston Martin,,0.0,0.0,0.0,False,Withdrew
2023,Japanese Grand Prix,16,352.0,1,1.4,1.0,560.0,1,1.6666666666666667,3.6666666666666665,1.0,1.8,27,27,0.0,0,-1.3333333333333335,1,VER,Red Bull Racing,1.0,25.0,25.0,0.0,False,Finished
2023,Japanese Grand Prix,16,94.0,8,9.133333333333333,10.5,129.0,5,10.5,7.8,3.0,5.2,0,0,258.0,0,-2.0000000000000004,4,NOR,McLaren,2.0,18.0,18.0,0.0,False,Finished
2023,Japanese Grand Prix,16,35.0,11,12.0,10.0,129.0,5,10.5,10.4,2.0,10.6,0,0,317.0,0,0.33333333333333215,81,PIA,McLaren,3.0,15.0,15.0,0.0,False,Finished
2023,Japanese Grand Prix,16,112.0,6,8.333333333333334,9.0,239.0,3,9.166666666666666,6.2,4.0,7.4,5,3,240.0,0,-2.666666666666667,16,LEC,Ferrari,4.0,12.0,12.0,0.0,False,Finished
2023,Japanese Grand Prix,16,176.0,3,4.466666666666667,3.0,278.0,2,4.333333333333333,5.933333333333334,7.0,4.6,41,8,176.0,0,-1.3333333333333335,44,HAM,Mercedes,5.0,10.0,10.0,0.0,False,Finished
2023,Japanese Grand Prix,16,127.0,5,6.8,11.333333333333334,239.0,3,9.166666666666666,4.533333333333333,6.0,7.2,2,2,225.0,0,9.333333333333334,55,SAI,Ferrari,6.0,8.0,8.0,0.0,False,Finished
2023,Japanese Grand Prix,16,102.0,7,8.666666666666666,12.0,278.0,2,4.333333333333333,6.933333333333334,8.0,10.0,1,1,250.0,0,-6.999999999999999,63,RUS,Mercedes,7.0,6.0,6.0,0.0,False,Finished
2023,Japanese Grand Prix,16,163.0,4,5.266666666666667,10.5,204.0,4,7.5,5.733333333333333,10.0,8.0,0,0,189.0,0,-1.666666666666666,14,ALO,Aston Martin,8.0,4.0,4.0,0.0,False,Finished
2023,Japanese Grand Prix,16,34.0,12,12.733333333333333,6.5,73.0,6,12.5,10.733333333333333,14.0,14.8,1,1,318.0,0,0.0,31,OCO,Alpine,9.0,2.0,2.0,0.0,False,Finished
2023,Japanese Grand Prix,16,39.0,10,11.0,12.0,73.0,6,12.5,11.933333333333334,12.0,11.0,1,0,313.0,0,8.333333333333332,10,GAS,Alpine,10.0,1.0,1.0,0.0,False,Finished
2023,Japanese Grand Prix,16,2.0,19,11.0,10.0,5.0,10,16.166666666666668,13.666666666666666,11.0,11.0,0,0,350.0,0,0.0,40,LAW,AlphaTauri,11.0,0.0,0.0,0.0,False,Lapped
2023,Japanese Grand Prix,16,3.0,17,13.866666666666667,13.0,5.0,10,16.166666666666668,14.2,9.0,15.8,0,0,349.0,0,-4.333333333333334,22,TSU,AlphaTauri,12.0,0.0,0.0,0.0,False,Lapped
2023,Japanese Grand Prix,16,4.0,16,14.066666666666666,16.0,10.0,8,14.833333333333334,15.2,19.0,14.6,0,0,348.0,0,0.0,24,ZHO,Alfa Romeo,13.0,0.0,0.0,0.0,False,Lapped
2023,Japanese Grand Prix,16,6.0,14,14.666666666666666,19.5,9.0,9,15.666666666666666,11.8,18.0,14.8,0,0,346.0,0,1.0,27,HUL,Haas F1 Team,14.0,0.0,0.0,0.0,False,Lapped
2023,Japanese Grand Prix,16,3.0,17,15.333333333333334,16.333333333333332,9.0,9,15.666666666666666,13.933333333333334,15.0,15.2,0,0,349.0,0,2.333333333333334,20,MAG,Haas F1 Team,15.0,0.0,0.0,0.0,False,Lapped
2023,Japanese Grand Prix,16,21.0,13,12.066666666666666,12.0,21.0,7,12.666666666666666,11.733333333333333,13.0,10.2,0,0,331.0,0,2.333333333333334,23,ALB,Williams,16.0,0.0,0.0,0.0,False,Retired
2023,Japanese Grand Prix,16,0.0,20,16.266666666666666,15.0,21.0,7,12.666666666666666,17.0,20.0,16.4,0,0,352.0,0,-0.33333333333333215,2,SAR,Williams,17.0,0.0,0.0,0.0,False,Retired
2023,Japanese Grand Prix,16,41.0,9,10.928571428571429,12.666666666666666,204.0,4,7.5,11.0,17.0,11.5,0,0,311.0,0,-2.5,18,STR,Aston Martin,18.0,0.0,0.0,0.0,False,Retired
2023,Japanese Grand Prix,16,208.0,2,4.333333333333333,5.666666666666667,560.0,1,1.6666666666666667,9.066666666666666,5.0,3.8,6,5,144.0,0,-1.0000000000000004,11,PER,Red Bull Racing,19.0,0.0,0.0,0.0,False,Retired
2023,Japanese Grand Prix,16,6.0,14,13.333333333333334,6.0,10.0,8,14.833333333333334,14.333333333333334,16.0,13.0,7,1,346.0,0,-1.666666666666666,77,BOT,Alfa Romeo,20.0,0.0,0.0,0.0,False,Retired
2023,Qatar Grand Prix,17,378.0,1,1.375,10.0,586.0,1,3.0,3.5,1.0,1.8,28,28,0.0,0,-1.3333333333333335,1,VER,Red Bull Racing,1.0,32.0,25.0,7.0,False,Finished
2023,Qatar Grand Prix,17,50.0,9,11.4375,10.0,162.0,5,8.0,9.875,6.0,10.2,0,0,328.0,0,4.000000000000001,81,PIA,McLaren,2.0,26.0,18.0,8.0,False,Finished
2023,Qatar Grand Prix,17,112.0,7,8.6875,9.0,162.0,5,8.0,7.5,10.0,5.2,0,0,266.0,0,1.333333333333333,4,NOR,McLaren,3.0,21.0,15.0,6.0,False,Finished
2023,Qatar Grand Prix,17,108.0,8,8.5625,17.0,294.0,2,4.0,7.0,2.0,10.2,1,1,270.0,0,0.33333333333333215,63,RUS,Mercedes,4.0,17.0,12.0,5.0,False,Finished
2023,Qatar Grand Prix,17,124.0,6,8.0625,8.0,259.0,3,10.5,6.0625,5.0,6.8,5,3,254.0,0,5.666666666666666,16,LEC,Ferrari,5.0,10.0,10.0,0.0,False,Finished
2023,Qatar Grand Prix,17,167.0,4,5.4375,3.0,208.0,4,7.5,6.0,4.0,7.8,0,0,211.0,0,-5.333333333333333,14,ALO,Aston Martin,6.0,9.0,8.0,1.0,False,Finished
2023,Qatar Grand Prix,17,36.0,12,12.5,5.0,76.0,6,10.5,10.9375,8.0,12.8,1,1,342.0,0,-3.0,31,OCO,Alpine,7.0,6.0,6.0,0.0,False,Finished
2023,Qatar Grand Prix,17,6.0,14,13.75,20.0,10.0,8,14.5,14.4375,9.0,14.6,7,1,372.0,0,-3.0,77,BOT,Alfa Romeo,8.0,4.0,4.0,0.0,False,Finished
2023,Qatar Grand Prix,17,4.0,16,14.0,10.0,10.0,8,14.5,15.4375,19.0,14.0,0,0,374.0,0,2.666666666666666,24,ZHO,Alfa Romeo,9.0,2.0,2.0,0.0,False,Finished
2023,Qatar Grand Prix,17,208.0,2,5.25,4.0,586.0,1,3.0,8.8125,20.0,7.0,6,5,170.0,0,-6.666666666666666,11,PER,Red Bull Racing,10.0,1.0,1.0,0.0,False,Finished
2023,Qatar Grand Prix,17,41.0,10,11.4,6.0,208.0,4,7.5,11.4,16.0,13.5,0,0,337.0,0,-7.0,18,STR,Aston Martin,11.0,0.0,0.0,0.0,False,Finished
2023,Qatar Grand Prix,17,40.0,11,10.9375,11.0,76.0,6,10.5,11.9375,7.0,9.0,1,0,338.0,0,1.0,10,GAS,Alpine,12.0,0.0,0.0,0.0,False,Finished
2023,Qatar Grand Prix,17,21.0,13,12.3125,10.0,21.0,7,12.0,11.8125,13.0,11.2,0,0,357.0,0,-0.3333333333333339,23,ALB,Williams,13.0,2.0,0.0,2.0,False,Finished
2023,Qatar Grand Prix,17,3.0,17,15.3125,10.0,9.0,9,17.0,14.0,18.0,14.8,0,0,375.0,0,1.666666666666666,20,MAG,Haas F1 Team,14.0,0.0,0.0,0.0,False,Lapped
2023,Qatar Grand Prix,17,3.0,17,13.75,13.0,5.0,10,18.0,13.875,11.0,15.2,0,0,375.0,0,-3.666666666666666,22,TSU,AlphaTauri,15.0,0.0,0.0,0.0,False,Lapped
2023,Qatar Grand Prix,17,6.0,14,14.625,10.0,9.0,9,17.0,12.1875,14.0,14.8,0,0,372.0,0,0.0,27,HUL,Haas F1 Team,16.0,0.0,0.0,0.0,False,Lapped
2023,Qatar Grand Prix,17,2.0,19,11.0,10.0,5.0,10,18.0,13.0,17.0,11.0,0,0,376.0,0,0.0,40,LAW,AlphaTauri,17.0,0.0,0.0,0.0,False,Lapped
2023,Qatar Grand Prix,17,0.0,20,16.3125,10.0,21.0,7,12.0,17.1875,15.0,16.2,0,0,378.0,0,3.666666666666666,2,SAR,Williams,18.0,0.0,0.0,0.0,False,Retired
2023,Qatar Grand Prix,17,186.0,3,4.5,1.0,294.0,2,4.0,6.0,3.0,4.8,41,8,192.0,0,0.0,44,HAM,Mercedes,19.0,4.0,0.0,4.0,False,Retired
2023,Qatar Grand Prix,17,135.0,5,6.75,7.0,259.0,3,10.5,4.625,12.0,6.8,2,2,243.0,0,7.333333333333332,55,SAI,Ferrari,20.0,3.0,0.0,3.0,False,Did not start
2023,United States Grand Prix,18,404.0,1,1.3529411764705883,1.0,613.0,1,2.125,3.3529411764705883,6.0,1.8,29,29,0.0,0,-1.3333333333333335,1,VER,Red Bull Racing,1.0,33.0,25.0,8.0,False,Finished
2023,United States Grand Prix,18,127.0,7,8.352941176470589,7.0,195.0,5,11.125,7.647058823529412,2.0,4.4,0,0,277.0,0,5.0,4,NOR,McLaren,2.0,23.0,18.0,5.0,False,Finished
2023,United States Grand Prix,18,135.0,5,7.529411764705882,10.5,269.0,3,9.5,5.0588235294117645,4.0,7.0,2,2,269.0,0,0.0,55,SAI,Ferrari,3.0,18.0,15.0,3.0,False,Finished
2023,United States Grand Prix,18,209.0,2,5.529411764705882,6.25,613.0,1,2.125,9.470588235294118,9.0,8.6,6,5,195.0,0,-9.666666666666668,11,PER,Red Bull Racing,4.0,16.0,12.0,4.0,False,Finished
2023,United States Grand Prix,18,120.0,8,8.294117647058824,12.0,306.0,2,3.875,6.705882352941177,5.0,9.8,1,1,284.0,0,0.3333333333333339,63,RUS,Mercedes,5.0,11.0,10.0,1.0,False,Finished
2023,United States Grand Prix,18,40.0,12,11.0,15.5,82.0,6,11.5,11.647058823529411,7.0,9.2,1,0,364.0,0,0.33333333333333215,10,GAS,Alpine,6.0,10.0,8.0,2.0,False,Finished
2023,United States Grand Prix,18,41.0,11,11.375,14.25,216.0,4,7.875,11.6875,20.0,14.0,0,0,363.0,0,-2.5,18,STR,Aston Martin,7.0,6.0,6.0,0.0,False,Finished
2023,United States Grand Prix,18,3.0,17,13.823529411764707,9.5,5.0,10,15.25,13.705882352941176,11.0,16.2,0,0,401.0,0,-0.3333333333333339,22,TSU,AlphaTauri,8.0,4.0,4.0,0.0,False,Finished
2023,United States Grand Prix,18,21.0,13,12.352941176470589,9.0,21.0,7,12.25,11.882352941176471,15.0,11.0,0,0,383.0,0,-3.666666666666668,23,ALB,Williams,9.0,2.0,2.0,0.0,False,Finished
2023,United States Grand Prix,18,0.0,20,16.41176470588235,11.0,21.0,7,12.25,17.058823529411764,16.0,16.4,0,0,404.0,0,0.3333333333333357,2,SAR,Williams,10.0,1.0,1.0,0.0,False,Finished
2023,United States Grand Prix,18,6.0,15,14.705882352941176,7.5,9.0,9,15.125,12.294117647058824,18.0,14.4,0,0,398.0,0,1.3333333333333321,27,HUL,Haas F1 Team,11.0,0.0,0.0,0.0,False,Finished
2023,United States Grand Prix,18,10.0,14,13.411764705882353,7.75,16.0,8,16.375,14.117647058823529,13.0,13.8,7,1,394.0,0,-3.0,77,BOT,Alfa Romeo,12.0,0.0,0.0,0.0,False,Finished
2023,United States Grand Prix,18,6.0,15,13.705882352941176,12.0,16.0,8,16.375,15.647058823529411,12.0,13.2,0,0,398.0,0,3.666666666666666,24,ZHO,Alfa Romeo,13.0,0.0,0.0,0.0,False,Lapped
2023,United States Grand Prix,18,3.0,17,15.235294117647058,15.666666666666666,9.0,9,15.125,14.235294117647058,17.0,14.6,0,0,401.0,0,3.333333333333332,20,MAG,Haas F1 Team,14.0,0.0,0.0,0.0,False,Lapped
2023,United States Grand Prix,18,0.0,20,14.5,10.75,5.0,10,15.25,16.0,14.0,14.5,3,1,404.0,0,0.0,3,RIC,AlphaTauri,15.0,0.0,0.0,0.0,False,Lapped
2023,United States Grand Prix,18,175.0,4,5.470588235294118,14.333333333333334,216.0,4,7.875,5.882352941176471,19.0,8.0,0,0,229.0,0,-4.333333333333333,14,ALO,Aston Martin,16.0,0.0,0.0,0.0,False,Retired
2023,United States Grand Prix,18,68.0,9,10.882352941176471,10.0,195.0,5,11.125,9.647058823529411,10.0,6.6,0,0,336.0,0,9.666666666666666,81,PIA,McLaren,17.0,0.0,0.0,0.0,False,Retired
2023,United States Grand Prix,18,42.0,10,12.176470588235293,16.333333333333332,82.0,6,11.5,10.764705882352942,8.0,12.6,1,1,362.0,0,1.0,31,OCO,Alpine,18.0,0.0,0.0,0.0,False,Retired
2023,United States Grand Prix,18,186.0,3,5.352941176470588,2.25,306.0,2,3.875,5.823529411764706,3.0,7.8,41,8,218.0,0,-3.666666666666667,44,HAM,Mercedes,19.0,7.0,0.0,7.0,True,Disqualified
2023,United States Grand Prix,18,134.0,6,7.882352941176471,6.5,269.0,3,9.5,6.0,1.0,7.2,5,3,270.0,0,4.333333333333333,16,LEC,Ferrari,20.0,6.0,0.0,6.0,True,Disqualified
2023,Mexico City Grand Prix,19,429.0,1,1.3333333333333333,1.0,650.0,1,2.0,3.5,3.0,1.8,30,30,0.0,0,1.3333333333333335,1,VER,Red Bull Racing,1.0,25.0,25.0,0.0,False,Finished
2023,Mexico City Grand Prix,19,186.0,3,6.111111111111111,2.0,316.0,2,4.25,5.666666666666667,6.0,10.4,41,8,243.0,0,-9.333333333333334,44,HAM,Mercedes,2.0,18.0,18.0,0.0,False,Finished
2023,Mexico City Grand Prix,19,134.0,7,8.555555555555555,5.5,284.0,3,7.0,5.722222222222222,1.0,7.4,5,3,295.0,0,-0.6666666666666661,16,LEC,Ferrari,3.0,15.0,15.0,0.0,False,Finished
2023,Mexico City Grand Prix,19,150.0,5,7.277777777777778,5.5,284.0,3,7.0,5.0,2.0,6.6,2,2,279.0,0,-6.666666666666666,55,SAI,Ferrari,4.0,12.0,12.0,0.0,False,Finished
2023,Mexico City Grand Prix,19,145.0,6,8.0,9.5,213.0,5,12.0,7.333333333333333,17.0,3.4,0,0,284.0,0,3.3333333333333335,4,NOR,McLaren,5.0,10.0,10.0,0.0,False,Finished
2023,Mexico City Grand Prix,19,130.0,8,8.11111111111111,10.0,316.0,2,4.25,6.611111111111111,8.0,7.4,1,1,299.0,0,7.333333333333333,63,RUS,Mercedes,6.0,8.0,8.0,0.0,False,Finished
2023,Mexico City Grand Prix,19,0.0,21,14.666666666666666,9.5,10.0,9,17.5,15.333333333333334,4.0,14.666666666666666,3,1,429.0,0,0.0,3,RIC,AlphaTauri,7.0,6.0,6.0,0.0,False,Finished
2023,Mexico City Grand Prix,19,68.0,9,11.222222222222221,10.0,213.0,5,12.0,9.666666666666666,7.0,8.2,0,0,361.0,0,2.000000000000001,81,PIA,McLaren,8.0,4.0,4.0,0.0,False,Finished
2023,Mexico City Grand Prix,19,23.0,13,12.166666666666666,12.0,24.0,7,13.25,12.055555555555555,14.0,11.2,0,0,406.0,0,-4.0,23,ALB,Williams,9.0,2.0,2.0,0.0,False,Finished
2023,Mexico City Grand Prix,19,42.0,12,12.5,10.5,90.0,6,10.5,10.61111111111111,15.0,14.2,1,1,387.0,0,4.333333333333332,31,OCO,Alpine,10.0,1.0,1.0,0.0,False,Finished
2023,Mexico City Grand Prix,19,48.0,10,10.722222222222221,7.5,90.0,6,10.5,11.38888888888889,11.0,9.8,1,0,381.0,0,-1.333333333333334,10,GAS,Alpine,11.0,0.0,0.0,0.0,False,Finished
2023,Mexico City Grand Prix,19,8.0,15,13.5,20.0,10.0,9,17.5,13.555555555555555,18.0,14.8,0,0,421.0,0,6.333333333333334,22,TSU,AlphaTauri,12.0,0.0,0.0,0.0,False,Finished
2023,Mexico City Grand Prix,19,6.0,16,14.5,10.0,9.0,10,15.75,12.61111111111111,12.0,14.2,0,0,423.0,0,0.3333333333333339,27,HUL,Haas F1 Team,13.0,0.0,0.0,0.0,False,Finished
2023,Mexico City Grand Prix,19,6.0,16,13.666666666666666,13.0,16.0,8,12.75,15.444444444444445,10.0,12.2,0,0,423.0,0,3.0,24,ZHO,Alfa Romeo,14.0,0.0,0.0,0.0,False,Finished
2023,Mexico City Grand Prix,19,10.0,14,13.333333333333334,12.5,16.0,8,12.75,14.055555555555555,9.0,13.4,7,1,419.0,0,0.33333333333333215,77,BOT,Alfa Romeo,15.0,0.0,0.0,0.0,False,Finished
2023,Mexico City Grand Prix,19,1.0,20,16.055555555555557,10.0,24.0,7,13.25,17.0,19.0,14.4,0,0,428.0,0,0.6666666666666661,2,SAR,Williams,16.0,0.0,0.0,0.0,False,Retired
2023,Mexico City Grand Prix,19,47.0,11,11.117647058823529,14.5,222.0,4,10.0,12.176470588235293,0.0,13.0,0,0,382.0,0,1.5,18,STR,Aston Martin,17.0,0.0,0.0,0.0,False,Collision damage
2023,Mexico City Grand Prix,19,175.0,4,6.055555555555555,14.0,222.0,4,10.0,6.611111111111111,13.0,10.8,0,0,254.0,0,-1.333333333333334,14,ALO,Aston Martin,18.0,0.0,0.0,0.0,False,Withdrew
2023,Mexico City Grand Prix,19,3.0,18,15.166666666666666,17.0,9.0,10,15.75,14.38888888888889,16.0,14.2,0,0,426.0,0,0.33333333333333215,20,MAG,Haas F1 Team,19.0,0.0,0.0,0.0,False,Accident
2023,Mexico City Grand Prix,19,221.0,2,5.444444444444445,3.0,650.0,1,2.0,9.444444444444445,5.0,8.6,6,5,208.0,0,-6.333333333333333,11,PER,Red Bull Racing,20.0,0.0,0.0,0.0,False,Collision damage
2023,São Paulo Grand Prix,20,454.0,1,1.3157894736842106,6.0,675.0,1,1.75,3.473684210526316,1.0,1.8,31,31,0.0,0,1.3333333333333335,1,VER,Red Bull Racing,1.0,33.0,25.0,8.0,False,Finished
2023,São Paulo Grand Prix,20,155.0,6,7.842105263157895,14.0,227.0,4,8.75,7.842105263157895,6.0,2.8,0,0,299.0,0,0.6666666666666665,4,NOR,McLaren,2.0,25.0,18.0,7.0,False,Finished
2023,São Paulo Grand Prix,20,175.0,4,6.684210526315789,7.0,222.0,5,9.5,6.947368421052632,4.0,12.6,0,0,279.0,0,-2.666666666666668,14,ALO,Aston Martin,3.0,15.0,15.0,0.0,False,Finished
2023,São Paulo Grand Prix,20,221.0,2,6.2105263157894735,5.5,675.0,1,1.75,9.210526315789474,9.0,12.2,6,5,233.0,0,-1.6666666666666679,11,PER,Red Bull Racing,4.0,18.0,12.0,6.0,False,Finished
2023,São Paulo Grand Prix,20,47.0,11,11.444444444444445,15.0,222.0,5,9.5,11.5,3.0,13.25,0,0,407.0,0,5.333333333333334,18,STR,Aston Martin,5.0,10.0,10.0,0.0,False,Finished
2023,São Paulo Grand Prix,20,162.0,5,7.105263157894737,4.5,311.0,3,6.0,4.842105263157895,7.0,6.8,2,2,292.0,0,-5.666666666666666,55,SAI,Ferrari,6.0,9.0,8.0,1.0,False,Finished
2023,São Paulo Grand Prix,20,48.0,10,10.736842105263158,10.5,91.0,6,12.5,11.368421052631579,15.0,9.0,1,0,406.0,0,0.6666666666666679,10,GAS,Alpine,7.0,6.0,6.0,0.0,False,Finished
2023,São Paulo Grand Prix,20,205.0,3,5.894736842105263,1.5,343.0,2,3.25,5.684210526315789,5.0,9.6,41,8,249.0,0,-8.666666666666668,44,HAM,Mercedes,8.0,6.0,4.0,2.0,False,Finished
2023,São Paulo Grand Prix,20,8.0,15,13.421052631578947,16.0,16.0,9,18.25,13.789473684210526,16.0,13.2,0,0,446.0,0,5.333333333333334,22,TSU,AlphaTauri,9.0,5.0,2.0,3.0,False,Finished
2023,São Paulo Grand Prix,20,43.0,12,12.368421052631579,8.0,91.0,6,12.5,10.842105263157896,14.0,12.4,1,1,411.0,0,3.666666666666668,31,OCO,Alpine,10.0,1.0,1.0,0.0,False,Lapped
2023,São Paulo Grand Prix,20,1.0,21,16.05263157894737,10.0,26.0,7,14.25,17.105263157894736,19.0,15.0,0,0,453.0,0,0.0,2,SAR,Williams,11.0,0.0,0.0,0.0,False,Lapped
2023,São Paulo Grand Prix,20,6.0,16,14.421052631578947,10.0,9.0,10,15.0,12.578947368421053,11.0,13.4,0,0,448.0,0,1.3333333333333321,27,HUL,Haas F1 Team,12.0,0.0,0.0,0.0,False,Lapped
2023,São Paulo Grand Prix,20,6.0,16,12.75,19.5,16.0,9,18.25,12.5,17.0,12.75,3,1,448.0,0,0.0,3,RIC,AlphaTauri,13.0,0.0,0.0,0.0,False,Lapped
2023,São Paulo Grand Prix,20,72.0,9,11.052631578947368,10.0,227.0,4,8.75,9.526315789473685,10.0,7.4,0,0,382.0,0,-1.666666666666667,81,PIA,McLaren,14.0,0.0,0.0,0.0,False,Lapped
2023,São Paulo Grand Prix,20,138.0,8,8.0,7.0,343.0,2,3.25,6.684210526315789,8.0,7.6,1,1,316.0,0,4.333333333333334,63,RUS,Mercedes,15.0,5.0,0.0,5.0,False,Retired
2023,São Paulo Grand Prix,20,10.0,14,13.421052631578947,6.0,16.0,8,15.75,13.789473684210526,18.0,14.4,7,1,444.0,0,4.0,77,BOT,Alfa Romeo,16.0,0.0,0.0,0.0,False,Retired
2023,São Paulo Grand Prix,20,6.0,16,13.68421052631579,12.0,16.0,8,15.75,15.157894736842104,20.0,12.2,0,0,448.0,0,1.0,24,ZHO,Alfa Romeo,17.0,0.0,0.0,0.0,False,Retired
2023,São Paulo Grand Prix,20,3.0,19,15.368421052631579,19.0,9.0,10,15.0,14.473684210526315,12.0,14.4,0,0,451.0,0,-1.3333333333333321,20,MAG,Haas F1 Team,18.0,0.0,0.0,0.0,False,Retired
2023,São Paulo Grand Prix,20,25.0,13,12.0,15.0,26.0,7,14.25,12.157894736842104,13.0,11.6,0,0,429.0,0,1.0,23,ALB,Williams,19.0,0.0,0.0,0.0,False,Retired
2023,São Paulo Grand Prix,20,149.0,7,8.263157894736842,4.5,311.0,3,6.0,5.473684210526316,2.0,7.2,5,3,305.0,0,-5.333333333333334,16,LEC,Ferrari,20.0,4.0,0.0,4.0,False,Did not start
2023,Las Vegas Grand Prix,21,479.0,1,1.3,10.0,712.0,1,5.882113821138211,3.35,2.0,1.0,32,32,0.0,1,1.3333333333333335,1,VER,Red Bull Racing,1.0,25.0,25.0,0.0,False,Finished
2023,Las Vegas Grand Prix,21,149.0,7,8.85,10.0,319.0,3,7.105691056910569,5.3,1.0,10.4,5,3,330.0,1,-10.0,16,LEC,Ferrari,2.0,18.0,18.0,0.0,False,Finished
2023,Las Vegas Grand Prix,21,233.0,2,6.1,10.0,712.0,1,5.882113821138211,9.2,11.0,11.4,6,5,246.0,1,3.0,11,PER,Red Bull Racing,3.0,15.0,15.0,0.0,False,Finished
2023,Las Vegas Grand Prix,21,44.0,12,12.25,10.0,98.0,6,10.4765625,11.0,16.0,10.8,1,1,435.0,1,-1.3333333333333321,31,OCO,Alpine,4.0,12.0,12.0,0.0,False,Finished
2023,Las Vegas Grand Prix,21,57.0,10,11.105263157894736,10.0,247.0,4,10.960629921259843,11.052631578947368,19.0,11.6,0,0,422.0,1,4.833333333333334,18,STR,Aston Martin,5.0,10.0,10.0,0.0,False,Finished
2023,Las Vegas Grand Prix,21,170.0,6,7.05,10.0,319.0,3,7.105691056910569,4.95,12.0,7.8,2,2,309.0,1,4.666666666666667,55,SAI,Ferrari,6.0,8.0,8.0,0.0,False,Finished
2023,Las Vegas Grand Prix,21,209.0,3,6.0,10.0,347.0,2,4.849593495934959,5.65,10.0,10.6,41,8,270.0,1,-0.6666666666666661,44,HAM,Mercedes,7.0,6.0,6.0,0.0,False,Finished
2023,Las Vegas Grand Prix,21,138.0,8,8.35,10.0,347.0,2,4.849593495934959,6.75,3.0,7.4,1,1,341.0,1,0.3333333333333339,63,RUS,Mercedes,8.0,4.0,4.0,0.0,False,Finished
2023,Las Vegas Grand Prix,21,190.0,4,6.5,10.0,247.0,4,10.960629921259843,6.8,9.0,10.2,0,0,289.0,1,-2.666666666666668,14,ALO,Aston Martin,9.0,2.0,2.0,0.0,False,Finished
2023,Las Vegas Grand Prix,21,72.0,9,11.2,10.0,246.0,5,10.016260162601625,9.55,18.0,8.8,0,0,407.0,1,-9.0,81,PIA,McLaren,10.0,1.0,1.0,0.0,False,Finished
2023,Las Vegas Grand Prix,21,54.0,11,10.55,10.0,98.0,6,10.4765625,11.55,4.0,9.2,1,0,425.0,1,1.333333333333334,10,GAS,Alpine,11.0,0.0,0.0,0.0,False,Finished
2023,Las Vegas Grand Prix,21,25.0,13,12.35,10.0,26.0,7,15.117886178861788,12.2,5.0,13.2,0,0,454.0,1,1.0,23,ALB,Williams,12.0,0.0,0.0,0.0,False,Finished
2023,Las Vegas Grand Prix,21,3.0,19,15.5,10.0,9.0,10,14.729508196721312,14.35,8.0,16.0,0,0,476.0,1,-4.0,20,MAG,Haas F1 Team,13.0,0.0,0.0,0.0,False,Finished
2023,Las Vegas Grand Prix,21,6.0,16,12.8,10.0,18.0,8,12.364197530864198,13.4,14.0,12.8,3,1,473.0,1,0.0,3,RIC,AlphaTauri,14.0,0.0,0.0,0.0,False,Finished
2023,Las Vegas Grand Prix,21,6.0,16,13.85,10.0,16.0,9,13.44047619047619,15.4,17.0,13.2,0,0,473.0,1,-3.333333333333332,24,ZHO,Alfa Romeo,15.0,0.0,0.0,0.0,False,Finished
2023,Las Vegas Grand Prix,21,1.0,21,15.8,10.0,26.0,7,15.117886178861788,17.2,6.0,14.4,0,0,478.0,1,3.9999999999999982,2,SAR,Williams,16.0,0.0,0.0,0.0,False,Finished
2023,Las Vegas Grand Prix,21,10.0,14,13.55,10.0,16.0,9,13.44047619047619,14.0,7.0,14.2,7,1,469.0,1,0.6666666666666661,77,BOT,Alfa Romeo,17.0,0.0,0.0,0.0,False,Finished
2023,Las Vegas Grand Prix,21,10.0,14,13.2,10.0,18.0,8,12.364197530864198,13.9,20.0,11.2,0,0,469.0,1,5.666666666666668,22,TSU,AlphaTauri,18.0,0.0,0.0,0.0,False,Retired
2023,Las Vegas Grand Prix,21,6.0,16,14.3,10.0,9.0,10,14.729508196721312,12.5,13.0,13.2,0,0,473.0,1,2.333333333333334,27,HUL,Haas F1 Team,19.0,0.0,0.0,0.0,False,Retired
2023,Las Vegas Grand Prix,21,174.0,5,7.55,10.0,246.0,5,10.016260162601625,7.75,15.0,2.8,0,0,305.0,1,-0.6666666666666665,4,NOR,McLaren,20.0,0.0,0.0,0.0,False,Retired
2023,Abu Dhabi Grand Prix,22,504.0,1,1.2857142857142858,1.0,752.0,1,2.8,3.2857142857142856,1.0,1.0,33,33,0.0,0,0.0,1,VER,Red Bull Racing,1.0,25.0,25.0,0.0,False,Finished
2023,Abu Dhabi Grand Prix,22,167.0,7,8.523809523809524,7.0,345.0,3,6.4,5.095238095238095,2.0,10.0,5,3,337.0,0,1.3333333333333321,16,LEC,Ferrari,2.0,18.0,18.0,0.0,False,Finished
2023,Abu Dhabi Grand Prix,22,142.0,8,8.333333333333334,13.75,357.0,2,4.2,6.571428571428571,4.0,7.6,1,1,362.0,0,-4.333333333333333,63,RUS,Mercedes,3.0,15.0,15.0,0.0,False,Finished
2023,Abu Dhabi Grand Prix,22,248.0,2,5.9523809523809526,10.6,752.0,1,2.8,9.285714285714286,9.0,8.2,6,5,256.0,0,2.0,11,PER,Red Bull Racing,4.0,12.0,12.0,0.0,False,Finished
2023,Abu Dhabi Grand Prix,22,174.0,6,8.142857142857142,6.5,248.0,5,10.8,8.095238095238095,5.0,6.4,0,0,330.0,0,-6.666666666666666,4,NOR,McLaren,5.0,10.0,10.0,0.0,False,Finished
2023,Abu Dhabi Grand Prix,22,74.0,9,11.142857142857142,10.0,248.0,5,10.8,9.952380952380953,3.0,10.2,0,0,430.0,0,-3.333333333333333,81,PIA,McLaren,6.0,8.0,8.0,0.0,False,Finished
2023,Abu Dhabi Grand Prix,22,192.0,4,6.619047619047619,13.0,259.0,4,10.5,6.904761904761905,7.0,10.4,0,0,312.0,0,0.0,14,ALO,Aston Martin,7.0,6.0,6.0,0.0,False,Finished
2023,Abu Dhabi Grand Prix,22,10.0,14,13.428571428571429,7.5,18.0,8,14.2,14.19047619047619,6.0,12.4,0,0,494.0,0,-1.333333333333334,22,TSU,AlphaTauri,8.0,4.0,4.0,0.0,False,Finished
2023,Abu Dhabi Grand Prix,22,215.0,3,6.0476190476190474,5.0,357.0,2,4.2,5.857142857142857,11.0,11.0,41,8,289.0,0,8.666666666666668,44,HAM,Mercedes,9.0,2.0,2.0,0.0,False,Finished
2023,Abu Dhabi Grand Prix,22,67.0,10,10.8,12.8,259.0,4,10.5,11.45,13.0,9.0,0,0,437.0,0,3.0,18,STR,Aston Martin,10.0,1.0,1.0,0.0,False,Finished
2023,Abu Dhabi Grand Prix,22,6.0,16,13.0,8.6,18.0,8,14.2,13.5,15.0,13.0,3,1,498.0,0,3.333333333333332,3,RIC,AlphaTauri,11.0,0.0,0.0,0.0,False,Finished
2023,Abu Dhabi Grand Prix,22,56.0,11,11.857142857142858,10.5,110.0,6,11.7,11.238095238095237,12.0,9.8,1,1,448.0,0,3.333333333333334,31,OCO,Alpine,12.0,0.0,0.0,0.0,False,Finished
2023,Abu Dhabi Grand Prix,22,54.0,12,10.571428571428571,12.2,110.0,6,11.7,11.19047619047619,10.0,9.4,1,0,450.0,0,-0.33333333333333215,10,GAS,Alpine,13.0,0.0,0.0,0.0,False,Finished
2023,Abu Dhabi Grand Prix,22,25.0,13,12.333333333333334,7.666666666666667,26.0,7,13.7,11.857142857142858,14.0,12.4,0,0,479.0,0,-0.6666666666666679,23,ALB,Williams,14.0,0.0,0.0,0.0,False,Finished
2023,Abu Dhabi Grand Prix,22,6.0,16,14.523809523809524,16.0,9.0,10,16.2,12.523809523809524,8.0,14.2,0,0,498.0,0,-1.0,27,HUL,Haas F1 Team,15.0,0.0,0.0,0.0,False,Finished
2023,Abu Dhabi Grand Prix,22,1.0,21,15.80952380952381,14.0,26.0,7,13.7,16.666666666666668,20.0,14.2,0,0,503.0,0,0.6666666666666661,2,SAR,Williams,16.0,0.0,0.0,0.0,False,Finished
2023,Abu Dhabi Grand Prix,22,6.0,16,13.904761904761905,12.0,16.0,9,13.88888888888889,15.476190476190476,19.0,13.6,0,0,498.0,0,-3.666666666666668,24,ZHO,Alfa Romeo,17.0,0.0,0.0,0.0,False,Finished
2023,Abu Dhabi Grand Prix,22,178.0,5,7.0,5.8,345.0,3,6.4,5.285714285714286,16.0,7.8,2,2,326.0,0,4.333333333333333,55,SAI,Ferrari,18.0,0.0,0.0,0.0,False,Retired
2023,Abu Dhabi Grand Prix,22,10.0,14,13.714285714285714,6.4,16.0,9,13.88888888888889,13.666666666666666,18.0,13.6,7,1,494.0,0,-2.666666666666666,77,BOT,Alfa Romeo,19.0,0.0,0.0,0.0,False,Lapped
2023,Abu Dhabi Grand Prix,22,3.0,19,15.380952380952381,14.75,9.0,10,16.2,14.047619047619047,17.0,15.6,0,0,501.0,0,-2.333333333333334,20,MAG,Haas F1 Team,20.0,0.0,0.0,0.0,False,Lapped
2024,Bahrain Grand Prix,1,530.0,1,1.2727272727272727,10.0,790.0,1,1.9166666666666667,1.0,1.0,1.0,34,34,0.0,0,0.0,1,VER,Red Bull Racing,1.0,25.0,25.0,0.0,False,Finished
2024,Bahrain Grand Prix,1,260.0,2,5.863636363636363,11.5,790.0,1,1.9166666666666667,5.0,5.0,7.0,6,4,270.0,0,7.666666666666668,11,PER,Red Bull Racing,2.0,18.0,18.0,0.0,False,Finished
2024,Bahrain Grand Prix,1,178.0,7,7.5,8.166666666666666,363.0,3,6.75,4.0,4.0,7.4,2,2,352.0,0,-1.0,55,SAI,Ferrari,3.0,15.0,15.0,0.0,False,Finished
2024,Bahrain Grand Prix,1,185.0,5,8.227272727272727,8.5,363.0,3,6.75,2.0,2.0,9.4,5,3,345.0,0,1.333333333333334,16,LEC,Ferrari,4.0,12.0,12.0,0.0,False,Finished
2024,Bahrain Grand Prix,1,157.0,8,8.090909090909092,10.4,374.0,2,4.916666666666667,3.0,3.0,7.4,1,1,373.0,0,-3.666666666666666,63,RUS,Mercedes,5.0,10.0,10.0,0.0,False,Finished
2024,Bahrain Grand Prix,1,184.0,6,8.0,9.2,266.0,5,9.833333333333334,7.0,7.0,6.8,0,0,346.0,0,-5.666666666666666,4,NOR,McLaren,6.0,8.0,8.0,0.0,False,Finished
2024,Bahrain Grand Prix,1,217.0,3,6.181818181818182,2.3333333333333335,374.0,2,4.916666666666667,9.0,9.0,9.0,41,0,313.0,0,5.333333333333334,44,HAM,Mercedes,7.0,6.0,6.0,0.0,False,Finished
2024,Bahrain Grand Prix,1,82.0,9,10.909090909090908,20.0,266.0,5,9.833333333333334,8.0,8.0,11.0,0,0,448.0,0,-1.0,81,PIA,McLaren,8.0,4.0,4.0,0.0,False,Finished
2024,Bahrain Grand Prix,1,198.0,4,6.636363636363637,9.5,266.0,4,9.166666666666666,6.0,6.0,10.6,0,0,332.0,0,7.000000000000001,14,ALO,Aston Martin,9.0,2.0,2.0,0.0,False,Finished
2024,Bahrain Grand Prix,1,68.0,10,10.761904761904763,12.5,266.0,4,9.166666666666666,12.0,12.0,8.8,0,0,462.0,0,4.999999999999999,18,STR,Aston Martin,10.0,1.0,1.0,0.0,False,Finished
2024,Bahrain Grand Prix,1,6.0,16,14.045454545454545,13.0,16.0,9,17.666666666666668,17.0,17.0,15.2,0,0,524.0,0,-4.333333333333332,24,ZHO,Kick Sauber,11.0,0.0,0.0,0.0,False,Lapped
2024,Bahrain Grand Prix,1,3.0,19,15.590909090909092,10.6,9.0,10,15.333333333333334,15.0,15.0,16.8,0,0,527.0,0,-1.333333333333334,20,MAG,Haas F1 Team,12.0,0.0,0.0,0.0,False,Lapped
2024,Bahrain Grand Prix,1,6.0,16,12.714285714285714,13.2,22.0,8,15.166666666666666,14.0,14.0,12.0,3,0,524.0,0,0.0,3,RIC,RB,13.0,0.0,0.0,0.0,False,Lapped
2024,Bahrain Grand Prix,1,14.0,14,13.181818181818182,9.333333333333334,22.0,8,15.166666666666666,11.0,11.0,11.0,0,0,516.0,0,0.0,22,TSU,RB,14.0,0.0,0.0,0.0,False,Lapped
2024,Bahrain Grand Prix,1,25.0,13,12.409090909090908,8.75,26.0,7,12.5,13.0,13.0,12.6,0,0,505.0,0,-4.666666666666666,23,ALB,Williams,15.0,0.0,0.0,0.0,False,Lapped
2024,Bahrain Grand Prix,1,6.0,16,14.545454545454545,13.75,9.0,10,15.333333333333334,10.0,10.0,14.0,0,0,524.0,0,-2.0,27,HUL,Haas F1 Team,16.0,0.0,0.0,0.0,False,Lapped
2024,Bahrain Grand Prix,1,56.0,11,11.863636363636363,11.4,110.0,6,11.75,19.0,19.0,10.8,1,0,474.0,0,3.0,31,OCO,Alpine,17.0,0.0,0.0,0.0,False,Lapped
2024,Bahrain Grand Prix,1,54.0,12,10.681818181818182,10.666666666666666,110.0,6,11.75,20.0,20.0,9.6,1,0,476.0,0,-0.6666666666666679,10,GAS,Alpine,18.0,0.0,0.0,0.0,False,Lapped
2024,Bahrain Grand Prix,1,10.0,15,13.954545454545455,4.833333333333333,16.0,9,17.666666666666668,16.0,16.0,15.8,7,0,520.0,0,-5.666666666666666,77,BOT,Kick Sauber,19.0,0.0,0.0,0.0,False,Lapped
2024,Bahrain Grand Prix,1,1.0,21,15.818181818181818,10.0,26.0,7,12.5,18.0,18.0,13.8,0,0,529.0,0,0.33333333333333215,2,SAR,Williams,20.0,0.0,0.0,0.0,False,Lapped
2024,Saudi Arabian Grand Prix,2,26.0,1,1.0,1.5,44.0,1,2.0,1.0,1.0,1.0,35,35,0.0,1,0.0,1,VER,Red Bull Racing,1.0,25.0,25.0,0.0,False,Finished
2024,Saudi Arabian Grand Prix,2,18.0,2,2.0,7.333333333333333,44.0,1,2.0,5.0,3.0,2.0,6,4,8.0,1,0.0,11,PER,Red Bull Racing,2.0,18.0,18.0,0.0,False,Finished
2024,Saudi Arabian Grand Prix,2,12.0,4,4.0,5.333333333333333,27.0,2,5.5,2.0,2.0,4.0,5,3,14.0,1,0.0,16,LEC,Ferrari,3.0,15.0,15.0,0.0,False,Finished
2024,Saudi Arabian Grand Prix,2,4.0,8,8.0,15.0,12.0,4,8.333333333333334,8.0,5.0,8.0,0,0,22.0,1,0.0,81,PIA,McLaren,4.0,12.0,12.0,0.0,False,Finished
2024,Saudi Arabian Grand Prix,2,2.0,9,9.0,10.666666666666666,3.0,5,9.333333333333334,6.0,4.0,9.0,0,0,24.0,1,0.0,14,ALO,Aston Martin,5.0,10.0,10.0,0.0,False,Finished
2024,Saudi Arabian Grand Prix,2,10.0,5,5.0,9.333333333333334,16.0,3,9.166666666666666,3.0,7.0,5.0,1,1,16.0,1,0.0,63,RUS,Mercedes,6.0,8.0,8.0,0.0,False,Finished
2024,Saudi Arabian Grand Prix,2,0.0,20,,10.0,0.0,10,16.333333333333332,11.0,11.0,,0,0,26.0,1,0.0,38,BEA,Ferrari,7.0,6.0,6.0,0.0,False,Finished
2024,Saudi Arabian Grand Prix,2,8.0,6,6.0,11.333333333333334,12.0,4,8.333333333333334,7.0,6.0,6.0,0,0,18.0,1,0.0,4,NOR,McLaren,8.0,4.0,4.0,0.0,False,Finished
2024,Saudi Arabian Grand Prix,2,6.0,7,7.0,5.333333333333333,16.0,3,9.166666666666666,9.0,8.0,7.0,41,0,20.0,1,0.0,44,HAM,Mercedes,9.0,2.0,2.0,0.0,False,Finished
2024,Saudi Arabian Grand Prix,2,0.0,11,16.0,12.0,0.0,8,14.0,10.0,15.0,16.0,0,0,26.0,1,0.0,27,HUL,Haas F1 Team,10.0,1.0,1.0,0.0,False,Finished
2024,Saudi Arabian Grand Prix,2,0.0,11,15.0,16.5,0.0,10,16.333333333333332,13.0,12.0,15.0,0,0,26.0,1,0.0,23,ALB,Williams,11.0,0.0,0.0,0.0,False,Finished
2024,Saudi Arabian Grand Prix,2,0.0,11,12.0,9.5,0.0,8,14.0,15.0,13.0,12.0,0,0,26.0,1,0.0,20,MAG,Haas F1 Team,12.0,0.0,0.0,0.0,False,Finished
2024,Saudi Arabian Grand Prix,2,0.0,11,17.0,6.0,0.0,6,11.5,19.0,17.0,17.0,1,0,26.0,1,0.0,31,OCO,Alpine,13.0,0.0,0.0,0.0,False,Lapped
2024,Saudi Arabian Grand Prix,2,0.0,11,20.0,16.0,0.0,10,16.333333333333332,18.0,19.0,20.0,0,0,26.0,1,0.0,2,SAR,Williams,14.0,0.0,0.0,0.0,False,Lapped
2024,Saudi Arabian Grand Prix,2,0.0,11,14.0,14.666666666666666,0.0,9,15.833333333333334,11.0,9.0,14.0,0,0,26.0,1,0.0,22,TSU,RB,15.0,0.0,0.0,0.0,False,Lapped
2024,Saudi Arabian Grand Prix,2,0.0,11,13.0,11.0,0.0,9,15.833333333333334,14.0,14.0,13.0,3,0,26.0,1,0.0,3,RIC,RB,16.0,0.0,0.0,0.0,False,Lapped
2024,Saudi Arabian Grand Prix,2,0.0,11,19.0,12.0,0.0,7,11.6,16.0,16.0,19.0,7,0,26.0,1,0.0,77,BOT,Kick Sauber,17.0,0.0,0.0,0.0,False,Lapped
2024,Saudi Arabian Grand Prix,2,0.0,11,11.0,12.0,0.0,7,11.6,17.0,20.0,11.0,0,0,26.0,1,0.0,24,ZHO,Kick Sauber,18.0,0.0,0.0,0.0,False,Lapped
2024,Saudi Arabian Grand Prix,2,1.0,10,10.0,14.666666666666666,3.0,5,9.333333333333334,12.0,10.0,10.0,0,0,25.0,1,0.0,18,STR,Aston Martin,19.0,0.0,0.0,0.0,False,Retired
2024,Saudi Arabian Grand Prix,2,0.0,11,18.0,7.666666666666667,0.0,6,11.5,20.0,18.0,18.0,1,0,26.0,1,0.0,10,GAS,Alpine,20.0,0.0,0.0,0.0,False,Retired
2024,Australian Grand Prix,3,15.0,6,3.0,15.5,49.0,2,5.875,4.0,2.0,3.0,2,2,36.0,0,0.0,55,SAI,Ferrari,1.0,25.0,25.0,0.0,False,Finished
2024,Australian Grand Prix,3,28.0,3,3.5,9.75,49.0,2,5.875,2.0,4.0,3.5,5,3,23.0,0,0.0,16,LEC,Ferrari,2.0,18.0,18.0,0.0,False,Finished
2024,Australian Grand Prix,3,12.0,7,7.0,7.666666666666667,28.0,3,6.875,6.5,3.0,7.0,0,0,39.0,0,0.0,4,NOR,McLaren,3.0,15.0,15.0,0.0,False,Finished
2024,Australian Grand Prix,3,16.0,5,6.0,8.0,28.0,3,6.875,6.5,5.0,6.0,0,0,35.0,0,0.0,81,PIA,McLaren,4.0,12.0,12.0,0.0,False,Finished
2024,Australian Grand Prix,3,36.0,2,2.0,7.75,87.0,1,2.5,4.0,6.0,2.0,6,4,15.0,0,0.0,11,PER,Red Bull Racing,5.0,10.0,10.0,0.0,False,Finished
2024,Australian Grand Prix,3,1.0,11,14.5,9.75,13.0,5,11.375,11.0,9.0,14.5,0,0,50.0,0,0.0,18,STR,Aston Martin,6.0,8.0,8.0,0.0,False,Finished
2024,Australian Grand Prix,3,0.0,13,14.5,12.5,0.0,9,15.5,10.0,8.0,14.5,0,0,51.0,0,0.0,22,TSU,RB,7.0,6.0,6.0,0.0,False,Finished
2024,Australian Grand Prix,3,12.0,7,7.0,8.333333333333334,13.0,5,11.375,5.0,10.0,7.0,0,0,39.0,0,0.0,14,ALO,Aston Martin,8.0,4.0,4.0,0.0,False,Finished
2024,Australian Grand Prix,3,1.0,11,13.0,7.0,1.0,6,10.625,12.5,16.0,13.0,0,0,50.0,0,0.0,27,HUL,Haas F1 Team,9.0,2.0,2.0,0.0,False,Finished
2024,Australian Grand Prix,3,0.0,13,12.0,13.5,1.0,6,10.625,14.0,14.0,12.0,0,0,51.0,0,0.0,20,MAG,Haas F1 Team,10.0,1.0,1.0,0.0,False,Lapped
2024,Australian Grand Prix,3,0.0,13,13.0,14.333333333333334,0.0,10,16.625,12.5,12.0,13.0,0,0,51.0,0,0.0,23,ALB,Williams,11.0,0.0,0.0,0.0,False,Lapped
2024,Australian Grand Prix,3,0.0,13,14.5,9.666666666666666,0.0,9,15.5,14.0,18.0,14.5,3,0,51.0,0,0.0,3,RIC,RB,12.0,0.0,0.0,0.0,False,Lapped
2024,Australian Grand Prix,3,0.0,13,19.0,12.75,0.0,7,13.0,19.0,17.0,19.0,1,0,51.0,0,0.0,10,GAS,Alpine,13.0,0.0,0.0,0.0,False,Lapped
2024,Australian Grand Prix,3,0.0,13,18.0,7.0,0.0,8,13.625,16.0,13.0,18.0,7,0,51.0,0,0.0,77,BOT,Kick Sauber,14.0,0.0,0.0,0.0,False,Lapped
2024,Australian Grand Prix,3,0.0,13,14.5,10.0,0.0,8,13.625,18.5,19.0,14.5,0,0,51.0,0,0.0,24,ZHO,Kick Sauber,15.0,0.0,0.0,0.0,False,Lapped
2024,Australian Grand Prix,3,0.0,13,15.0,11.0,0.0,7,13.0,18.0,15.0,15.0,1,0,51.0,0,0.0,31,OCO,Alpine,16.0,0.0,0.0,0.0,False,Lapped
2024,Australian Grand Prix,3,18.0,4,5.5,12.333333333333334,26.0,4,9.0,5.0,7.0,5.5,1,1,33.0,0,0.0,63,RUS,Mercedes,17.0,0.0,0.0,0.0,False,Retired
2024,Australian Grand Prix,3,8.0,9,8.0,2.5,26.0,4,9.0,8.5,11.0,8.0,41,0,43.0,0,0.0,44,HAM,Mercedes,18.0,0.0,0.0,0.0,False,Retired
2024,Australian Grand Prix,3,51.0,1,1.0,9.5,87.0,1,2.5,1.0,1.0,1.0,36,36,0.0,0,0.0,1,VER,Red Bull Racing,19.0,0.0,0.0,0.0,False,Retired
2024,Japanese Grand Prix,4,51.0,1,7.0,1.0,97.0,1,1.875,1.0,1.0,7.0,36,36,0.0,0,0.0,1,VER,Red Bull Racing,1.0,25.0,25.0,0.0,False,Finished
2024,Japanese Grand Prix,4,46.0,3,3.0,9.0,97.0,1,1.875,4.666666666666667,2.0,3.0,6,4,5.0,0,0.0,11,PER,Red Bull Racing,2.0,18.0,18.0,0.0,False,Finished
2024,Japanese Grand Prix,4,40.0,4,2.0,10.0,93.0,2,5.75,3.0,4.0,2.0,3,3,11.0,0,0.0,55,SAI,Ferrari,3.0,15.0,15.0,0.0,False,Finished
2024,Japanese Grand Prix,4,47.0,2,3.0,7.75,93.0,2,5.75,2.6666666666666665,8.0,3.0,5,3,4.0,0,0.0,16,LEC,Ferrari,4.0,12.0,12.0,0.0,False,Finished
2024,Japanese Grand Prix,4,27.0,6,5.666666666666667,7.666666666666667,55.0,3,8.125,5.333333333333333,3.0,5.666666666666667,0,0,24.0,0,0.0,4,NOR,McLaren,5.0,10.0,10.0,0.0,False,Finished
2024,Japanese Grand Prix,4,16.0,8,7.333333333333333,9.666666666666666,25.0,5,11.125,6.666666666666667,5.0,7.333333333333333,0,0,35.0,0,0.0,14,ALO,Aston Martin,6.0,8.0,8.0,0.0,False,Finished
2024,Japanese Grand Prix,4,18.0,7,9.333333333333334,10.333333333333334,26.0,4,7.125,5.666666666666667,9.0,9.333333333333334,1,1,33.0,0,0.0,63,RUS,Mercedes,7.0,6.0,6.0,0.0,False,Finished
2024,Japanese Grand Prix,4,28.0,5,5.333333333333333,3.0,55.0,3,8.125,6.0,6.0,5.333333333333333,0,0,23.0,0,0.0,81,PIA,McLaren,8.0,4.0,4.0,0.0,False,Finished
2024,Japanese Grand Prix,4,8.0,10,11.333333333333334,3.5,26.0,4,7.125,9.333333333333334,7.0,11.333333333333334,41,0,43.0,0,0.0,44,HAM,Mercedes,9.0,2.0,2.0,0.0,False,Finished
2024,Japanese Grand Prix,4,6.0,11,12.0,12.5,6.0,6,11.75,9.333333333333334,10.0,12.0,0,0,45.0,0,0.0,22,TSU,RB,10.0,1.0,1.0,0.0,False,Lapped
2024,Japanese Grand Prix,4,3.0,13,11.666666666666666,17.666666666666668,4.0,7,12.375,13.666666666666666,12.0,11.666666666666666,0,0,48.0,0,0.0,27,HUL,Haas F1 Team,11.0,0.0,0.0,0.0,False,Lapped
2024,Japanese Grand Prix,4,9.0,9,11.666666666666666,14.0,25.0,5,11.125,10.333333333333334,16.0,11.666666666666666,0,0,42.0,0,0.0,18,STR,Aston Martin,12.0,0.0,0.0,0.0,False,Lapped
2024,Japanese Grand Prix,4,1.0,14,11.333333333333334,16.0,4.0,7,12.375,14.0,18.0,11.333333333333334,0,0,50.0,0,0.0,20,MAG,Haas F1 Team,13.0,0.0,0.0,0.0,False,Lapped
2024,Japanese Grand Prix,4,0.0,15,16.666666666666668,9.5,0.0,9,15.375,15.0,13.0,16.666666666666668,7,0,51.0,0,0.0,77,BOT,Kick Sauber,14.0,0.0,0.0,0.0,False,Lapped
2024,Japanese Grand Prix,4,0.0,15,15.333333333333334,7.333333333333333,0.0,8,15.25,17.0,15.0,15.333333333333334,1,0,51.0,0,0.0,31,OCO,Alpine,15.0,0.0,0.0,0.0,False,Lapped
2024,Japanese Grand Prix,4,0.0,15,17.0,11.5,0.0,8,15.25,18.333333333333332,17.0,17.0,1,0,51.0,0,0.0,10,GAS,Alpine,16.0,0.0,0.0,0.0,False,Lapped
2024,Japanese Grand Prix,4,0.0,15,17.0,16.0,0.0,10,16.25,18.5,19.0,17.0,0,0,51.0,0,0.0,2,SAR,Williams,17.0,0.0,0.0,0.0,False,Lapped
2024,Japanese Grand Prix,4,0.0,15,14.666666666666666,14.5,0.0,9,15.375,18.666666666666668,20.0,14.666666666666666,0,0,51.0,0,0.0,24,ZHO,Kick Sauber,18.0,0.0,0.0,0.0,False,Retired
2024,Japanese Grand Prix,4,0.0,15,13.666666666666666,11.333333333333334,6.0,6,11.75,15.333333333333334,11.0,13.666666666666666,3,0,51.0,0,0.0,3,RIC,RB,19.0,0.0,0.0,0.0,False,Retired
2024,Japanese Grand Prix,4,0.0,15,12.333333333333334,13.333333333333334,0.0,10,16.25,12.333333333333334,14.0,12.333333333333334,0,0,51.0,0,0.0,23,ALB,Williams,20.0,0.0,0.0,0.0,False,Retired
2024,Chinese Grand Prix,5,77.0,1,5.5,10.0,141.0,1,2.25,1.0,1.0,5.5,37,37,0.0,0,0.0,1,VER,Red Bull Racing,1.0,33.0,25.0,8.0,False,Finished
2024,Chinese Grand Prix,5,37.0,5,5.5,18.0,69.0,3,5.25,4.75,4.0,5.5,0,0,40.0,0,0.0,4,NOR,McLaren,2.0,21.0,18.0,3.0,False,Finished
2024,Chinese Grand Prix,5,64.0,2,2.75,10.0,141.0,1,2.25,4.0,2.0,2.75,6,4,13.0,0,0.0,11,PER,Red Bull Racing,3.0,21.0,15.0,6.0,False,Finished
2024,Chinese Grand Prix,5,59.0,3,3.25,12.0,120.0,2,3.5,4.0,6.0,3.25,5,3,18.0,0,0.0,16,LEC,Ferrari,4.0,17.0,12.0,5.0,False,Finished
2024,Chinese Grand Prix,5,55.0,4,2.3333333333333335,11.5,120.0,2,3.5,3.3333333333333335,7.0,2.3333333333333335,3,3,22.0,0,0.0,55,SAI,Ferrari,5.0,14.0,10.0,4.0,False,Finished
2024,Chinese Grand Prix,5,24.0,7,8.75,16.0,34.0,4,10.5,6.5,8.0,8.75,1,1,53.0,0,0.0,63,RUS,Mercedes,6.0,9.0,8.0,1.0,False,Finished
2024,Chinese Grand Prix,5,24.0,7,7.0,7.0,33.0,5,10.0,6.25,3.0,7.0,0,0,53.0,0,0.0,14,ALO,Aston Martin,7.0,6.0,6.0,0.0,False,Finished
2024,Chinese Grand Prix,5,32.0,6,6.0,10.0,69.0,3,5.25,6.0,5.0,6.0,0,0,45.0,0,0.0,81,PIA,McLaren,8.0,6.0,4.0,2.0,False,Finished
2024,Chinese Grand Prix,5,10.0,9,10.75,2.5,34.0,4,10.5,8.75,18.0,10.75,41,0,67.0,0,0.0,44,HAM,Mercedes,9.0,9.0,2.0,7.0,False,Finished
2024,Chinese Grand Prix,5,3.0,13,11.5,13.0,4.0,7,13.0,13.25,9.0,11.5,0,0,74.0,0,0.0,27,HUL,Haas F1 Team,10.0,1.0,1.0,0.0,False,Finished
2024,Chinese Grand Prix,5,0.0,15,15.25,11.0,0.0,8,16.75,16.5,13.0,15.25,1,0,77.0,0,0.0,31,OCO,Alpine,11.0,0.0,0.0,0.0,False,Finished
2024,Chinese Grand Prix,5,0.0,15,14.25,10.0,0.0,10,15.5,12.75,14.0,14.25,0,0,77.0,0,0.0,23,ALB,Williams,12.0,0.0,0.0,0.0,False,Finished
2024,Chinese Grand Prix,5,0.0,15,16.75,12.0,0.0,8,16.75,18.0,15.0,16.75,1,0,77.0,0,0.0,10,GAS,Alpine,13.0,0.0,0.0,0.0,False,Finished
2024,Chinese Grand Prix,5,0.0,15,15.5,10.0,0.0,9,15.5,19.0,16.0,15.5,0,0,77.0,0,0.0,24,ZHO,Kick Sauber,14.0,0.0,0.0,0.0,False,Finished
2024,Chinese Grand Prix,5,9.0,10,11.75,13.0,33.0,5,10.0,11.75,11.0,11.75,0,0,68.0,0,0.0,18,STR,Aston Martin,15.0,0.0,0.0,0.0,False,Finished
2024,Chinese Grand Prix,5,1.0,14,11.75,11.5,4.0,7,13.0,15.0,17.0,11.75,0,0,76.0,0,0.0,20,MAG,Haas F1 Team,16.0,0.0,0.0,0.0,False,Finished
2024,Chinese Grand Prix,5,0.0,15,17.0,13.0,0.0,10,15.5,18.666666666666668,20.0,17.0,0,0,77.0,0,0.0,2,SAR,Williams,17.0,0.0,0.0,0.0,False,Finished
2024,Chinese Grand Prix,5,0.0,15,15.0,4.0,7.0,6,12.75,14.25,12.0,15.0,3,0,77.0,0,0.0,3,RIC,RB,18.0,0.0,0.0,0.0,False,Retired
2024,Chinese Grand Prix,5,7.0,11,11.5,10.0,7.0,6,12.75,9.5,19.0,11.5,0,0,70.0,0,0.0,22,TSU,RB,19.0,0.0,0.0,0.0,False,Retired
2024,Chinese Grand Prix,5,0.0,15,16.0,2.0,0.0,9,15.5,14.5,10.0,16.0,7,0,77.0,0,0.0,77,BOT,Kick Sauber,20.0,0.0,0.0,0.0,False,Retired
2024,Miami Grand Prix,6,55.0,5,4.8,18.0,91.0,3,5.75,4.6,5.0,4.8,0,0,47.0,1,0.0,4,NOR,McLaren,1.0,25.0,25.0,0.0,False,Finished
2024,Miami Grand Prix,6,102.0,1,4.6,1.0,181.0,1,2.0,1.0,1.0,4.6,38,38,0.0,1,0.0,1,VER,Red Bull Racing,2.0,26.0,18.0,8.0,False,Finished
2024,Miami Grand Prix,6,71.0,3,3.4,4.5,142.0,2,3.75,4.4,2.0,3.4,5,3,31.0,1,0.0,16,LEC,Ferrari,3.0,22.0,15.0,7.0,False,Finished
2024,Miami Grand Prix,6,79.0,2,2.8,3.0,181.0,1,2.0,3.6,4.0,2.8,6,4,23.0,1,0.0,11,PER,Red Bull Racing,4.0,18.0,12.0,6.0,False,Finished
2024,Miami Grand Prix,6,65.0,4,3.0,4.0,142.0,2,3.75,4.25,3.0,3.0,3,3,37.0,1,0.0,55,SAI,Ferrari,5.0,14.0,10.0,4.0,False,Finished
2024,Miami Grand Prix,6,12.0,9,10.4,6.0,44.0,4,10.5,10.6,8.0,10.4,41,0,90.0,1,0.0,44,HAM,Mercedes,6.0,8.0,8.0,0.0,False,Finished
2024,Miami Grand Prix,6,7.0,11,13.0,11.5,7.0,6,12.0,11.4,10.0,13.0,0,0,95.0,1,0.0,22,TSU,RB,7.0,7.0,6.0,1.0,False,Finished
2024,Miami Grand Prix,6,32.0,7,8.2,4.5,44.0,4,10.5,6.8,7.0,8.2,1,1,70.0,1,0.0,63,RUS,Mercedes,8.0,4.0,4.0,0.0,False,Finished
2024,Miami Grand Prix,6,31.0,8,7.0,7.0,40.0,5,9.0,5.6,15.0,7.0,0,0,71.0,1,0.0,14,ALO,Aston Martin,9.0,2.0,2.0,0.0,False,Finished
2024,Miami Grand Prix,6,0.0,15,14.4,8.5,0.0,8,14.75,15.8,13.0,14.4,1,0,102.0,1,0.0,31,OCO,Alpine,10.0,1.0,1.0,0.0,False,Finished
2024,Miami Grand Prix,6,4.0,13,11.2,15.0,5.0,7,14.0,12.4,9.0,11.2,0,0,98.0,1,0.0,27,HUL,Haas F1 Team,11.0,2.0,0.0,2.0,False,Finished
2024,Miami Grand Prix,6,0.0,15,16.0,13.0,0.0,8,14.75,17.4,12.0,16.0,1,0,102.0,1,0.0,10,GAS,Alpine,12.0,0.0,0.0,0.0,False,Finished
2024,Miami Grand Prix,6,36.0,6,6.4,19.0,91.0,3,5.75,5.8,6.0,6.4,0,0,66.0,1,0.0,81,PIA,McLaren,13.0,3.0,0.0,3.0,False,Finished
2024,Miami Grand Prix,6,0.0,15,15.2,18.0,0.0,9,16.75,18.4,19.0,15.2,0,0,102.0,1,0.0,24,ZHO,Kick Sauber,14.0,0.0,0.0,0.0,False,Finished
2024,Miami Grand Prix,6,0.0,15,15.6,13.0,7.0,6,12.0,13.8,20.0,15.6,3,0,102.0,1,0.0,3,RIC,RB,15.0,5.0,0.0,5.0,False,Finished
2024,Miami Grand Prix,6,0.0,15,16.8,10.0,0.0,9,16.75,13.6,16.0,16.8,7,0,102.0,1,0.0,77,BOT,Kick Sauber,16.0,0.0,0.0,0.0,False,Finished
2024,Miami Grand Prix,6,9.0,10,12.4,11.0,40.0,5,9.0,11.6,11.0,12.4,0,0,93.0,1,0.0,18,STR,Aston Martin,17.0,0.0,0.0,0.0,False,Finished
2024,Miami Grand Prix,6,0.0,15,13.8,11.5,0.0,10,16.5,13.0,14.0,13.8,0,0,102.0,1,0.0,23,ALB,Williams,18.0,0.0,0.0,0.0,False,Finished
2024,Miami Grand Prix,6,1.0,14,12.6,13.0,5.0,7,14.0,15.4,18.0,12.6,0,0,101.0,1,0.0,20,MAG,Haas F1 Team,19.0,0.0,0.0,0.0,False,Finished
2024,Miami Grand Prix,6,0.0,15,17.0,20.0,0.0,10,16.5,19.0,17.0,17.0,0,0,102.0,1,0.0,2,SAR,Williams,20.0,0.0,0.0,0.0,False,Retired
2024,Emilia Romagna Grand Prix,7,120.0,1,4.166666666666667,1.0,211.0,1,3.0,1.0,1.0,4.8,38,38,0.0,0,5.666666666666667,1,VER,Red Bull Racing,1.0,25.0,25.0,0.0,False,Finished
2024,Emilia Romagna Grand Prix,7,80.0,4,4.166666666666667,4.666666666666667,116.0,3,8.333333333333334,4.666666666666667,2.0,3.8,1,1,40.0,0,3.0000000000000004,4,NOR,McLaren,2.0,18.0,18.0,0.0,False,Finished
2024,Emilia Romagna Grand Prix,7,86.0,3,3.3333333333333335,5.0,167.0,2,8.666666666666666,4.0,3.0,3.2,5,3,34.0,0,-0.6666666666666665,16,LEC,Ferrari,3.0,15.0,15.0,0.0,False,Finished
2024,Emilia Romagna Grand Prix,7,36.0,6,7.5,10.0,116.0,3,8.333333333333334,5.833333333333333,5.0,7.4,0,0,84.0,0,-4.333333333333333,81,PIA,McLaren,4.0,12.0,12.0,0.0,False,Finished
2024,Emilia Romagna Grand Prix,7,75.0,5,3.4,10.666666666666666,167.0,2,8.666666666666666,4.0,4.0,3.4,3,3,45.0,0,0.0,55,SAI,Ferrari,5.0,10.0,10.0,0.0,False,Finished
2024,Emilia Romagna Grand Prix,7,20.0,9,9.666666666666666,5.333333333333333,56.0,4,9.166666666666666,10.166666666666666,8.0,10.2,41,0,100.0,0,3.333333333333334,44,HAM,Mercedes,6.0,8.0,8.0,0.0,False,Finished
2024,Emilia Romagna Grand Prix,7,36.0,6,8.166666666666666,13.0,56.0,4,9.166666666666666,6.833333333333333,6.0,8.8,1,1,84.0,0,2.333333333333334,63,RUS,Mercedes,7.0,6.0,6.0,0.0,False,Finished
2024,Emilia Romagna Grand Prix,7,91.0,2,3.0,6.333333333333333,211.0,1,3.0,3.6666666666666665,11.0,3.2,6,4,29.0,0,0.0,11,PER,Red Bull Racing,8.0,4.0,4.0,0.0,False,Finished
2024,Emilia Romagna Grand Prix,7,9.0,11,13.166666666666666,10.333333333333334,42.0,5,10.333333333333334,11.5,13.0,13.8,0,0,111.0,0,-3.0,18,STR,Aston Martin,9.0,2.0,2.0,0.0,False,Finished
2024,Emilia Romagna Grand Prix,7,13.0,10,12.0,9.5,13.0,6,10.166666666666666,11.166666666666666,7.0,11.6,0,0,107.0,0,0.0,22,TSU,RB,10.0,1.0,1.0,0.0,False,Lapped
2024,Emilia Romagna Grand Prix,7,4.0,13,11.166666666666666,10.0,5.0,7,9.333333333333334,11.833333333333334,10.0,10.2,0,0,116.0,0,1.0,27,HUL,Haas F1 Team,11.0,0.0,0.0,0.0,False,Lapped
2024,Emilia Romagna Grand Prix,7,1.0,14,13.666666666666666,13.5,5.0,7,9.333333333333334,15.833333333333334,18.0,14.0,0,0,119.0,0,-4.666666666666666,20,MAG,Haas F1 Team,12.0,0.0,0.0,0.0,False,Lapped
2024,Emilia Romagna Grand Prix,7,0.0,16,15.5,9.0,13.0,6,10.166666666666666,14.833333333333334,9.0,16.0,3,0,120.0,0,-3.666666666666666,3,RIC,RB,13.0,0.0,0.0,0.0,False,Lapped
2024,Emilia Romagna Grand Prix,7,1.0,14,13.666666666666666,14.0,1.0,8,14.166666666666666,15.333333333333334,12.0,13.0,1,0,119.0,0,3.333333333333334,31,OCO,Alpine,14.0,0.0,0.0,0.0,False,Lapped
2024,Emilia Romagna Grand Prix,7,0.0,16,15.0,15.0,0.0,9,16.333333333333332,18.5,17.0,15.8,0,0,120.0,0,-0.6666666666666679,24,ZHO,Kick Sauber,15.0,0.0,0.0,0.0,False,Lapped
2024,Emilia Romagna Grand Prix,7,0.0,16,15.333333333333334,13.0,1.0,8,14.166666666666666,16.5,15.0,14.8,1,0,120.0,0,3.333333333333334,10,GAS,Alpine,16.0,0.0,0.0,0.0,False,Lapped
2024,Emilia Romagna Grand Prix,7,0.0,16,17.6,10.0,0.0,10,15.5,18.6,19.0,17.6,0,0,120.0,0,0.0,2,SAR,Williams,17.0,0.0,0.0,0.0,False,Lapped
2024,Emilia Romagna Grand Prix,7,0.0,16,16.666666666666668,8.333333333333334,0.0,9,16.333333333333332,14.0,16.0,16.2,7,0,120.0,0,0.0,77,BOT,Kick Sauber,18.0,0.0,0.0,0.0,False,Lapped
2024,Emilia Romagna Grand Prix,7,33.0,8,7.333333333333333,14.5,42.0,5,10.333333333333334,7.166666666666667,20.0,7.0,0,0,87.0,0,0.0,14,ALO,Aston Martin,19.0,0.0,0.0,0.0,False,Lapped
2024,Emilia Romagna Grand Prix,7,0.0,16,14.5,13.0,0.0,10,15.5,13.166666666666666,14.0,14.4,0,0,120.0,0,-4.333333333333334,23,ALB,Williams,20.0,0.0,0.0,0.0,False,Retired
2024,Monaco Grand Prix,8,101.0,2,3.2857142857142856,13.6,192.0,2,5.6,3.857142857142857,1.0,3.2,5,3,44.0,1,-0.3333333333333335,16,LEC,Ferrari,1.0,25.0,25.0,0.0,False,Finished
2024,Monaco Grand Prix,8,48.0,6,7.0,10.0,146.0,3,6.8,5.714285714285714,2.0,7.4,0,0,97.0,1,-3.000000000000001,81,PIA,McLaren,2.0,18.0,18.0,0.0,False,Finished
2024,Monaco Grand Prix,8,85.0,5,3.6666666666666665,5.6,192.0,2,5.6,4.0,3.0,3.8,3,3,60.0,1,-2.6666666666666665,55,SAI,Ferrari,3.0,15.0,15.0,0.0,False,Finished
2024,Monaco Grand Prix,8,98.0,3,3.857142857142857,7.25,146.0,3,6.8,4.285714285714286,4.0,2.6,1,1,47.0,1,3.666666666666666,4,NOR,McLaren,4.0,12.0,12.0,0.0,False,Finished
2024,Monaco Grand Prix,8,43.0,7,8.0,9.75,71.0,4,8.7,6.714285714285714,5.0,9.0,1,1,102.0,1,3.0,63,RUS,Mercedes,5.0,10.0,10.0,0.0,False,Finished
2024,Monaco Grand Prix,8,145.0,1,3.7142857142857144,2.0,240.0,1,3.6,1.0,6.0,4.8,39,39,0.0,1,5.666666666666667,1,VER,Red Bull Racing,6.0,8.0,8.0,0.0,False,Finished
2024,Monaco Grand Prix,8,28.0,9,9.142857142857142,4.6,71.0,4,8.7,9.857142857142858,7.0,9.6,41,0,117.0,1,5.0,44,HAM,Mercedes,7.0,6.0,6.0,0.0,False,Finished
2024,Monaco Grand Prix,8,14.0,10,11.714285714285714,16.0,14.0,6,11.0,10.571428571428571,8.0,10.6,0,0,131.0,1,-1.333333333333334,22,TSU,RB,8.0,4.0,4.0,0.0,False,Lapped
2024,Monaco Grand Prix,8,0.0,16,15.285714285714286,13.333333333333334,0.0,10,16.0,13.285714285714286,9.0,16.2,0,0,145.0,1,-2.666666666666668,23,ALB,Williams,9.0,2.0,2.0,0.0,False,Lapped
2024,Monaco Grand Prix,8,0.0,16,15.428571428571429,7.2,1.0,8,14.3,16.285714285714285,10.0,14.0,1,0,145.0,1,2.666666666666666,10,GAS,Alpine,10.0,1.0,1.0,0.0,False,Lapped
2024,Monaco Grand Prix,8,33.0,8,9.0,10.5,44.0,5,9.8,9.0,14.0,9.8,0,0,112.0,1,-5.333333333333333,14,ALO,Aston Martin,11.0,0.0,0.0,0.0,False,Lapped
2024,Monaco Grand Prix,8,0.0,16,15.142857142857142,8.75,14.0,6,11.0,14.0,12.0,15.4,3,0,145.0,1,0.33333333333333215,3,RIC,RB,12.0,0.0,0.0,0.0,False,Lapped
2024,Monaco Grand Prix,8,0.0,16,16.857142857142858,9.4,0.0,9,16.7,14.285714285714286,17.0,16.4,7,0,145.0,1,-3.0,77,BOT,Kick Sauber,13.0,0.0,0.0,0.0,False,Lapped
2024,Monaco Grand Prix,8,11.0,11,12.571428571428571,15.0,44.0,5,9.8,11.714285714285714,13.0,11.8,0,0,134.0,1,-1.3333333333333321,18,STR,Aston Martin,14.0,0.0,0.0,0.0,False,Lapped
2024,Monaco Grand Prix,8,0.0,16,17.5,16.0,0.0,10,16.0,18.666666666666668,15.0,17.0,0,0,145.0,1,-1.0,2,SAR,Williams,15.0,0.0,0.0,0.0,False,Lapped
2024,Monaco Grand Prix,8,0.0,16,15.0,14.5,0.0,9,16.7,18.285714285714285,18.0,15.2,0,0,145.0,1,2.666666666666666,24,ZHO,Kick Sauber,16.0,0.0,0.0,0.0,False,Lapped
2024,Monaco Grand Prix,8,1.0,14,13.714285714285714,7.5,1.0,8,14.3,14.857142857142858,11.0,13.2,1,0,144.0,1,3.0,31,OCO,Alpine,17.0,0.0,0.0,0.0,False,Retired
2024,Monaco Grand Prix,8,95.0,4,3.7142857142857144,9.0,240.0,1,3.6,4.714285714285714,16.0,4.4,6,4,50.0,1,-2.0,11,PER,Red Bull Racing,18.0,0.0,0.0,0.0,False,Retired
2024,Monaco Grand Prix,8,4.0,13,11.142857142857142,12.666666666666666,5.0,7,12.5,11.571428571428571,19.0,10.4,0,0,141.0,1,-0.6666666666666661,27,HUL,Haas F1 Team,19.0,0.0,0.0,0.0,False,Retired
2024,Monaco Grand Prix,8,1.0,14,13.428571428571429,16.5,5.0,7,12.5,16.142857142857142,20.0,14.0,0,0,144.0,1,-4.0,20,MAG,Haas F1 Team,20.0,0.0,0.0,0.0,False,Retired
2024,Canadian Grand Prix,9,153.0,1,4.0,1.0,248.0,1,3.25,1.625,2.0,2.2,39,39,0.0,0,4.0,1,VER,Red Bull Racing,1.0,25.0,25.0,0.0,False,Finished
2024,Canadian Grand Prix,9,110.0,3,3.875,16.0,176.0,3,6.5,4.25,3.0,2.8,1,1,43.0,0,1.0,4,NOR,McLaren,2.0,18.0,18.0,0.0,False,Finished
2024,Canadian Grand Prix,9,53.0,7,7.625,13.0,88.0,4,8.125,6.5,1.0,6.6,1,1,100.0,0,3.333333333333333,63,RUS,Mercedes,3.0,15.0,15.0,0.0,False,Finished
2024,Canadian Grand Prix,9,35.0,8,8.875,3.0,88.0,4,8.125,9.5,7.0,7.4,41,0,118.0,0,5.666666666666667,44,HAM,Mercedes,4.0,12.0,12.0,0.0,False,Finished
2024,Canadian Grand Prix,9,66.0,6,6.375,11.0,176.0,3,6.5,5.25,4.0,7.0,0,0,87.0,0,0.3333333333333339,81,PIA,McLaren,5.0,10.0,10.0,0.0,False,Finished
2024,Canadian Grand Prix,9,33.0,9,9.25,9.666666666666666,44.0,5,10.75,9.625,6.0,10.4,0,0,120.0,0,-6.0,14,ALO,Aston Martin,6.0,8.0,8.0,0.0,False,Finished
2024,Canadian Grand Prix,9,11.0,11,12.75,12.0,44.0,5,10.75,11.875,9.0,13.4,0,0,142.0,0,-2.333333333333334,18,STR,Aston Martin,7.0,6.0,6.0,0.0,False,Finished
2024,Canadian Grand Prix,9,0.0,18,14.75,7.0,18.0,6,12.0,13.75,5.0,15.4,3,0,153.0,0,2.9999999999999982,3,RIC,RB,8.0,4.0,4.0,0.0,False,Finished
2024,Canadian Grand Prix,9,1.0,15,14.75,11.25,2.0,8,16.625,15.5,15.0,13.4,1,0,152.0,0,1.333333333333334,10,GAS,Alpine,9.0,2.0,2.0,0.0,False,Finished
2024,Canadian Grand Prix,9,1.0,15,14.125,7.666666666666667,2.0,8,16.625,14.375,18.0,13.4,1,0,152.0,0,0.3333333333333339,31,OCO,Alpine,10.0,1.0,1.0,0.0,False,Finished
2024,Canadian Grand Prix,9,4.0,13,12.125,9.666666666666666,5.0,7,13.875,12.5,17.0,12.4,0,0,149.0,0,-3.666666666666666,27,HUL,Haas F1 Team,11.0,0.0,0.0,0.0,False,Finished
2024,Canadian Grand Prix,9,1.0,15,14.25,16.0,5.0,7,13.875,16.625,14.0,16.0,0,0,152.0,0,-4.0,20,MAG,Haas F1 Team,12.0,0.0,0.0,0.0,False,Finished
2024,Canadian Grand Prix,9,0.0,18,16.375,5.75,0.0,10,15.5,14.625,19.0,16.2,7,0,153.0,0,0.3333333333333339,77,BOT,Kick Sauber,13.0,0.0,0.0,0.0,False,Finished
2024,Canadian Grand Prix,9,18.0,10,11.25,16.0,18.0,6,12.0,10.25,8.0,10.8,0,0,135.0,0,3.666666666666666,22,TSU,RB,14.0,0.0,0.0,0.0,False,Finished
2024,Canadian Grand Prix,9,0.0,18,15.125,12.0,0.0,10,15.5,18.25,20.0,15.4,0,0,153.0,0,0.6666666666666661,24,ZHO,Kick Sauber,15.0,0.0,0.0,0.0,False,Lapped
2024,Canadian Grand Prix,9,100.0,4,3.5714285714285716,6.5,232.0,2,3.5,3.857142857142857,12.0,4.2,3,3,53.0,0,-1.333333333333333,55,SAI,Ferrari,16.0,0.0,0.0,0.0,False,Retired
2024,Canadian Grand Prix,9,2.0,14,14.5,13.0,2.0,9,14.875,12.75,10.0,15.8,0,0,151.0,0,-1.3333333333333321,23,ALB,Williams,17.0,0.0,0.0,0.0,False,Retired
2024,Canadian Grand Prix,9,95.0,5,5.5,13.0,248.0,1,3.25,6.125,16.0,7.0,6,4,58.0,0,-6.666666666666666,11,PER,Red Bull Racing,18.0,0.0,0.0,0.0,False,Retired
2024,Canadian Grand Prix,9,126.0,2,3.0,5.5,232.0,2,3.5,3.5,11.0,3.0,6,4,27.0,0,1.0,16,LEC,Ferrari,19.0,0.0,0.0,0.0,False,Retired
2024,Canadian Grand Prix,9,0.0,18,17.142857142857142,18.0,2.0,9,14.875,18.142857142857142,13.0,17.2,0,0,153.0,0,-1.3333333333333321,2,SAR,Williams,20.0,0.0,0.0,0.0,False,Retired
2024,Spanish Grand Prix,10,178.0,1,3.6666666666666665,1.0,273.0,1,1.8333333333333333,1.6666666666666667,2.0,2.2,40,40,0.0,0,-1.3333333333333333,1,VER,Red Bull Racing,1.0,25.0,25.0,0.0,False,Finished
2024,Spanish Grand Prix,10,128.0,2,3.6666666666666665,12.6,204.0,3,7.333333333333333,4.111111111111111,1.0,2.2,1,1,50.0,0,0.0,4,NOR,McLaren,2.0,18.0,18.0,0.0,False,Finished
2024,Spanish Grand Prix,10,48.0,8,8.333333333333334,1.8333333333333333,116.0,4,9.333333333333334,9.222222222222221,3.0,6.4,41,0,130.0,0,2.333333333333333,44,HAM,Mercedes,3.0,15.0,15.0,0.0,False,Finished
2024,Spanish Grand Prix,10,68.0,7,7.111111111111111,10.8,116.0,4,9.333333333333334,5.888888888888889,4.0,5.8,1,1,110.0,0,2.0,63,RUS,Mercedes,4.0,12.0,12.0,0.0,False,Finished
2024,Spanish Grand Prix,10,126.0,3,4.777777777777778,11.666666666666666,232.0,2,3.8333333333333335,4.333333333333333,5.0,6.0,6,4,52.0,0,-4.0,16,LEC,Ferrari,5.0,10.0,10.0,0.0,False,Finished
2024,Spanish Grand Prix,10,100.0,4,5.125,6.166666666666667,232.0,2,3.8333333333333335,4.875,6.0,6.8,3,3,78.0,0,-3.666666666666667,55,SAI,Ferrari,6.0,8.0,8.0,0.0,False,Finished
2024,Spanish Grand Prix,10,76.0,6,6.222222222222222,13.0,204.0,3,7.333333333333333,5.111111111111111,9.0,6.4,0,0,102.0,0,6.0,81,PIA,McLaren,7.0,6.0,6.0,0.0,False,Finished
2024,Spanish Grand Prix,10,95.0,5,6.888888888888889,6.666666666666667,273.0,1,1.8333333333333333,7.222222222222222,11.0,10.2,6,4,83.0,0,-11.666666666666666,11,PER,Red Bull Racing,8.0,4.0,4.0,0.0,False,Finished
2024,Spanish Grand Prix,10,3.0,15,14.11111111111111,11.166666666666666,5.0,7,13.416666666666666,15.444444444444445,7.0,12.0,1,0,175.0,0,2.0,10,GAS,Alpine,9.0,2.0,2.0,0.0,False,Finished
2024,Spanish Grand Prix,10,2.0,16,13.666666666666666,10.6,5.0,7,13.416666666666666,14.777777777777779,8.0,12.4,1,0,176.0,0,-1.666666666666666,31,OCO,Alpine,10.0,1.0,1.0,0.0,False,Finished
2024,Spanish Grand Prix,10,4.0,13,12.0,16.0,5.0,8,14.5,13.0,13.0,12.4,0,0,174.0,0,-3.0,27,HUL,Haas F1 Team,11.0,0.0,0.0,0.0,False,Finished
2024,Spanish Grand Prix,10,41.0,9,8.88888888888889,10.25,58.0,5,11.833333333333334,9.222222222222221,10.0,10.4,0,0,137.0,0,-4.666666666666667,14,ALO,Aston Martin,12.0,0.0,0.0,0.0,False,Lapped
2024,Spanish Grand Prix,10,0.0,19,15.11111111111111,14.0,0.0,10,16.25,18.444444444444443,15.0,14.8,0,0,178.0,0,0.0,24,ZHO,Kick Sauber,13.0,0.0,0.0,0.0,False,Lapped
2024,Spanish Grand Prix,10,17.0,11,12.11111111111111,11.0,58.0,5,11.833333333333334,11.555555555555555,14.0,12.4,0,0,161.0,0,4.666666666666666,18,STR,Aston Martin,14.0,0.0,0.0,0.0,False,Lapped
2024,Spanish Grand Prix,10,4.0,13,14.0,9.2,22.0,6,11.833333333333334,12.777777777777779,18.0,13.2,3,0,174.0,0,6.333333333333332,3,RIC,RB,15.0,0.0,0.0,0.0,False,Lapped
2024,Spanish Grand Prix,10,0.0,19,16.0,5.833333333333333,0.0,10,16.25,15.11111111111111,12.0,16.0,7,0,178.0,0,2.0000000000000018,77,BOT,Kick Sauber,16.0,0.0,0.0,0.0,False,Lapped
2024,Spanish Grand Prix,10,1.0,18,14.0,12.6,5.0,8,14.5,16.333333333333332,16.0,15.8,0,0,177.0,0,1.333333333333334,20,MAG,Haas F1 Team,17.0,0.0,0.0,0.0,False,Lapped
2024,Spanish Grand Prix,10,2.0,16,14.777777777777779,13.25,2.0,9,14.833333333333334,12.444444444444445,20.0,15.2,0,0,176.0,0,1.333333333333334,23,ALB,Williams,18.0,0.0,0.0,0.0,False,Lapped
2024,Spanish Grand Prix,10,18.0,10,11.555555555555555,14.0,22.0,6,11.833333333333334,10.0,17.0,11.6,0,0,160.0,0,1.333333333333334,22,TSU,RB,19.0,0.0,0.0,0.0,False,Lapped
2024,Spanish Grand Prix,10,0.0,19,17.5,17.5,2.0,9,14.833333333333334,17.5,19.0,17.8,0,0,178.0,0,0.6666666666666679,2,SAR,Williams,20.0,0.0,0.0,0.0,False,Lapped
2024,Austrian Grand Prix,11,80.0,7,6.8,11.0,143.0,4,7.666666666666667,5.7,3.0,5.4,1,1,123.0,0,3.0,63,RUS,Mercedes,1.0,30.0,25.0,5.0,False,Finished
2024,Austrian Grand Prix,11,82.0,6,6.3,16.0,229.0,3,6.75,5.5,7.0,6.2,0,0,121.0,0,3.666666666666667,81,PIA,McLaren,2.0,25.0,18.0,7.0,False,Finished
2024,Austrian Grand Prix,11,108.0,4,5.222222222222222,9.0,250.0,2,5.5,5.0,4.0,7.0,3,3,95.0,0,-3.333333333333334,55,SAI,Ferrari,3.0,19.0,15.0,4.0,False,Finished
2024,Austrian Grand Prix,11,63.0,8,7.8,6.666666666666667,143.0,4,7.666666666666667,8.6,5.0,5.2,41,0,140.0,0,2.333333333333333,44,HAM,Mercedes,4.0,15.0,12.0,3.0,False,Finished
2024,Austrian Grand Prix,11,203.0,1,3.4,1.5,302.0,1,3.0,1.7,1.0,2.2,41,41,0.0,0,-1.3333333333333333,1,VER,Red Bull Racing,5.0,18.0,10.0,8.0,False,Finished
2024,Austrian Grand Prix,11,4.0,14,11.9,17.666666666666668,5.0,8,14.333333333333334,13.0,9.0,12.6,0,0,199.0,0,-3.0,27,HUL,Haas F1 Team,6.0,8.0,8.0,0.0,False,Finished
2024,Austrian Grand Prix,11,99.0,5,7.0,8.833333333333334,302.0,1,3.0,7.6,8.0,11.2,6,4,104.0,0,-9.666666666666666,11,PER,Red Bull Racing,7.0,7.0,6.0,1.0,False,Finished
2024,Austrian Grand Prix,11,1.0,18,14.3,13.4,5.0,8,14.333333333333334,16.3,12.0,16.0,0,0,202.0,0,-0.6666666666666661,20,MAG,Haas F1 Team,8.0,4.0,4.0,0.0,False,Finished
2024,Austrian Grand Prix,11,4.0,14,14.1,13.0,22.0,6,12.583333333333334,13.3,11.0,12.6,3,0,199.0,0,3.666666666666668,3,RIC,RB,9.0,2.0,2.0,0.0,False,Finished
2024,Austrian Grand Prix,11,5.0,13,13.6,9.833333333333334,8.0,7,14.916666666666666,14.6,13.0,11.2,1,0,198.0,0,4.333333333333332,10,GAS,Alpine,10.0,1.0,1.0,0.0,False,Finished
2024,Austrian Grand Prix,11,136.0,3,4.8,4.0,250.0,2,5.5,4.4,6.0,6.2,6,4,67.0,0,-5.0,16,LEC,Ferrari,11.0,2.0,0.0,2.0,False,Finished
2024,Austrian Grand Prix,11,3.0,16,13.3,10.6,8.0,7,14.916666666666666,14.1,10.0,12.2,1,0,200.0,0,-0.6666666666666679,31,OCO,Alpine,12.0,0.0,0.0,0.0,False,Finished
2024,Austrian Grand Prix,11,17.0,11,12.3,13.5,58.0,5,9.333333333333334,11.8,17.0,12.2,0,0,186.0,0,2.0,18,STR,Aston Martin,13.0,0.0,0.0,0.0,False,Lapped
2024,Austrian Grand Prix,11,18.0,10,12.3,15.666666666666666,22.0,6,12.583333333333334,10.7,14.0,11.6,0,0,185.0,0,-1.666666666666666,22,TSU,RB,14.0,0.0,0.0,0.0,False,Lapped
2024,Austrian Grand Prix,11,2.0,17,15.1,12.75,2.0,9,16.5,13.2,16.0,16.4,0,0,201.0,0,2.0000000000000018,23,ALB,Williams,15.0,0.0,0.0,0.0,False,Lapped
2024,Austrian Grand Prix,11,0.0,19,16.0,8.5,0.0,10,14.416666666666666,14.8,18.0,15.2,7,0,203.0,0,4.0,77,BOT,Kick Sauber,16.0,0.0,0.0,0.0,False,Lapped
2024,Austrian Grand Prix,11,0.0,19,14.9,13.0,0.0,10,14.416666666666666,18.1,20.0,14.6,0,0,203.0,0,-0.33333333333333215,24,ZHO,Kick Sauber,17.0,0.0,0.0,0.0,False,Lapped
2024,Austrian Grand Prix,11,41.0,9,9.2,8.25,58.0,5,9.333333333333334,9.3,15.0,11.4,0,0,162.0,0,2.0,14,ALO,Aston Martin,18.0,0.0,0.0,0.0,False,Lapped
2024,Austrian Grand Prix,11,0.0,19,17.77777777777778,14.0,2.0,9,16.5,17.666666666666668,19.0,18.4,0,0,203.0,0,-0.33333333333333215,2,SAR,Williams,19.0,0.0,0.0,0.0,False,Lapped
2024,Austrian Grand Prix,11,147.0,2,3.5,4.6,229.0,3,6.75,3.8,2.0,2.2,1,1,56.0,0,-0.9999999999999998,4,NOR,McLaren,20.0,6.0,0.0,6.0,False,Lapped
2024,British Grand Prix,12,75.0,8,7.454545454545454,1.8333333333333333,180.0,4,9.166666666666666,8.272727272727273,2.0,4.8,41,0,138.0,0,2.6666666666666665,44,HAM,Mercedes,1.0,25.0,25.0,0.0,False,Finished
2024,British Grand Prix,12,213.0,1,3.5454545454545454,4.0,318.0,1,2.9166666666666665,1.6363636363636365,4.0,2.8,41,41,0.0,0,0.6666666666666665,1,VER,Red Bull Racing,2.0,18.0,18.0,0.0,False,Finished
2024,British Grand Prix,12,147.0,2,5.0,5.6,247.0,3,7.25,3.6363636363636362,3.0,6.0,1,1,66.0,0,-5.666666666666666,4,NOR,McLaren,3.0,15.0,15.0,0.0,False,Finished
2024,British Grand Prix,12,100.0,7,5.909090909090909,4.0,247.0,3,7.25,5.636363636363637,5.0,4.0,0,0,113.0,0,1.666666666666666,81,PIA,McLaren,4.0,12.0,12.0,0.0,False,Finished
2024,British Grand Prix,12,123.0,4,5.0,8.833333333333334,265.0,2,4.0,4.9,7.0,6.6,3,3,90.0,0,-4.000000000000001,55,SAI,Ferrari,5.0,10.0,10.0,0.0,False,Finished
2024,British Grand Prix,12,12.0,12,11.363636363636363,12.25,17.0,7,13.0,12.636363636363637,6.0,11.6,0,0,201.0,0,4.333333333333332,27,HUL,Haas F1 Team,6.0,8.0,8.0,0.0,False,Finished
2024,British Grand Prix,12,17.0,11,12.363636363636363,11.166666666666666,58.0,5,9.75,12.272727272727273,8.0,11.4,0,0,196.0,0,2.0,18,STR,Aston Martin,7.0,6.0,6.0,0.0,False,Finished
2024,British Grand Prix,12,41.0,9,10.0,6.75,58.0,5,9.75,9.818181818181818,10.0,13.2,0,0,172.0,0,1.0,14,ALO,Aston Martin,8.0,4.0,4.0,0.0,False,Finished
2024,British Grand Prix,12,2.0,18,15.090909090909092,12.0,2.0,9,16.333333333333332,13.454545454545455,9.0,15.8,0,0,211.0,0,-1.0000000000000018,23,ALB,Williams,9.0,2.0,2.0,0.0,False,Finished
2024,British Grand Prix,12,18.0,10,12.454545454545455,13.333333333333334,24.0,6,10.666666666666666,11.0,13.0,13.0,0,0,195.0,0,-7.333333333333332,22,TSU,RB,10.0,1.0,1.0,0.0,False,Finished
2024,British Grand Prix,12,0.0,19,17.9,11.0,2.0,9,16.333333333333332,17.8,12.0,18.2,0,0,213.0,0,-2.3333333333333357,2,SAR,Williams,11.0,0.0,0.0,0.0,False,Finished
2024,British Grand Prix,12,5.0,16,13.727272727272727,15.4,17.0,7,13.0,15.909090909090908,17.0,13.8,0,0,208.0,0,4.666666666666666,20,MAG,Haas F1 Team,12.0,0.0,0.0,0.0,False,Finished
2024,British Grand Prix,12,6.0,13,13.636363636363637,6.8,24.0,6,10.666666666666666,13.090909090909092,15.0,11.4,3,0,207.0,0,2.666666666666668,3,RIC,RB,13.0,0.0,0.0,0.0,False,Lapped
2024,British Grand Prix,12,136.0,3,5.363636363636363,6.666666666666667,265.0,2,4.0,4.545454545454546,11.0,7.8,6,4,77.0,0,-9.333333333333332,16,LEC,Ferrari,14.0,0.0,0.0,0.0,False,Lapped
2024,British Grand Prix,12,0.0,19,16.0,8.166666666666666,0.0,10,14.833333333333334,15.090909090909092,16.0,15.2,7,0,213.0,0,0.6666666666666661,77,BOT,Kick Sauber,15.0,0.0,0.0,0.0,False,Lapped
2024,British Grand Prix,12,3.0,17,13.181818181818182,11.4,9.0,8,17.083333333333332,13.727272727272727,18.0,12.6,1,0,210.0,0,3.0,31,OCO,Alpine,16.0,0.0,0.0,0.0,False,Lapped
2024,British Grand Prix,12,105.0,5,7.0,10.2,318.0,1,2.9166666666666665,7.636363636363637,20.0,11.8,6,4,108.0,0,-1.0,11,PER,Red Bull Racing,17.0,0.0,0.0,0.0,False,Lapped
2024,British Grand Prix,12,0.0,19,15.090909090909092,17.0,0.0,10,14.833333333333334,18.272727272727273,14.0,15.2,0,0,213.0,0,0.0,24,ZHO,Kick Sauber,18.0,0.0,0.0,0.0,False,Lapped
2024,British Grand Prix,12,105.0,5,6.2727272727272725,12.2,180.0,4,9.166666666666666,5.454545454545454,1.0,4.0,2,2,108.0,0,4.0,63,RUS,Mercedes,19.0,0.0,0.0,0.0,False,Retired
2024,British Grand Prix,12,6.0,13,13.272727272727273,11.5,9.0,8,17.083333333333332,14.454545454545455,19.0,10.8,1,0,207.0,0,3.333333333333332,10,GAS,Alpine,20.0,0.0,0.0,0.0,False,Did not start
2024,Hungarian Grand Prix,13,112.0,5,5.75,5.0,274.0,3,6.666666666666667,5.583333333333333,2.0,4.0,0,0,119.0,0,-0.6666666666666665,81,PIA,McLaren,1.0,25.0,25.0,0.0,False,Finished
2024,Hungarian Grand Prix,13,162.0,2,4.833333333333333,9.2,274.0,3,6.666666666666667,3.5833333333333335,1.0,6.2,1,1,69.0,0,-5.666666666666668,4,NOR,McLaren,2.0,18.0,18.0,0.0,False,Finished
2024,Hungarian Grand Prix,13,100.0,8,6.916666666666667,1.8333333333333333,205.0,4,8.416666666666666,7.75,5.0,3.8,42,1,131.0,0,3.0000000000000004,44,HAM,Mercedes,3.0,15.0,15.0,0.0,False,Finished
2024,Hungarian Grand Prix,13,136.0,3,6.083333333333333,11.0,276.0,2,3.5,5.083333333333333,6.0,10.0,6,4,95.0,0,-2.333333333333333,16,LEC,Ferrari,4.0,12.0,12.0,0.0,False,Finished
2024,Hungarian Grand Prix,13,231.0,1,3.4166666666666665,1.0,336.0,1,2.8333333333333335,1.8333333333333333,3.0,3.0,41,41,0.0,0,0.0,1,VER,Red Bull Racing,5.0,10.0,10.0,0.0,False,Finished
2024,Hungarian Grand Prix,13,134.0,4,5.0,6.333333333333333,276.0,2,3.5,5.090909090909091,4.0,6.6,3,3,97.0,0,3.333333333333333,55,SAI,Ferrari,6.0,8.0,8.0,0.0,False,Finished
2024,Hungarian Grand Prix,13,105.0,6,7.833333333333333,9.5,336.0,1,2.8333333333333335,8.666666666666666,16.0,13.6,6,4,126.0,0,4.0,11,PER,Red Bull Racing,7.0,6.0,6.0,0.0,False,Finished
2024,Hungarian Grand Prix,13,105.0,6,7.333333333333333,10.2,205.0,4,8.416666666666666,5.083333333333333,17.0,6.4,2,2,126.0,0,-3.0,63,RUS,Mercedes,8.0,4.0,4.0,0.0,False,Finished
2024,Hungarian Grand Prix,13,19.0,12,12.25,13.333333333333334,25.0,6,12.333333333333334,11.166666666666666,10.0,13.0,0,0,212.0,0,-3.666666666666668,22,TSU,RB,9.0,2.0,2.0,0.0,False,Finished
2024,Hungarian Grand Prix,13,23.0,10,11.916666666666666,13.0,68.0,5,10.0,11.916666666666666,8.0,11.0,0,0,208.0,0,-1.333333333333334,18,STR,Aston Martin,10.0,1.0,1.0,0.0,False,Finished
2024,Hungarian Grand Prix,13,45.0,9,9.833333333333334,7.25,68.0,5,10.0,9.833333333333334,7.0,11.0,0,0,186.0,0,-0.6666666666666661,14,ALO,Aston Martin,11.0,0.0,0.0,0.0,False,Finished
2024,Hungarian Grand Prix,13,6.0,13,13.583333333333334,10.833333333333334,25.0,6,12.333333333333334,13.25,9.0,11.4,3,0,225.0,0,-1.333333333333334,3,RIC,RB,12.0,0.0,0.0,0.0,False,Lapped
2024,Hungarian Grand Prix,13,20.0,11,10.916666666666666,12.666666666666666,25.0,7,13.083333333333334,12.083333333333334,11.0,10.6,0,0,211.0,0,5.999999999999999,27,HUL,Haas F1 Team,13.0,0.0,0.0,0.0,False,Lapped
2024,Hungarian Grand Prix,13,4.0,17,14.583333333333334,10.75,4.0,9,15.0,13.083333333333334,13.0,13.6,0,0,227.0,0,1.333333333333334,23,ALB,Williams,14.0,0.0,0.0,0.0,False,Lapped
2024,Hungarian Grand Prix,13,5.0,16,13.583333333333334,12.6,25.0,7,13.083333333333334,16.0,15.0,13.8,0,0,226.0,0,2.333333333333332,20,MAG,Haas F1 Team,15.0,0.0,0.0,0.0,False,Lapped
2024,Hungarian Grand Prix,13,0.0,19,15.916666666666666,10.666666666666666,0.0,10,16.25,15.166666666666666,12.0,14.6,7,0,231.0,0,-1.0,77,BOT,Kick Sauber,16.0,0.0,0.0,0.0,False,Lapped
2024,Hungarian Grand Prix,13,0.0,19,17.272727272727273,18.0,4.0,9,15.0,17.272727272727273,14.0,17.0,0,0,231.0,0,0.6666666666666643,2,SAR,Williams,17.0,0.0,0.0,0.0,False,Lapped
2024,Hungarian Grand Prix,13,3.0,18,13.416666666666666,11.2,9.0,8,16.916666666666668,14.083333333333334,19.0,13.0,1,0,228.0,0,1.0,31,OCO,Alpine,18.0,0.0,0.0,0.0,False,Lapped
2024,Hungarian Grand Prix,13,0.0,19,15.333333333333334,14.5,0.0,10,16.25,17.916666666666668,18.0,15.8,0,0,231.0,0,-0.6666666666666661,24,ZHO,Kick Sauber,19.0,0.0,0.0,0.0,False,Lapped
2024,Hungarian Grand Prix,13,6.0,13,13.833333333333334,11.5,9.0,8,16.916666666666668,14.833333333333334,20.0,11.6,1,0,225.0,0,-1.333333333333334,10,GAS,Alpine,20.0,0.0,0.0,0.0,False,Retired
2024,Belgian Grand Prix,14,115.0,6,6.615384615384615,5.333333333333333,225.0,4,9.833333333333334,7.538461538461538,3.0,3.0,42,1,126.0,0,2.0000000000000004,44,HAM,Mercedes,1.0,25.0,25.0,0.0,False,Finished
2024,Belgian Grand Prix,14,137.0,5,5.384615384615385,20.0,317.0,2,5.166666666666667,5.3076923076923075,5.0,3.8,1,1,104.0,0,2.3333333333333335,81,PIA,McLaren,2.0,18.0,18.0,0.0,False,Finished
2024,Belgian Grand Prix,14,148.0,3,5.923076923076923,8.333333333333334,296.0,3,7.833333333333333,5.153846153846154,1.0,10.6,6,4,93.0,0,-1.3333333333333321,16,LEC,Ferrari,3.0,15.0,15.0,0.0,False,Finished
2024,Belgian Grand Prix,14,241.0,1,3.5384615384615383,1.0,352.0,1,3.3333333333333335,1.9230769230769231,11.0,2.8,41,41,0.0,0,-1.3333333333333335,1,VER,Red Bull Racing,4.0,12.0,12.0,0.0,False,Finished
2024,Belgian Grand Prix,14,180.0,2,4.615384615384615,10.2,317.0,2,5.166666666666667,3.3846153846153846,4.0,5.8,1,1,61.0,0,-5.666666666666668,4,NOR,McLaren,5.0,10.0,10.0,0.0,False,Finished
2024,Belgian Grand Prix,14,142.0,4,5.083333333333333,13.666666666666666,296.0,3,7.833333333333333,5.0,7.0,7.2,3,3,99.0,0,3.666666666666667,55,SAI,Ferrari,6.0,8.0,8.0,0.0,False,Finished
2024,Belgian Grand Prix,14,111.0,7,7.769230769230769,7.333333333333333,352.0,1,3.3333333333333335,9.23076923076923,2.0,11.4,6,4,130.0,0,4.333333333333332,11,PER,Red Bull Racing,7.0,6.0,6.0,0.0,False,Finished
2024,Belgian Grand Prix,14,45.0,9,9.923076923076923,10.0,69.0,5,10.083333333333334,9.615384615384615,8.0,11.0,0,0,196.0,0,-2.666666666666668,14,ALO,Aston Martin,8.0,4.0,4.0,0.0,False,Finished
2024,Belgian Grand Prix,14,3.0,18,13.76923076923077,6.6,9.0,8,14.333333333333334,14.461538461538462,9.0,13.2,1,0,238.0,0,-3.0,31,OCO,Alpine,9.0,2.0,2.0,0.0,False,Finished
2024,Belgian Grand Prix,14,6.0,13,13.461538461538462,11.5,27.0,6,10.5,12.923076923076923,13.0,11.4,3,0,235.0,0,0.33333333333333215,3,RIC,RB,10.0,1.0,1.0,0.0,False,Finished
2024,Belgian Grand Prix,14,24.0,10,11.76923076923077,12.0,69.0,5,10.083333333333334,11.615384615384615,15.0,10.2,0,0,217.0,0,1.666666666666666,18,STR,Aston Martin,11.0,0.0,0.0,0.0,False,Finished
2024,Belgian Grand Prix,14,4.0,17,14.538461538461538,8.75,4.0,9,15.0,13.076923076923077,10.0,14.6,0,0,237.0,0,2.0,23,ALB,Williams,12.0,0.0,0.0,0.0,False,Finished
2024,Belgian Grand Prix,14,6.0,13,14.307692307692308,8.666666666666666,9.0,8,14.333333333333334,15.23076923076923,12.0,13.6,1,0,235.0,0,-7.333333333333334,10,GAS,Alpine,13.0,0.0,0.0,0.0,False,Finished
2024,Belgian Grand Prix,14,5.0,16,13.692307692307692,13.6,25.0,7,13.666666666666666,15.923076923076923,17.0,12.8,0,0,236.0,0,4.666666666666666,20,MAG,Haas F1 Team,14.0,0.0,0.0,0.0,False,Finished
2024,Belgian Grand Prix,14,0.0,19,15.923076923076923,8.666666666666666,0.0,10,15.25,14.923076923076923,14.0,15.2,7,0,241.0,0,-1.666666666666666,77,BOT,Kick Sauber,15.0,0.0,0.0,0.0,False,Finished
2024,Belgian Grand Prix,14,21.0,11,12.0,12.666666666666666,27.0,6,10.5,11.076923076923077,20.0,13.2,0,0,220.0,0,2.666666666666666,22,TSU,RB,16.0,0.0,0.0,0.0,False,Finished
2024,Belgian Grand Prix,14,0.0,19,17.25,16.0,4.0,9,15.0,17.0,18.0,17.4,0,0,241.0,0,2.666666666666666,2,SAR,Williams,17.0,0.0,0.0,0.0,False,Finished
2024,Belgian Grand Prix,14,20.0,12,11.076923076923077,15.333333333333334,25.0,7,13.666666666666666,12.0,16.0,9.4,0,0,221.0,0,5.333333333333332,27,HUL,Haas F1 Team,18.0,0.0,0.0,0.0,False,Finished
2024,Belgian Grand Prix,14,0.0,19,15.615384615384615,13.5,0.0,10,15.25,17.923076923076923,19.0,16.4,0,0,241.0,0,-3.333333333333334,24,ZHO,Kick Sauber,19.0,0.0,0.0,0.0,False,Retired
2024,Belgian Grand Prix,14,110.0,8,7.384615384615385,9.2,225.0,4,9.833333333333334,6.0,6.0,7.0,2,2,131.0,0,-5.333333333333334,63,RUS,Mercedes,20.0,0.0,0.0,0.0,True,Disqualified
2024,Dutch Grand Prix,15,190.0,2,4.642857142857143,8.0,345.0,2,4.666666666666667,3.4285714285714284,1.0,6.4,1,1,63.0,0,4.666666666666666,4,NOR,McLaren,1.0,25.0,25.0,0.0,False,Finished
2024,Dutch Grand Prix,15,253.0,1,3.5714285714285716,1.0,371.0,1,2.6666666666666665,2.5714285714285716,2.0,3.4,41,41,0.0,0,-1.333333333333333,1,VER,Red Bull Racing,2.0,18.0,18.0,0.0,False,Finished
2024,Dutch Grand Prix,15,163.0,3,5.714285714285714,9.0,319.0,3,6.0,4.857142857142857,6.0,7.4,6,4,90.0,0,4.666666666666666,16,LEC,Ferrari,3.0,15.0,15.0,0.0,False,Finished
2024,Dutch Grand Prix,15,155.0,4,5.142857142857143,9.0,345.0,2,4.666666666666667,5.285714285714286,3.0,3.2,1,1,98.0,0,2.3333333333333335,81,PIA,McLaren,4.0,12.0,12.0,0.0,False,Finished
2024,Dutch Grand Prix,15,150.0,5,5.153846153846154,6.666666666666667,319.0,3,6.0,5.153846153846154,10.0,5.2,3,3,103.0,0,2.666666666666667,55,SAI,Ferrari,5.0,10.0,10.0,0.0,False,Finished
2024,Dutch Grand Prix,15,118.0,7,7.714285714285714,5.666666666666667,371.0,1,2.6666666666666665,8.714285714285714,5.0,9.2,6,4,135.0,0,0.6666666666666661,11,PER,Red Bull Racing,6.0,8.0,8.0,0.0,False,Finished
2024,Dutch Grand Prix,15,110.0,8,8.285714285714286,12.0,250.0,4,10.333333333333334,6.0,4.0,10.4,2,2,143.0,0,-13.0,63,RUS,Mercedes,7.0,6.0,6.0,0.0,False,Finished
2024,Dutch Grand Prix,15,140.0,6,6.214285714285714,4.0,250.0,4,10.333333333333334,7.214285714285714,14.0,2.4,43,2,113.0,0,1.9999999999999998,44,HAM,Mercedes,8.0,4.0,4.0,0.0,False,Finished
2024,Dutch Grand Prix,15,6.0,14,14.214285714285714,6.0,11.0,8,15.333333333333334,15.0,9.0,14.4,1,0,247.0,0,-8.333333333333334,10,GAS,Alpine,9.0,2.0,2.0,0.0,False,Lapped
2024,Dutch Grand Prix,15,49.0,9,9.785714285714286,4.666666666666667,73.0,5,10.333333333333334,9.5,7.0,11.4,0,0,204.0,0,3.0,14,ALO,Aston Martin,10.0,1.0,1.0,0.0,False,Lapped
2024,Dutch Grand Prix,15,20.0,12,11.571428571428571,12.0,25.0,7,14.666666666666666,12.285714285714286,12.0,10.8,0,0,233.0,0,-3.0,27,HUL,Haas F1 Team,11.0,0.0,0.0,0.0,False,Lapped
2024,Dutch Grand Prix,15,7.0,13,13.214285714285714,14.0,28.0,6,10.166666666666666,12.928571428571429,13.0,11.8,3,0,246.0,0,-1.0,3,RIC,RB,12.0,0.0,0.0,0.0,False,Lapped
2024,Dutch Grand Prix,15,24.0,10,11.714285714285714,11.0,73.0,5,10.333333333333334,11.857142857142858,8.0,11.0,0,0,229.0,0,2.0,18,STR,Aston Martin,13.0,0.0,0.0,0.0,False,Lapped
2024,Dutch Grand Prix,15,4.0,18,14.357142857142858,10.0,4.0,9,15.666666666666666,12.857142857142858,19.0,13.6,0,0,249.0,0,5.000000000000002,23,ALB,Williams,14.0,0.0,0.0,0.0,False,Lapped
2024,Dutch Grand Prix,15,5.0,16,13.428571428571429,9.333333333333334,11.0,8,15.333333333333334,14.071428571428571,15.0,13.0,1,0,248.0,0,-3.666666666666668,31,OCO,Alpine,15.0,0.0,0.0,0.0,False,Lapped
2024,Dutch Grand Prix,15,0.0,19,17.23076923076923,20.0,4.0,9,15.666666666666666,17.076923076923077,18.0,16.8,0,0,253.0,0,4.666666666666668,2,SAR,Williams,16.0,0.0,0.0,0.0,False,Lapped
2024,Dutch Grand Prix,15,21.0,11,12.285714285714286,18.0,28.0,6,10.166666666666666,11.714285714285714,11.0,13.6,0,0,232.0,0,4.0,22,TSU,RB,17.0,0.0,0.0,0.0,False,Lapped
2024,Dutch Grand Prix,15,5.0,16,13.714285714285714,15.5,25.0,7,14.666666666666666,16.0,20.0,13.2,0,0,248.0,0,-1.3333333333333321,20,MAG,Haas F1 Team,18.0,0.0,0.0,0.0,False,Lapped
2024,Dutch Grand Prix,15,0.0,19,15.857142857142858,12.0,0.0,10,15.166666666666666,14.857142857142858,16.0,15.6,7,0,253.0,0,-0.3333333333333339,77,BOT,Kick Sauber,19.0,0.0,0.0,0.0,False,Lapped
2024,Dutch Grand Prix,15,0.0,19,15.857142857142858,17.0,0.0,10,15.166666666666666,18.0,17.0,17.2,0,0,253.0,0,-3.666666666666668,24,ZHO,Kick Sauber,20.0,0.0,0.0,0.0,False,Lapped
2024,Italian Grand Prix,16,178.0,3,5.533333333333333,6.666666666666667,344.0,3,6.083333333333333,4.933333333333334,4.0,7.0,6,4,93.0,0,6.666666666666666,16,LEC,Ferrari,1.0,25.0,25.0,0.0,False,Finished
2024,Italian Grand Prix,16,167.0,4,5.066666666666666,12.0,383.0,2,4.416666666666667,5.133333333333334,2.0,2.6,1,1,104.0,0,1.9999999999999996,81,PIA,McLaren,2.0,18.0,18.0,0.0,False,Finished
2024,Italian Grand Prix,16,216.0,2,4.4,6.2,383.0,2,4.416666666666667,3.2666666666666666,1.0,6.2,2,2,55.0,0,5.666666666666668,4,NOR,McLaren,3.0,15.0,15.0,0.0,False,Finished
2024,Italian Grand Prix,16,160.0,5,5.142857142857143,7.166666666666667,344.0,3,6.083333333333333,5.5,5.0,5.0,3,3,111.0,0,-1.0,55,SAI,Ferrari,4.0,12.0,12.0,0.0,False,Finished
2024,Italian Grand Prix,16,144.0,6,6.333333333333333,6.5,260.0,4,9.666666666666666,7.666666666666667,6.0,3.4,43,2,127.0,0,-1.3333333333333335,44,HAM,Mercedes,5.0,10.0,10.0,0.0,False,Finished
2024,Italian Grand Prix,16,271.0,1,3.466666666666667,1.0,397.0,1,2.3333333333333335,2.533333333333333,7.0,3.6,41,41,0.0,0,-1.0,1,VER,Red Bull Racing,6.0,8.0,8.0,0.0,False,Finished
2024,Italian Grand Prix,16,116.0,8,8.2,9.0,260.0,4,9.666666666666666,5.866666666666666,3.0,11.0,2,2,155.0,0,-3.666666666666666,63,RUS,Mercedes,7.0,6.0,6.0,0.0,False,Finished
2024,Italian Grand Prix,16,126.0,7,7.6,6.166666666666667,397.0,1,2.3333333333333335,8.466666666666667,8.0,8.8,6,4,145.0,0,3.999999999999999,11,PER,Red Bull Racing,8.0,4.0,4.0,0.0,False,Finished
2024,Italian Grand Prix,16,4.0,18,14.333333333333334,9.333333333333334,4.0,9,16.0,13.266666666666667,9.0,12.8,0,0,267.0,0,0.6666666666666661,23,ALB,Williams,9.0,2.0,2.0,0.0,False,Finished
2024,Italian Grand Prix,16,5.0,16,14.0,17.4,25.0,7,14.25,16.266666666666666,13.0,13.4,0,0,266.0,0,-3.333333333333332,20,MAG,Haas F1 Team,10.0,1.0,1.0,0.0,False,Finished
2024,Italian Grand Prix,16,50.0,9,9.8,13.5,74.0,5,9.583333333333334,9.333333333333334,11.0,11.0,0,0,221.0,0,3.0,14,ALO,Aston Martin,11.0,0.0,0.0,0.0,False,Finished
2024,Italian Grand Prix,16,0.0,20,,10.0,0.0,10,16.0,18.0,18.0,,0,0,271.0,0,0.0,43,COL,Williams,12.0,0.0,0.0,0.0,False,Finished
2024,Italian Grand Prix,16,7.0,14,13.133333333333333,9.0,28.0,6,11.583333333333334,12.933333333333334,12.0,11.2,3,0,264.0,0,1.0,3,RIC,RB,13.0,0.0,0.0,0.0,False,Finished
2024,Italian Grand Prix,16,5.0,16,13.533333333333333,10.8,13.0,8,15.083333333333334,14.133333333333333,15.0,14.0,1,0,266.0,0,-1.333333333333334,31,OCO,Alpine,14.0,0.0,0.0,0.0,False,Lapped
2024,Italian Grand Prix,16,8.0,13,13.866666666666667,11.333333333333334,13.0,8,15.083333333333334,14.6,14.0,14.4,1,0,263.0,0,-1.0,10,GAS,Alpine,15.0,0.0,0.0,0.0,False,Lapped
2024,Italian Grand Prix,16,0.0,19,16.066666666666666,6.0,0.0,10,16.0,14.933333333333334,19.0,16.2,7,0,271.0,0,-1.0000000000000018,77,BOT,Kick Sauber,16.0,0.0,0.0,0.0,False,Lapped
2024,Italian Grand Prix,16,20.0,12,11.533333333333333,11.666666666666666,25.0,7,14.25,12.266666666666667,10.0,10.8,0,0,251.0,0,-6.333333333333333,27,HUL,Haas F1 Team,17.0,0.0,0.0,0.0,False,Lapped
2024,Italian Grand Prix,16,0.0,19,16.133333333333333,12.0,0.0,10,16.0,17.933333333333334,20.0,18.6,0,0,271.0,0,-3.333333333333332,24,ZHO,Kick Sauber,18.0,0.0,0.0,0.0,False,Lapped
2024,Italian Grand Prix,16,24.0,10,11.8,10.833333333333334,74.0,5,9.583333333333334,11.6,17.0,10.8,0,0,247.0,0,0.0,18,STR,Aston Martin,19.0,0.0,0.0,0.0,False,Lapped
2024,Italian Grand Prix,16,21.0,11,12.6,18.0,28.0,6,11.583333333333334,11.666666666666666,16.0,13.2,0,0,250.0,0,0.3333333333333339,22,TSU,RB,20.0,0.0,0.0,0.0,False,Retired
2024,Azerbaijan Grand Prix,17,185.0,4,4.875,11.0,417.0,1,3.4,4.9375,2.0,2.6,1,1,94.0,1,-0.33333333333333304,81,PIA,McLaren,1.0,25.0,25.0,0.0,False,Finished
2024,Azerbaijan Grand Prix,17,203.0,3,5.25,7.4,381.0,3,9.3,4.875,1.0,5.0,7,5,76.0,1,7.333333333333332,16,LEC,Ferrari,2.0,18.0,18.0,0.0,False,Finished
2024,Azerbaijan Grand Prix,17,122.0,8,8.125,10.75,276.0,4,8.6,5.6875,5.0,12.2,2,2,157.0,1,-2.0,63,RUS,Mercedes,3.0,15.0,15.0,0.0,False,Finished
2024,Azerbaijan Grand Prix,17,232.0,2,4.3125,7.75,417.0,1,3.4,3.125,15.0,2.8,2,2,47.0,1,5.333333333333334,4,NOR,McLaren,4.0,12.0,12.0,0.0,False,Finished
2024,Azerbaijan Grand Prix,17,279.0,1,3.625,1.5,409.0,2,4.8,2.8125,6.0,3.8,41,41,0.0,1,0.0,1,VER,Red Bull Racing,5.0,10.0,10.0,0.0,False,Finished
2024,Azerbaijan Grand Prix,17,50.0,9,9.875,6.0,74.0,5,8.3,9.4375,7.0,9.6,0,0,229.0,1,2.666666666666668,14,ALO,Aston Martin,6.0,8.0,8.0,0.0,False,Finished
2024,Azerbaijan Grand Prix,17,6.0,15,14.0,11.666666666666666,6.0,9,15.1,13.0,9.0,11.6,0,0,273.0,1,1.0,23,ALB,Williams,7.0,6.0,6.0,0.0,False,Finished
2024,Azerbaijan Grand Prix,17,0.0,19,12.0,10.0,6.0,9,15.1,18.0,8.0,12.0,0,0,279.0,1,0.0,43,COL,Williams,8.0,4.0,4.0,0.0,False,Finished
2024,Azerbaijan Grand Prix,17,154.0,6,6.25,5.6,276.0,4,8.6,7.5625,19.0,3.6,43,2,125.0,1,-2.0000000000000004,44,HAM,Mercedes,9.0,2.0,2.0,0.0,False,Finished
2024,Azerbaijan Grand Prix,17,0.0,20,,10.0,0.0,10,14.7,10.0,10.0,,0,0,279.0,1,0.0,50,BEA,Haas F1 Team,10.0,1.0,1.0,0.0,False,Finished
2024,Azerbaijan Grand Prix,17,20.0,12,11.875,16.333333333333332,26.0,7,14.6,12.125,12.0,13.0,0,0,259.0,1,-7.0,27,HUL,Haas F1 Team,11.0,0.0,0.0,0.0,False,Finished
2024,Azerbaijan Grand Prix,17,8.0,13,13.9375,10.2,13.0,8,15.1,14.5625,18.0,15.4,1,0,271.0,1,4.333333333333334,10,GAS,Alpine,12.0,0.0,0.0,0.0,False,Finished
2024,Azerbaijan Grand Prix,17,7.0,14,13.125,13.5,28.0,6,11.1,12.875,14.0,12.0,3,0,272.0,1,-0.33333333333333215,3,RIC,RB,13.0,0.0,0.0,0.0,False,Finished
2024,Azerbaijan Grand Prix,17,0.0,19,16.25,18.5,0.0,10,14.7,18.0625,17.0,18.8,0,0,279.0,1,-1.0,24,ZHO,Kick Sauber,14.0,0.0,0.0,0.0,False,Finished
2024,Azerbaijan Grand Prix,17,5.0,18,13.5625,16.0,13.0,8,15.1,14.1875,20.0,14.4,1,0,274.0,1,2.666666666666668,31,OCO,Alpine,15.0,0.0,0.0,0.0,False,Lapped
2024,Azerbaijan Grand Prix,17,0.0,19,16.0625,11.2,0.0,10,14.7,15.1875,16.0,16.2,7,0,279.0,1,-1.0000000000000018,77,BOT,Kick Sauber,16.0,0.0,0.0,0.0,False,Lapped
2024,Azerbaijan Grand Prix,17,130.0,7,7.625,2.6,409.0,2,4.8,8.4375,4.0,9.0,6,4,149.0,1,3.333333333333334,11,PER,Red Bull Racing,17.0,0.0,0.0,0.0,False,Retired
2024,Azerbaijan Grand Prix,17,172.0,5,5.066666666666666,9.0,381.0,3,9.3,5.466666666666667,3.0,5.2,3,3,107.0,1,-0.33333333333333304,55,SAI,Ferrari,18.0,0.0,0.0,0.0,False,Retired
2024,Azerbaijan Grand Prix,17,24.0,10,12.25,11.8,74.0,5,8.3,11.9375,13.0,12.0,0,0,255.0,1,-4.333333333333334,18,STR,Aston Martin,19.0,0.0,0.0,0.0,False,Retired
2024,Azerbaijan Grand Prix,17,21.0,11,13.0625,10.0,28.0,6,11.1,11.9375,11.0,14.4,0,0,258.0,1,-6.666666666666668,22,TSU,RB,20.0,0.0,0.0,0.0,False,Retired
2024,Singapore Grand Prix,18,245.0,2,4.294117647058823,4.333333333333333,455.0,1,2.25,3.823529411764706,1.0,3.0,2,2,44.0,1,0.666666666666667,4,NOR,McLaren,1.0,25.0,25.0,0.0,False,Finished
2024,Singapore Grand Prix,18,289.0,1,3.7058823529411766,6.0,419.0,2,4.25,3.0,2.0,4.4,41,41,0.0,1,-0.6666666666666665,1,VER,Red Bull Racing,2.0,18.0,18.0,0.0,False,Finished
2024,Singapore Grand Prix,18,210.0,4,4.647058823529412,7.0,455.0,1,2.25,4.764705882352941,5.0,2.0,2,2,79.0,1,0.0,81,PIA,McLaren,3.0,15.0,15.0,0.0,False,Finished
2024,Singapore Grand Prix,18,137.0,7,7.823529411764706,16.666666666666668,293.0,4,8.125,5.647058823529412,4.0,9.0,2,2,152.0,1,10.0,63,RUS,Mercedes,4.0,12.0,12.0,0.0,False,Finished
2024,Singapore Grand Prix,18,221.0,3,5.0588235294117645,4.25,399.0,3,5.625,4.647058823529412,9.0,2.6,7,5,68.0,1,5.0,16,LEC,Ferrari,5.0,10.0,10.0,0.0,False,Finished
2024,Singapore Grand Prix,18,156.0,6,6.411764705882353,4.25,293.0,4,8.125,8.235294117647058,3.0,5.2,43,2,133.0,1,-5.666666666666666,44,HAM,Mercedes,6.0,8.0,8.0,0.0,False,Finished
2024,Singapore Grand Prix,18,172.0,5,5.875,6.0,399.0,3,5.625,5.3125,10.0,7.8,3,3,117.0,1,-3.333333333333333,55,SAI,Ferrari,7.0,6.0,6.0,0.0,False,Finished
2024,Singapore Grand Prix,18,58.0,9,9.647058823529411,13.333333333333334,82.0,5,11.0,9.294117647058824,7.0,9.2,0,0,231.0,1,0.0,14,ALO,Aston Martin,8.0,4.0,4.0,0.0,False,Lapped
2024,Singapore Grand Prix,18,20.0,12,11.823529411764707,10.666666666666666,27.0,7,14.375,12.117647058823529,6.0,14.0,0,0,269.0,1,-0.6666666666666661,27,HUL,Haas F1 Team,9.0,2.0,2.0,0.0,False,Lapped
2024,Singapore Grand Prix,18,130.0,8,8.176470588235293,11.0,419.0,2,4.25,8.176470588235293,13.0,9.0,6,4,159.0,1,0.0,11,PER,Red Bull Racing,10.0,1.0,1.0,0.0,False,Lapped
2024,Singapore Grand Prix,18,4.0,19,10.0,10.0,16.0,8,15.875,13.0,12.0,10.0,0,0,285.0,1,0.0,43,COL,Williams,11.0,0.0,0.0,0.0,False,Lapped
2024,Singapore Grand Prix,18,21.0,11,13.470588235294118,17.0,28.0,6,12.0,11.882352941176471,8.0,16.4,0,0,268.0,1,-7.333333333333334,22,TSU,RB,12.0,0.0,0.0,0.0,False,Lapped
2024,Singapore Grand Prix,18,5.0,18,13.647058823529411,18.0,13.0,9,14.571428571428571,14.529411764705882,15.0,14.2,1,0,284.0,1,-0.33333333333333215,31,OCO,Alpine,13.0,0.0,0.0,0.0,False,Lapped
2024,Singapore Grand Prix,18,24.0,10,12.647058823529411,11.0,82.0,5,11.0,12.0,17.0,14.4,0,0,265.0,1,-7.666666666666666,18,STR,Aston Martin,14.0,0.0,0.0,0.0,False,Lapped
2024,Singapore Grand Prix,18,0.0,21,16.11764705882353,16.0,0.0,10,16.25,18.0,20.0,18.0,0,0,289.0,1,1.3333333333333357,24,ZHO,Kick Sauber,15.0,0.0,0.0,0.0,False,Lapped
2024,Singapore Grand Prix,18,0.0,21,16.058823529411764,9.25,0.0,10,16.25,15.235294117647058,19.0,16.4,7,0,289.0,1,-1.666666666666666,77,BOT,Kick Sauber,16.0,0.0,0.0,0.0,False,Lapped
2024,Singapore Grand Prix,18,8.0,14,13.823529411764707,9.25,13.0,9,14.571428571428571,14.764705882352942,18.0,13.8,1,0,281.0,1,5.666666666666668,10,GAS,Alpine,17.0,0.0,0.0,0.0,False,Lapped
2024,Singapore Grand Prix,18,7.0,15,13.117647058823529,8.333333333333334,28.0,6,12.0,12.941176470588236,16.0,12.0,3,0,282.0,1,-1.0,3,RIC,RB,18.0,0.0,0.0,0.0,False,Lapped
2024,Singapore Grand Prix,18,6.0,16,13.75,14.25,27.0,7,14.375,16.0625,14.0,13.8,0,0,283.0,1,-2.333333333333334,20,MAG,Haas F1 Team,19.0,0.0,0.0,0.0,False,Retired
2024,Singapore Grand Prix,18,12.0,13,13.588235294117647,11.333333333333334,16.0,8,15.875,12.764705882352942,11.0,11.2,0,0,277.0,1,1.666666666666666,23,ALB,Williams,20.0,0.0,0.0,0.0,False,Retired
2024,United States Grand Prix,19,231.0,3,5.055555555555555,9.2,415.0,3,9.9,4.888888888888889,4.0,2.8,7,5,76.0,0,0.666666666666667,16,LEC,Ferrari,1.0,30.0,25.0,5.0,False,Finished
2024,United States Grand Prix,19,178.0,5,5.9411764705882355,9.0,415.0,3,9.9,5.588235294117647,3.0,8.0,3,3,129.0,0,-3.999999999999999,55,SAI,Ferrari,2.0,25.0,18.0,7.0,False,Finished
2024,United States Grand Prix,19,307.0,1,3.611111111111111,1.0,438.0,2,5.0,2.9444444444444446,2.0,3.8,41,41,0.0,0,-0.6666666666666665,1,VER,Red Bull Racing,3.0,23.0,15.0,8.0,False,Finished
2024,United States Grand Prix,19,270.0,2,4.111111111111111,5.75,495.0,1,2.2,3.6666666666666665,1.0,2.8,3,3,37.0,0,0.0,4,NOR,McLaren,4.0,18.0,12.0,6.0,False,Finished
2024,United States Grand Prix,19,225.0,4,4.555555555555555,17.0,495.0,1,2.2,4.777777777777778,5.0,2.4,2,2,82.0,0,0.3333333333333335,81,PIA,McLaren,5.0,10.0,10.0,0.0,False,Finished
2024,United States Grand Prix,19,149.0,7,7.611111111111111,10.25,313.0,4,8.7,5.555555555555555,20.0,8.2,2,2,158.0,0,6.999999999999999,63,RUS,Mercedes,6.0,12.0,8.0,4.0,False,Finished
2024,United States Grand Prix,19,131.0,8,8.277777777777779,5.8,438.0,2,5.0,8.444444444444445,9.0,9.6,6,4,176.0,0,-4.999999999999999,11,PER,Red Bull Racing,7.0,6.0,6.0,0.0,False,Finished
2024,United States Grand Prix,19,22.0,11,11.666666666666666,8.666666666666666,29.0,6,11.5,11.777777777777779,11.0,13.2,0,0,285.0,0,1.666666666666666,27,HUL,Haas F1 Team,8.0,5.0,4.0,1.0,False,Finished
2024,United States Grand Prix,19,0.0,20,,10.0,0.0,10,14.7,19.0,19.0,,0,0,307.0,0,0.0,30,LAW,RB,9.0,2.0,2.0,0.0,False,Finished
2024,United States Grand Prix,19,4.0,19,10.333333333333334,10.0,16.0,8,15.0,12.666666666666666,15.0,10.333333333333334,0,0,303.0,0,0.0,43,COL,Williams,10.0,1.0,1.0,0.0,False,Finished
2024,United States Grand Prix,19,6.0,16,14.058823529411764,15.25,29.0,6,11.5,15.941176470588236,8.0,15.2,0,0,301.0,0,-2.0,20,MAG,Haas F1 Team,11.0,2.0,0.0,2.0,False,Finished
2024,United States Grand Prix,19,8.0,14,14.0,13.6,13.0,9,14.6,14.944444444444445,6.0,13.2,1,0,299.0,0,-0.6666666666666661,10,GAS,Alpine,12.0,0.0,0.0,0.0,False,Finished
2024,United States Grand Prix,19,62.0,9,9.555555555555555,14.75,86.0,5,11.3,9.166666666666666,7.0,8.6,0,0,245.0,0,1.3333333333333321,14,ALO,Aston Martin,13.0,0.0,0.0,0.0,False,Lapped
2024,United States Grand Prix,19,21.0,12,13.38888888888889,9.0,28.0,7,12.1,11.666666666666666,10.0,17.0,0,0,286.0,0,-3.333333333333332,22,TSU,RB,14.0,0.0,0.0,0.0,False,Lapped
2024,United States Grand Prix,19,24.0,10,12.722222222222221,12.8,86.0,5,11.3,12.277777777777779,13.0,15.2,0,0,283.0,0,-5.999999999999998,18,STR,Aston Martin,15.0,0.0,0.0,0.0,False,Lapped
2024,United States Grand Prix,19,12.0,13,13.944444444444445,9.0,16.0,8,15.0,12.666666666666666,14.0,12.4,0,0,295.0,0,1.333333333333334,23,ALB,Williams,16.0,0.0,0.0,0.0,False,Lapped
2024,United States Grand Prix,19,0.0,21,16.055555555555557,8.6,0.0,10,14.7,15.444444444444445,16.0,16.4,7,0,307.0,0,0.6666666666666679,77,BOT,Kick Sauber,17.0,0.0,0.0,0.0,False,Lapped
2024,United States Grand Prix,19,5.0,18,13.61111111111111,16.75,13.0,9,14.6,14.555555555555555,12.0,13.2,1,0,302.0,0,0.0,31,OCO,Alpine,18.0,0.0,0.0,0.0,False,Lapped
2024,United States Grand Prix,19,0.0,21,16.055555555555557,12.5,0.0,10,14.7,18.11111111111111,18.0,17.2,0,0,307.0,0,3.666666666666666,24,ZHO,Kick Sauber,19.0,0.0,0.0,0.0,False,Lapped
2024,United States Grand Prix,19,164.0,6,6.388888888888889,5.6,313.0,4,8.7,7.944444444444445,17.0,5.8,43,2,143.0,0,-2.666666666666667,44,HAM,Mercedes,20.0,3.0,0.0,3.0,False,Retired
2024,Mexico City Grand Prix,20,196.0,5,5.722222222222222,5.0,458.0,3,8.166666666666666,5.444444444444445,1.0,7.2,3,3,126.0,0,-4.0,55,SAI,Ferrari,1.0,25.0,25.0,0.0,False,Finished
2024,Mexico City Grand Prix,20,282.0,2,4.105263157894737,8.0,517.0,1,2.6666666666666665,3.526315789473684,3.0,2.6,3,3,40.0,0,0.0,4,NOR,McLaren,2.0,18.0,18.0,0.0,False,Finished
2024,Mexico City Grand Prix,20,256.0,3,4.842105263157895,4.666666666666667,458.0,3,8.166666666666666,4.842105263157895,4.0,2.4,8,6,66.0,0,-0.33333333333333304,16,LEC,Ferrari,3.0,15.0,15.0,0.0,False,Finished
2024,Mexico City Grand Prix,20,164.0,6,7.105263157894737,2.0,321.0,4,8.833333333333334,8.421052631578947,6.0,9.6,43,2,158.0,0,-6.999999999999999,44,HAM,Mercedes,4.0,12.0,12.0,0.0,False,Finished
2024,Mexico City Grand Prix,20,157.0,7,7.526315789473684,8.666666666666666,321.0,4,8.833333333333334,6.315789473684211,5.0,5.4,2,2,165.0,0,7.000000000000001,63,RUS,Mercedes,5.0,10.0,10.0,0.0,False,Finished
2024,Mexico City Grand Prix,20,322.0,1,3.5789473684210527,1.0,459.0,2,4.0,2.8947368421052633,2.0,3.6,41,41,0.0,0,0.6666666666666665,1,VER,Red Bull Racing,6.0,8.0,8.0,0.0,False,Finished
2024,Mexico City Grand Prix,20,6.0,16,13.88888888888889,18.0,33.0,6,11.166666666666666,15.5,7.0,14.4,0,0,316.0,0,2.333333333333332,20,MAG,Haas F1 Team,7.0,6.0,6.0,0.0,False,Finished
2024,Mexico City Grand Prix,20,235.0,4,4.578947368421052,8.0,517.0,1,2.6666666666666665,4.7894736842105265,17.0,3.0,2,2,87.0,0,-0.3333333333333335,81,PIA,McLaren,8.0,4.0,4.0,0.0,False,Finished
2024,Mexico City Grand Prix,20,26.0,10,11.473684210526315,13.0,33.0,6,11.166666666666666,11.736842105263158,10.0,11.2,0,0,296.0,0,6.0,27,HUL,Haas F1 Team,9.0,2.0,2.0,0.0,False,Lapped
2024,Mexico City Grand Prix,20,8.0,14,13.894736842105264,8.666666666666666,13.0,9,17.0,14.473684210526315,8.0,13.0,1,0,314.0,0,-1.3333333333333321,10,GAS,Alpine,10.0,1.0,1.0,0.0,False,Lapped
2024,Mexico City Grand Prix,20,24.0,11,12.842105263157896,15.333333333333334,86.0,5,11.166666666666666,12.31578947368421,14.0,16.0,0,0,298.0,0,-1.666666666666666,18,STR,Aston Martin,11.0,0.0,0.0,0.0,False,Lapped
2024,Mexico City Grand Prix,20,5.0,18,10.25,10.0,17.0,8,13.333333333333334,13.25,16.0,10.25,0,0,317.0,0,0.0,43,COL,Williams,12.0,0.0,0.0,0.0,False,Lapped
2024,Mexico City Grand Prix,20,5.0,18,13.842105263157896,10.333333333333334,13.0,9,17.0,14.421052631578947,0.0,15.0,1,0,317.0,0,-2.666666666666668,31,OCO,Alpine,13.0,0.0,0.0,0.0,False,Lapped
2024,Mexico City Grand Prix,20,0.0,22,16.105263157894736,13.333333333333334,0.0,10,16.333333333333332,15.473684210526315,15.0,16.8,7,0,322.0,0,0.3333333333333357,77,BOT,Kick Sauber,14.0,0.0,0.0,0.0,False,Lapped
2024,Mexico City Grand Prix,20,0.0,22,16.210526315789473,13.5,0.0,10,16.333333333333332,18.105263157894736,19.0,17.2,0,0,322.0,0,3.0,24,ZHO,Kick Sauber,15.0,0.0,0.0,0.0,False,Lapped
2024,Mexico City Grand Prix,20,2.0,20,9.0,10.0,30.0,7,12.333333333333334,19.0,12.0,9.0,0,0,320.0,0,0.0,30,LAW,RB,16.0,0.0,0.0,0.0,False,Lapped
2024,Mexico City Grand Prix,20,137.0,8,8.210526315789474,8.666666666666666,459.0,2,4.0,8.473684210526315,18.0,9.6,6,4,185.0,0,-4.333333333333334,11,PER,Red Bull Racing,17.0,0.0,0.0,0.0,False,Lapped
2024,Mexico City Grand Prix,20,62.0,9,9.736842105263158,15.333333333333334,86.0,5,11.166666666666666,9.052631578947368,13.0,9.6,0,0,260.0,0,0.6666666666666661,14,ALO,Aston Martin,18.0,0.0,0.0,0.0,False,Retired
2024,Mexico City Grand Prix,20,12.0,13,14.052631578947368,10.5,17.0,8,13.333333333333334,12.736842105263158,9.0,13.2,0,0,310.0,0,-2.666666666666668,23,ALB,Williams,19.0,0.0,0.0,0.0,False,Retired
2024,Mexico City Grand Prix,20,21.0,12,13.421052631578947,17.333333333333332,30.0,7,12.333333333333334,11.578947368421053,11.0,16.6,0,0,301.0,0,2.333333333333334,22,TSU,RB,20.0,0.0,0.0,0.0,False,Retired
2024,São Paulo Grand Prix,21,330.0,1,3.7,3.5,467.0,3,6.666666666666667,2.85,17.0,4.4,41,41,0.0,0,0.6666666666666665,1,VER,Red Bull Racing,1.0,30.0,25.0,5.0,False,Finished
2024,São Paulo Grand Prix,21,5.0,18,13.8,8.666666666666666,14.0,9,17.166666666666668,13.7,4.0,14.6,1,0,325.0,0,0.0,31,OCO,Alpine,2.0,18.0,18.0,0.0,False,Finished
2024,São Paulo Grand Prix,21,9.0,15,13.7,9.333333333333334,14.0,9,17.166666666666668,14.15,13.0,13.2,1,0,321.0,0,-1.0,10,GAS,Alpine,3.0,17.0,15.0,2.0,False,Finished
2024,São Paulo Grand Prix,21,167.0,7,7.4,9.666666666666666,343.0,4,10.166666666666666,6.25,2.0,5.0,2,2,163.0,0,0.666666666666667,63,RUS,Mercedes,4.0,15.0,12.0,3.0,False,Finished
2024,São Paulo Grand Prix,21,272.0,3,4.75,9.666666666666666,499.0,2,3.5,4.8,6.0,2.4,8,6,58.0,0,-1.0,16,LEC,Ferrari,5.0,16.0,10.0,6.0,False,Finished
2024,São Paulo Grand Prix,21,300.0,2,4.0,10.0,539.0,1,2.0,3.5,1.0,2.8,3,3,30.0,0,0.33333333333333304,4,NOR,McLaren,6.0,16.0,8.0,8.0,False,Finished
2024,São Paulo Grand Prix,21,21.0,12,13.75,13.666666666666666,30.0,7,13.166666666666666,11.55,3.0,17.2,0,0,309.0,0,3.666666666666666,22,TSU,RB,7.0,6.0,6.0,0.0,False,Finished
2024,São Paulo Grand Prix,21,239.0,4,4.75,14.0,539.0,1,2.0,5.4,8.0,3.8,2,2,91.0,0,-2.9999999999999996,81,PIA,McLaren,8.0,11.0,4.0,7.0,False,Finished
2024,São Paulo Grand Prix,21,2.0,20,12.5,10.0,30.0,7,13.166666666666666,15.5,5.0,12.5,0,0,328.0,0,0.0,30,LAW,RB,9.0,2.0,2.0,0.0,False,Finished
2024,São Paulo Grand Prix,21,176.0,6,6.95,3.6666666666666665,343.0,4,10.166666666666666,8.3,14.0,8.8,43,2,154.0,0,-2.666666666666667,44,HAM,Mercedes,10.0,1.0,1.0,0.0,False,Finished
2024,São Paulo Grand Prix,21,137.0,8,8.65,5.0,467.0,3,6.666666666666667,8.95,12.0,11.8,6,4,193.0,0,-1.0,11,PER,Red Bull Racing,11.0,1.0,0.0,1.0,False,Finished
2024,São Paulo Grand Prix,21,1.0,21,10.0,10.0,41.0,6,12.166666666666666,10.0,15.0,10.0,0,0,329.0,0,0.0,50,BEA,Haas F1 Team,12.0,0.0,0.0,0.0,False,Finished
2024,São Paulo Grand Prix,21,0.0,22,16.0,9.333333333333334,0.0,10,15.0,15.45,11.0,15.8,7,0,330.0,0,1.333333333333334,77,BOT,Kick Sauber,13.0,0.0,0.0,0.0,False,Finished
2024,São Paulo Grand Prix,21,62.0,9,10.15,5.666666666666667,86.0,5,9.166666666666666,9.25,9.0,11.2,0,0,268.0,0,-4.0,14,ALO,Aston Martin,14.0,0.0,0.0,0.0,False,Finished
2024,São Paulo Grand Prix,21,0.0,22,16.15,14.5,0.0,10,15.0,18.15,19.0,16.2,0,0,330.0,0,1.0,24,ZHO,Kick Sauber,15.0,0.0,0.0,0.0,False,Finished
2024,São Paulo Grand Prix,21,221.0,5,5.473684210526316,5.0,499.0,2,3.5,5.2105263157894735,20.0,6.4,4,4,109.0,0,5.666666666666666,55,SAI,Ferrari,16.0,4.0,0.0,4.0,False,Retired
2024,São Paulo Grand Prix,21,5.0,18,10.6,10.0,17.0,8,16.0,13.8,16.0,10.6,0,0,325.0,0,0.0,43,COL,Williams,17.0,0.0,0.0,0.0,False,Retired
2024,São Paulo Grand Prix,21,12.0,13,14.3,17.0,17.0,8,16.0,12.55,7.0,14.2,0,0,318.0,0,-8.333333333333332,23,ALB,Williams,18.0,0.0,0.0,0.0,False,Did not start
2024,São Paulo Grand Prix,21,24.0,11,12.75,11.666666666666666,86.0,5,9.166666666666666,12.4,10.0,15.6,0,0,306.0,0,3.666666666666666,18,STR,Aston Martin,19.0,0.0,0.0,0.0,False,Did not start
2024,São Paulo Grand Prix,21,28.0,10,11.35,12.0,41.0,6,12.166666666666666,11.65,18.0,10.8,0,0,302.0,0,4.333333333333334,27,HUL,Haas F1 Team,20.0,0.0,0.0,0.0,True,Disqualified
2024,Las Vegas Grand Prix,22,179.0,6,7.238095238095238,8.0,356.0,4,7.5,6.0476190476190474,1.0,4.4,2,2,177.0,1,-0.33333333333333304,63,RUS,Mercedes,1.0,25.0,25.0,0.0,False,Finished
2024,Las Vegas Grand Prix,22,177.0,7,7.095238095238095,7.0,356.0,4,7.5,8.571428571428571,10.0,9.8,43,2,179.0,1,-4.666666666666667,44,HAM,Mercedes,2.0,18.0,18.0,0.0,False,Finished
2024,Las Vegas Grand Prix,22,221.0,5,6.0,6.0,509.0,2,4.0,5.95,2.0,8.8,4,4,135.0,1,3.333333333333333,55,SAI,Ferrari,3.0,15.0,15.0,0.0,False,Finished
2024,Las Vegas Grand Prix,22,282.0,3,4.761904761904762,2.0,509.0,2,4.0,4.857142857142857,4.0,3.2,8,6,74.0,1,-0.3333333333333335,16,LEC,Ferrari,4.0,12.0,12.0,0.0,False,Finished
2024,Las Vegas Grand Prix,22,356.0,1,3.5714285714285716,1.0,493.0,3,7.0,3.5238095238095237,5.0,3.4,42,42,0.0,1,0.9999999999999996,1,VER,Red Bull Racing,5.0,10.0,10.0,0.0,False,Finished
2024,Las Vegas Grand Prix,22,308.0,2,4.095238095238095,20.0,551.0,1,2.0,3.380952380952381,6.0,3.4,3,3,48.0,1,-1.3333333333333335,4,NOR,McLaren,6.0,8.0,8.0,0.0,False,Finished
2024,Las Vegas Grand Prix,22,243.0,4,4.904761904761905,10.0,551.0,1,2.0,5.523809523809524,8.0,5.0,2,2,113.0,1,-5.0,81,PIA,McLaren,7.0,6.0,6.0,0.0,False,Finished
2024,Las Vegas Grand Prix,22,28.0,10,11.761904761904763,19.0,41.0,7,16.0,11.952380952380953,9.0,11.4,0,0,328.0,1,0.0,27,HUL,Haas F1 Team,8.0,4.0,4.0,0.0,False,Finished
2024,Las Vegas Grand Prix,22,27.0,11,13.428571428571429,18.0,38.0,8,16.0,11.142857142857142,7.0,14.6,0,0,329.0,1,3.666666666666666,22,TSU,RB,9.0,2.0,2.0,0.0,False,Finished
2024,Las Vegas Grand Prix,22,137.0,8,8.761904761904763,3.0,493.0,3,7.0,9.095238095238095,15.0,12.4,6,4,219.0,1,0.0,11,PER,Red Bull Racing,10.0,1.0,1.0,0.0,False,Finished
2024,Las Vegas Grand Prix,22,62.0,9,10.333333333333334,9.0,86.0,5,7.5,9.238095238095237,16.0,11.8,0,0,294.0,1,-6.666666666666666,14,ALO,Aston Martin,11.0,0.0,0.0,0.0,False,Finished
2024,Las Vegas Grand Prix,22,12.0,15,13.526315789473685,13.0,41.0,7,16.0,15.052631578947368,12.0,13.0,0,0,344.0,1,1.666666666666666,20,MAG,Haas F1 Team,12.0,0.0,0.0,0.0,False,Finished
2024,Las Vegas Grand Prix,22,0.0,22,16.095238095238095,15.0,0.0,10,14.0,18.19047619047619,13.0,15.6,0,0,356.0,1,-0.6666666666666661,24,ZHO,Kick Sauber,13.0,0.0,0.0,0.0,False,Finished
2024,Las Vegas Grand Prix,22,5.0,19,11.666666666666666,10.0,17.0,9,16.0,14.166666666666666,20.0,11.6,0,0,351.0,1,-2.666666666666666,43,COL,Williams,14.0,0.0,0.0,0.0,False,Finished
2024,Las Vegas Grand Prix,22,24.0,12,13.047619047619047,5.0,86.0,5,7.5,12.285714285714286,18.0,15.6,0,0,332.0,1,2.333333333333332,18,STR,Aston Martin,15.0,0.0,0.0,0.0,False,Finished
2024,Las Vegas Grand Prix,22,4.0,20,11.333333333333334,10.0,38.0,8,16.0,12.0,14.0,11.333333333333334,0,0,352.0,1,0.0,30,LAW,RB,16.0,0.0,0.0,0.0,False,Finished
2024,Las Vegas Grand Prix,22,23.0,14,13.238095238095237,4.0,47.0,6,15.0,13.238095238095237,11.0,12.2,1,0,333.0,1,3.0,31,OCO,Alpine,17.0,0.0,0.0,0.0,False,Lapped
2024,Las Vegas Grand Prix,22,0.0,22,15.857142857142858,17.0,0.0,10,14.0,15.238095238095237,19.0,15.2,7,0,356.0,1,1.333333333333334,77,BOT,Kick Sauber,18.0,0.0,0.0,0.0,False,Lapped
2024,Las Vegas Grand Prix,22,12.0,15,14.476190476190476,12.0,17.0,9,16.0,12.285714285714286,17.0,16.0,0,0,344.0,1,-5.666666666666668,23,ALB,Williams,19.0,0.0,0.0,0.0,False,Retired
2024,Las Vegas Grand Prix,22,24.0,12,13.19047619047619,11.0,47.0,6,15.0,14.095238095238095,3.0,10.8,1,0,332.0,1,6.333333333333332,10,GAS,Alpine,20.0,0.0,0.0,0.0,False,Retired
2024,Qatar Grand Prix,23,366.0,1,3.6363636363636362,1.0,504.0,3,11.0,3.590909090909091,2.0,3.4,42,42,0.0,0,-0.6666666666666665,1,VER,Red Bull Racing,1.0,26.0,25.0,1.0,False,Finished
2024,Qatar Grand Prix,23,294.0,3,4.7272727272727275,6.5,536.0,2,4.75,4.818181818181818,5.0,3.6,8,6,72.0,0,-1.3333333333333335,16,LEC,Ferrari,2.0,22.0,18.0,4.0,False,Finished
2024,Qatar Grand Prix,23,249.0,4,5.0,2.0,566.0,1,2.75,5.636363636363637,4.0,6.2,2,2,117.0,0,-4.666666666666667,81,PIA,McLaren,3.0,23.0,15.0,8.0,False,Finished
2024,Qatar Grand Prix,23,204.0,6,6.954545454545454,10.5,399.0,4,10.0,5.818181818181818,1.0,4.0,3,3,162.0,0,0.9999999999999996,63,RUS,Mercedes,4.0,18.0,12.0,6.0,False,Finished
2024,Qatar Grand Prix,23,24.0,12,13.5,11.5,47.0,6,9.5,13.590909090909092,11.0,12.4,1,0,342.0,0,2.666666666666666,10,GAS,Alpine,5.0,10.0,10.0,0.0,False,Finished
2024,Qatar Grand Prix,23,236.0,5,5.857142857142857,13.5,536.0,2,4.75,5.761904761904762,7.0,5.8,4,4,130.0,0,2.333333333333333,55,SAI,Ferrari,6.0,13.0,8.0,5.0,False,Finished
2024,Qatar Grand Prix,23,62.0,9,10.363636363636363,4.5,86.0,5,8.25,9.545454545454545,8.0,12.8,0,0,304.0,0,-5.333333333333334,14,ALO,Aston Martin,7.0,6.0,6.0,0.0,False,Finished
2024,Qatar Grand Prix,23,0.0,22,15.954545454545455,9.0,0.0,10,16.75,17.954545454545453,12.0,15.4,0,0,366.0,0,1.666666666666666,24,ZHO,Kick Sauber,8.0,4.0,4.0,0.0,False,Finished
2024,Qatar Grand Prix,23,12.0,15,13.45,14.0,45.0,7,10.75,14.9,10.0,11.8,0,0,354.0,0,5.666666666666666,20,MAG,Haas F1 Team,9.0,2.0,2.0,0.0,False,Finished
2024,Qatar Grand Prix,23,317.0,2,4.181818181818182,6.0,566.0,1,2.75,3.5,3.0,3.8,3,3,49.0,0,-1.666666666666667,4,NOR,McLaren,10.0,8.0,1.0,7.0,False,Finished
2024,Qatar Grand Prix,23,0.0,22,15.954545454545455,14.0,0.0,10,16.75,15.409090909090908,13.0,15.6,7,0,366.0,0,1.3333333333333321,77,BOT,Kick Sauber,11.0,0.0,0.0,0.0,False,Finished
2024,Qatar Grand Prix,23,195.0,7,6.863636363636363,10.0,399.0,4,10.0,8.636363636363637,6.0,8.4,43,2,171.0,0,6.333333333333333,44,HAM,Mercedes,12.0,3.0,0.0,3.0,False,Finished
2024,Qatar Grand Prix,23,29.0,11,13.227272727272727,14.0,40.0,8,15.25,10.954545454545455,14.0,12.4,0,0,337.0,0,3.333333333333334,22,TSU,RB,13.0,0.0,0.0,0.0,False,Finished
2024,Qatar Grand Prix,23,4.0,20,12.5,10.0,40.0,8,15.25,12.5,17.0,12.5,0,0,362.0,0,0.0,30,LAW,RB,14.0,0.0,0.0,0.0,False,Finished
2024,Qatar Grand Prix,23,12.0,15,14.681818181818182,13.0,17.0,9,16.0,12.5,16.0,18.4,0,0,354.0,0,-4.333333333333334,23,ALB,Williams,15.0,0.0,0.0,0.0,False,Lapped
2024,Qatar Grand Prix,23,32.0,10,11.590909090909092,16.0,45.0,7,10.75,11.818181818181818,18.0,10.8,0,0,334.0,0,-3.0,27,HUL,Haas F1 Team,16.0,2.0,0.0,2.0,False,Retired
2024,Qatar Grand Prix,23,138.0,8,8.818181818181818,7.0,504.0,3,11.0,9.363636363636363,9.0,11.0,6,4,228.0,0,-1.3333333333333321,11,PER,Red Bull Racing,17.0,0.0,0.0,0.0,False,Retired
2024,Qatar Grand Prix,23,24.0,12,13.136363636363637,8.5,86.0,5,8.25,12.545454545454545,15.0,14.8,0,0,342.0,0,1.0,18,STR,Aston Martin,18.0,0.0,0.0,0.0,False,Retired
2024,Qatar Grand Prix,23,5.0,19,12.0,10.0,17.0,9,16.0,15.0,19.0,12.8,0,0,361.0,0,-4.666666666666668,43,COL,Williams,19.0,0.0,0.0,0.0,False,Retired
2024,Qatar Grand Prix,23,23.0,14,13.409090909090908,6.0,47.0,6,9.5,13.136363636363637,20.0,12.6,1,0,343.0,0,4.666666666666668,31,OCO,Alpine,20.0,0.0,0.0,0.0,False,Retired
2024,Abu Dhabi Grand Prix,24,319.0,2,4.434782608695652,6.2,583.0,1,2.75,3.4782608695652173,1.0,5.6,3,3,72.0,0,-5.0,4,NOR,McLaren,1.0,25.0,25.0,0.0,False,Finished
2024,Abu Dhabi Grand Prix,24,244.0,5,5.863636363636363,7.833333333333333,562.0,2,5.166666666666667,5.818181818181818,3.0,5.6,4,4,147.0,0,-5.0,55,SAI,Ferrari,2.0,18.0,18.0,0.0,False,Finished
2024,Abu Dhabi Grand Prix,24,312.0,3,4.608695652173913,6.166666666666667,562.0,2,5.166666666666667,4.826086956521739,19.0,3.0,8,6,79.0,0,-0.6666666666666665,16,LEC,Ferrari,3.0,15.0,15.0,0.0,False,Finished
2024,Abu Dhabi Grand Prix,24,195.0,7,7.086956521739131,5.666666666666667,411.0,4,9.75,8.521739130434783,16.0,9.6,43,2,196.0,0,2.0,44,HAM,Mercedes,4.0,12.0,12.0,0.0,False,Finished
2024,Abu Dhabi Grand Prix,24,216.0,6,6.826086956521739,11.6,411.0,4,9.75,5.608695652173913,6.0,4.0,3,3,175.0,0,2.0,63,RUS,Mercedes,5.0,10.0,10.0,0.0,False,Finished
2024,Abu Dhabi Grand Prix,24,391.0,1,3.5217391304347827,1.0,529.0,3,6.25,3.5217391304347827,4.0,3.2,43,43,0.0,0,1.333333333333333,1,VER,Red Bull Racing,6.0,8.0,8.0,0.0,False,Finished
2024,Abu Dhabi Grand Prix,24,34.0,10,13.130434782608695,12.333333333333334,57.0,6,11.333333333333334,13.478260869565217,5.0,10.0,1,0,357.0,0,3.666666666666666,10,GAS,Alpine,7.0,6.0,6.0,0.0,False,Finished
2024,Abu Dhabi Grand Prix,24,32.0,11,11.782608695652174,15.666666666666666,47.0,7,14.416666666666666,12.08695652173913,7.0,12.2,0,0,359.0,0,-6.0,27,HUL,Haas F1 Team,8.0,4.0,4.0,0.0,False,Finished
2024,Abu Dhabi Grand Prix,24,68.0,9,10.217391304347826,11.5,92.0,5,10.416666666666666,9.478260869565217,8.0,12.6,0,0,323.0,0,2.333333333333334,14,ALO,Aston Martin,9.0,2.0,2.0,0.0,False,Finished
2024,Abu Dhabi Grand Prix,24,264.0,4,4.913043478260869,6.0,583.0,1,2.75,5.565217391304348,2.0,6.2,2,2,127.0,0,-0.666666666666667,81,PIA,McLaren,10.0,1.0,1.0,0.0,False,Finished
2024,Abu Dhabi Grand Prix,24,12.0,16,14.695652173913043,9.25,17.0,9,14.545454545454545,12.652173913043478,18.0,17.4,0,0,379.0,0,1.0,23,ALB,Williams,11.0,0.0,0.0,0.0,False,Lapped
2024,Abu Dhabi Grand Prix,24,29.0,12,13.217391304347826,7.666666666666667,40.0,8,13.916666666666666,11.08695652173913,11.0,12.6,0,0,362.0,0,5.666666666666668,22,TSU,RB,12.0,0.0,0.0,0.0,False,Lapped
2024,Abu Dhabi Grand Prix,24,4.0,20,15.608695652173912,14.5,4.0,10,16.0,17.695652173913043,15.0,14.0,0,0,387.0,0,4.333333333333332,24,ZHO,Kick Sauber,13.0,0.0,0.0,0.0,False,Lapped
2024,Abu Dhabi Grand Prix,24,24.0,13,13.347826086956522,12.333333333333334,92.0,5,10.416666666666666,12.652173913043478,13.0,15.6,0,0,367.0,0,-3.9999999999999982,18,STR,Aston Martin,14.0,0.0,0.0,0.0,False,Lapped
2024,Abu Dhabi Grand Prix,24,0.0,20,,10.0,0.0,10,16.0,17.0,17.0,,0,0,391.0,0,0.0,61,DOO,Alpine,15.0,0.0,0.0,0.0,False,Lapped
2024,Abu Dhabi Grand Prix,24,14.0,15,13.238095238095237,15.8,47.0,7,14.416666666666666,14.666666666666666,14.0,11.6,0,0,377.0,0,4.0,20,MAG,Haas F1 Team,16.0,0.0,0.0,0.0,False,Lapped
2024,Abu Dhabi Grand Prix,24,4.0,20,12.8,10.0,40.0,8,13.916666666666666,13.4,12.0,12.8,0,0,387.0,0,0.0,30,LAW,RB,17.0,0.0,0.0,0.0,False,Retired
2024,Abu Dhabi Grand Prix,24,0.0,23,15.73913043478261,8.5,4.0,10,16.0,15.304347826086957,9.0,14.6,7,0,391.0,0,1.666666666666666,77,BOT,Kick Sauber,18.0,0.0,0.0,0.0,False,Retired
2024,Abu Dhabi Grand Prix,24,5.0,19,12.875,10.0,17.0,9,14.545454545454545,15.5,20.0,14.4,0,0,386.0,0,-5.666666666666668,43,COL,Williams,19.0,0.0,0.0,0.0,False,Retired
2024,Abu Dhabi Grand Prix,24,138.0,8,9.173913043478262,9.5,529.0,3,6.25,9.347826086956522,10.0,12.4,6,4,253.0,0,-1.3333333333333321,11,PER,Red Bull Racing,20.0,0.0,0.0,0.0,False,Retired
