Year,RoundNumber,RaceName,DriverName,QualiPosition,Q1,Q2,Q3
2018,1,Australian Grand Prix,HAM,1,82.824,82.051,81.164
2018,1,Australian Grand Prix,RAI,2,83.096,82.507,81.828
2018,1,Australian Grand Prix,VET,3,83.348,81.944,81.838
2018,1,Australian Grand Prix,VER,4,83.483,82.416,81.879
2018,1,Australian Grand Prix,RIC,5,83.494,82.89699999999999,82.152
2018,1,Australian Grand Prix,MAG,6,83.90899999999999,83.3,83.187
2018,1,Australian Grand Prix,GRO,7,83.67099999999999,83.468,83.339
2018,1,Australian Grand Prix,HUL,8,83.782,83.544,83.532
2018,1,Australian Grand Prix,SAI,9,83.529,83.061,83.577
2018,1,Australian Grand Prix,BOT,10,83.686,82.089,
2018,1,Australian Grand Prix,ALO,11,83.59700000000001,83.69200000000001,
2018,1,Australian Grand Prix,VAN,12,84.07300000000001,83.85300000000001,
2018,1,Australian Grand Prix,PER,13,84.344,84.005,
2018,1,Australian Grand Prix,STR,14,84.464,84.23,
2018,1,Australian Grand Prix,OCO,15,84.503,84.786,
2018,1,Australian Grand Prix,HAR,16,84.532,,
2018,1,Australian Grand Prix,ERI,17,84.556,,
2018,1,Australian Grand Prix,LEC,18,84.636,,
2018,1,Australian Grand Prix,SIR,19,84.922,,
2018,1,Australian Grand Prix,GAS,20,85.295,,
2018,2,Bahrain Grand Prix,VET,1,89.06,88.34100000000001,87.958
2018,2,Bahrain Grand Prix,RAI,2,88.951,88.515,88.101
2018,2,Bahrain Grand Prix,BOT,3,89.275,88.794,88.124
2018,2,Bahrain Grand Prix,HAM,4,89.396,88.458,88.22
2018,2,Bahrain Grand Prix,RIC,5,89.55199999999999,88.962,88.398
2018,2,Bahrain Grand Prix,GAS,6,90.121,89.836,89.32900000000001
2018,2,Bahrain Grand Prix,MAG,7,89.594,89.623,89.358
2018,2,Bahrain Grand Prix,HUL,8,90.26,89.187,89.57
2018,2,Bahrain Grand Prix,OCO,9,90.338,90.009,89.874
2018,2,Bahrain Grand Prix,SAI,10,89.893,89.80199999999999,89.986
2018,2,Bahrain Grand Prix,HAR,11,90.412,90.105,
2018,2,Bahrain Grand Prix,PER,12,90.218,90.156,
2018,2,Bahrain Grand Prix,ALO,13,90.53,90.212,
2018,2,Bahrain Grand Prix,VAN,14,90.479,90.525,
2018,2,Bahrain Grand Prix,VER,15,89.374,,
2018,2,Bahrain Grand Prix,GRO,16,90.53,,
2018,2,Bahrain Grand Prix,ERI,17,91.063,,
2018,2,Bahrain Grand Prix,SIR,18,91.414,,
2018,2,Bahrain Grand Prix,LEC,19,91.42,,
2018,2,Bahrain Grand Prix,STR,20,91.503,,
2018,3,Chinese Grand Prix,VET,1,92.17099999999999,92.38499999999999,91.095
2018,3,Chinese Grand Prix,RAI,2,92.47399999999999,92.286,91.182
2018,3,Chinese Grand Prix,BOT,3,92.92099999999999,92.063,91.625
2018,3,Chinese Grand Prix,HAM,4,93.283,91.914,91.675
2018,3,Chinese Grand Prix,VER,5,92.932,92.809,91.79599999999999
2018,3,Chinese Grand Prix,RIC,6,93.87700000000001,92.688,91.94800000000001
2018,3,Chinese Grand Prix,HUL,7,93.545,92.494,92.532
2018,3,Chinese Grand Prix,PER,8,93.464,92.931,92.75800000000001
2018,3,Chinese Grand Prix,SAI,9,93.315,92.97,92.819
2018,3,Chinese Grand Prix,GRO,10,93.238,92.524,92.85499999999999
2018,3,Chinese Grand Prix,MAG,11,93.35900000000001,92.98599999999999,
2018,3,Chinese Grand Prix,OCO,12,93.58500000000001,93.057,
2018,3,Chinese Grand Prix,ALO,13,93.428,93.232,
2018,3,Chinese Grand Prix,VAN,14,93.824,93.505,
2018,3,Chinese Grand Prix,HAR,15,94.013,93.795,
2018,3,Chinese Grand Prix,SIR,16,94.062,,
2018,3,Chinese Grand Prix,GAS,17,94.101,,
2018,3,Chinese Grand Prix,STR,18,94.285,,
2018,3,Chinese Grand Prix,LEC,19,94.45400000000001,,
2018,3,Chinese Grand Prix,ERI,20,94.914,,
2018,4,Azerbaijan Grand Prix,VET,1,102.762,103.015,101.49799999999999
2018,4,Azerbaijan Grand Prix,HAM,2,102.693,102.676,101.67699999999999
2018,4,Azerbaijan Grand Prix,BOT,3,103.35499999999999,102.679,101.837
2018,4,Azerbaijan Grand Prix,RIC,4,102.857,103.482,101.911
2018,4,Azerbaijan Grand Prix,VER,5,102.642,102.90100000000001,101.994
2018,4,Azerbaijan Grand Prix,RAI,6,102.538,102.50999999999999,102.49000000000001
2018,4,Azerbaijan Grand Prix,OCO,7,103.021,102.967,102.523
2018,4,Azerbaijan Grand Prix,PER,8,103.99199999999999,103.366,102.547
2018,4,Azerbaijan Grand Prix,HUL,9,103.74600000000001,103.232,103.066
2018,4,Azerbaijan Grand Prix,SAI,10,103.426,103.464,103.351
2018,4,Azerbaijan Grand Prix,STR,11,104.35900000000001,103.58500000000001,
2018,4,Azerbaijan Grand Prix,SIR,12,104.261,103.886,
2018,4,Azerbaijan Grand Prix,ALO,13,104.00999999999999,104.019,
2018,4,Azerbaijan Grand Prix,LEC,14,103.75200000000001,104.074,
2018,4,Azerbaijan Grand Prix,MAG,15,103.674,104.759,
2018,4,Azerbaijan Grand Prix,VAN,16,104.489,,
2018,4,Azerbaijan Grand Prix,GAS,17,104.49600000000001,,
2018,4,Azerbaijan Grand Prix,ERI,18,105.541,,
2018,4,Azerbaijan Grand Prix,HAR,19,117.354,,
2018,4,Azerbaijan Grand Prix,GRO,20,,,
2018,5,Spanish Grand Prix,HAM,1,77.633,77.166,76.173
2018,5,Spanish Grand Prix,BOT,2,77.674,77.111,76.213
2018,5,Spanish Grand Prix,VET,3,77.031,76.80199999999999,76.305
2018,5,Spanish Grand Prix,RAI,4,77.483,77.071,76.612
2018,5,Spanish Grand Prix,VER,5,77.411,77.26599999999999,76.816
2018,5,Spanish Grand Prix,RIC,6,77.623,77.638,76.818
2018,5,Spanish Grand Prix,MAG,7,78.169,77.618,77.676
2018,5,Spanish Grand Prix,ALO,8,78.276,78.1,77.721
2018,5,Spanish Grand Prix,SAI,9,78.48,77.803,77.78999999999999
2018,5,Spanish Grand Prix,GRO,10,78.305,77.699,77.83500000000001
2018,5,Spanish Grand Prix,VAN,11,78.885,78.32300000000001,
2018,5,Spanish Grand Prix,GAS,12,78.55,78.463,
2018,5,Spanish Grand Prix,OCO,13,78.813,78.696,
2018,5,Spanish Grand Prix,LEC,14,78.661,78.91,
2018,5,Spanish Grand Prix,PER,15,78.74,79.098,
2018,5,Spanish Grand Prix,HUL,16,78.923,,
2018,5,Spanish Grand Prix,ERI,17,79.493,,
2018,5,Spanish Grand Prix,SIR,18,79.695,,
2018,5,Spanish Grand Prix,STR,19,80.225,,
2018,5,Spanish Grand Prix,HAR,20,,,
2018,6,Monaco Grand Prix,RIC,1,72.013,71.278,70.81
2018,6,Monaco Grand Prix,VET,2,72.41499999999999,71.518,71.039
2018,6,Monaco Grand Prix,HAM,3,72.46000000000001,71.584,71.232
2018,6,Monaco Grand Prix,RAI,4,72.639,71.391,71.266
2018,6,Monaco Grand Prix,BOT,5,72.434,72.002,71.441
2018,6,Monaco Grand Prix,OCO,6,73.028,72.188,72.061
2018,6,Monaco Grand Prix,ALO,7,72.657,72.269,72.11
2018,6,Monaco Grand Prix,SAI,8,72.95,72.286,72.13
2018,6,Monaco Grand Prix,PER,9,72.848,72.194,72.154
2018,6,Monaco Grand Prix,GAS,10,72.941,72.313,72.221
2018,6,Monaco Grand Prix,HUL,11,73.065,72.411,
2018,6,Monaco Grand Prix,VAN,12,72.463,72.44,
2018,6,Monaco Grand Prix,SIR,13,72.706,72.521,
2018,6,Monaco Grand Prix,LEC,14,72.82900000000001,72.714,
2018,6,Monaco Grand Prix,GRO,15,72.93,72.728,
2018,6,Monaco Grand Prix,HAR,16,73.179,,
2018,6,Monaco Grand Prix,ERI,17,73.265,,
2018,6,Monaco Grand Prix,STR,18,73.32300000000001,,
2018,6,Monaco Grand Prix,MAG,19,73.393,,
2018,6,Monaco Grand Prix,VER,20,,,
2018,7,Canadian Grand Prix,VET,1,71.71000000000001,71.524,70.764
2018,7,Canadian Grand Prix,BOT,2,71.95,71.514,70.857
2018,7,Canadian Grand Prix,VER,3,72.008,71.472,70.937
2018,7,Canadian Grand Prix,HAM,4,71.83500000000001,71.74,70.996
2018,7,Canadian Grand Prix,RAI,5,71.725,71.62,71.095
2018,7,Canadian Grand Prix,RIC,6,72.459,71.434,71.116
2018,7,Canadian Grand Prix,HUL,7,72.795,71.916,71.973
2018,7,Canadian Grand Prix,OCO,8,72.577,72.141,72.084
2018,7,Canadian Grand Prix,SAI,9,72.689,72.097,72.168
2018,7,Canadian Grand Prix,PER,10,72.702,72.395,72.67099999999999
2018,7,Canadian Grand Prix,MAG,11,72.68,72.606,
2018,7,Canadian Grand Prix,HAR,12,72.587,72.635,
2018,7,Canadian Grand Prix,LEC,13,72.945,72.661,
2018,7,Canadian Grand Prix,ALO,14,72.979,72.856,
2018,7,Canadian Grand Prix,VAN,15,72.998,72.865,
2018,7,Canadian Grand Prix,GAS,16,73.047,,
2018,7,Canadian Grand Prix,STR,17,73.59,,
2018,7,Canadian Grand Prix,SIR,18,73.643,,
2018,7,Canadian Grand Prix,ERI,19,74.593,,
2018,7,Canadian Grand Prix,GRO,20,,,
2018,8,French Grand Prix,HAM,1,91.271,90.645,90.029
2018,8,French Grand Prix,BOT,2,91.776,91.227,90.14699999999999
2018,8,French Grand Prix,VET,3,91.82,90.751,90.4
2018,8,French Grand Prix,VER,4,91.531,90.818,90.705
2018,8,French Grand Prix,RIC,5,91.91,91.538,90.895
2018,8,French Grand Prix,RAI,6,91.56700000000001,90.77199999999999,91.057
2018,8,French Grand Prix,SAI,7,92.394,92.01599999999999,92.126
2018,8,French Grand Prix,LEC,8,92.538,92.055,92.63499999999999
2018,8,French Grand Prix,MAG,9,92.169,91.51,92.93
2018,8,French Grand Prix,GRO,10,92.083,91.47200000000001,
2018,8,French Grand Prix,OCO,11,92.786,92.075,
2018,8,French Grand Prix,HUL,12,92.949,92.11500000000001,
2018,8,French Grand Prix,PER,13,92.69200000000001,92.45400000000001,
2018,8,French Grand Prix,GAS,14,92.447,92.46000000000001,
2018,8,French Grand Prix,ERI,15,92.804,92.82,
2018,8,French Grand Prix,ALO,16,92.976,,
2018,8,French Grand Prix,HAR,17,93.025,,
2018,8,French Grand Prix,VAN,18,93.162,,
2018,8,French Grand Prix,SIR,19,93.636,,
2018,8,French Grand Prix,STR,20,93.729,,
2018,9,Austrian Grand Prix,BOT,1,64.175,63.756,63.13
2018,9,Austrian Grand Prix,HAM,2,64.08,63.577,63.149
2018,9,Austrian Grand Prix,VET,3,64.347,63.544,63.464
2018,9,Austrian Grand Prix,RAI,4,64.234,63.975,63.66
2018,9,Austrian Grand Prix,VER,5,64.273,64.001,63.84
2018,9,Austrian Grand Prix,GRO,6,64.242,64.059,63.892
2018,9,Austrian Grand Prix,RIC,7,64.723,64.403,63.996
2018,9,Austrian Grand Prix,MAG,8,64.46,64.291,64.051
2018,9,Austrian Grand Prix,SAI,9,64.94800000000001,64.561,64.725
2018,9,Austrian Grand Prix,HUL,10,64.864,64.676,65.019
2018,9,Austrian Grand Prix,OCO,11,65.148,64.845,
2018,9,Austrian Grand Prix,GAS,12,65.011,64.874,
2018,9,Austrian Grand Prix,LEC,13,64.967,64.979,
2018,9,Austrian Grand Prix,ALO,14,64.965,65.05799999999999,
2018,9,Austrian Grand Prix,STR,15,65.264,65.286,
2018,9,Austrian Grand Prix,VAN,16,65.271,,
2018,9,Austrian Grand Prix,PER,17,65.279,,
2018,9,Austrian Grand Prix,SIR,18,65.322,,
2018,9,Austrian Grand Prix,HAR,19,65.366,,
2018,9,Austrian Grand Prix,ERI,20,65.479,,
2018,10,British Grand Prix,HAM,1,86.818,86.256,85.892
2018,10,British Grand Prix,VET,2,86.58500000000001,86.372,85.936
2018,10,British Grand Prix,RAI,3,87.549,86.483,85.99
2018,10,British Grand Prix,BOT,4,87.025,86.413,86.217
2018,10,British Grand Prix,VER,5,87.309,87.013,86.602
2018,10,British Grand Prix,RIC,6,87.979,87.369,87.099
2018,10,British Grand Prix,MAG,7,88.143,87.73,87.244
2018,10,British Grand Prix,GRO,8,88.086,87.52199999999999,87.455
2018,10,British Grand Prix,LEC,9,87.962,87.78999999999999,87.879
2018,10,British Grand Prix,OCO,10,88.279,87.843,88.194
2018,10,British Grand Prix,HUL,11,88.017,87.901,
2018,10,British Grand Prix,PER,12,88.21000000000001,87.928,
2018,10,British Grand Prix,ALO,13,88.187,88.139,
2018,10,British Grand Prix,GAS,14,88.399,88.343,
2018,10,British Grand Prix,ERI,15,88.249,88.39099999999999,
2018,10,British Grand Prix,SAI,16,88.456,,
2018,10,British Grand Prix,VAN,17,89.096,,
2018,10,British Grand Prix,SIR,18,89.252,,
2018,10,British Grand Prix,STR,19,,,
2018,10,British Grand Prix,HAR,20,,,
2018,11,German Grand Prix,VET,1,72.538,72.505,71.212
2018,11,German Grand Prix,BOT,2,72.962,72.152,71.416
2018,11,German Grand Prix,RAI,3,72.505,72.336,71.547
2018,11,German Grand Prix,VER,4,73.127,72.188,71.822
2018,11,German Grand Prix,MAG,5,73.105,72.523,72.2
2018,11,German Grand Prix,GRO,6,72.986,72.722,72.544
2018,11,German Grand Prix,HUL,7,73.479,72.946,72.56
2018,11,German Grand Prix,SAI,8,73.324,73.032,72.69200000000001
2018,11,German Grand Prix,LEC,9,73.077,72.995,72.717
2018,11,German Grand Prix,PER,10,73.42699999999999,73.072,72.774
2018,11,German Grand Prix,ALO,11,73.614,73.657,
2018,11,German Grand Prix,SIR,12,73.708,73.702,
2018,11,German Grand Prix,ERI,13,73.562,73.736,
2018,11,German Grand Prix,HAM,14,73.012,,
2018,11,German Grand Prix,RIC,15,73.318,,
2018,11,German Grand Prix,OCO,16,73.72,,
2018,11,German Grand Prix,GAS,17,73.749,,
2018,11,German Grand Prix,HAR,18,74.045,,
2018,11,German Grand Prix,STR,19,74.206,,
2018,11,German Grand Prix,VAN,20,74.401,,
2018,12,Hungarian Grand Prix,HAM,1,77.419,91.242,95.658
2018,12,Hungarian Grand Prix,BOT,2,77.123,92.081,95.918
2018,12,Hungarian Grand Prix,RAI,3,77.526,92.762,96.186
2018,12,Hungarian Grand Prix,VET,4,76.666,88.636,96.21000000000001
2018,12,Hungarian Grand Prix,SAI,5,77.82900000000001,90.771,96.743
2018,12,Hungarian Grand Prix,GAS,6,78.577,91.286,97.59100000000001
2018,12,Hungarian Grand Prix,VER,7,76.94,91.178,98.032
2018,12,Hungarian Grand Prix,HAR,8,78.429,92.59,98.128
2018,12,Hungarian Grand Prix,MAG,9,78.314,92.968,99.858
2018,12,Hungarian Grand Prix,GRO,10,77.901,93.65,100.593
2018,12,Hungarian Grand Prix,ALO,11,78.208,95.214,
2018,12,Hungarian Grand Prix,RIC,12,78.53999999999999,96.44200000000001,
2018,12,Hungarian Grand Prix,HUL,13,77.905,96.506,
2018,12,Hungarian Grand Prix,ERI,14,78.64099999999999,97.075,
2018,12,Hungarian Grand Prix,STR,15,78.56,,
2018,12,Hungarian Grand Prix,VAN,16,78.782,,
2018,12,Hungarian Grand Prix,LEC,17,78.81700000000001,,
2018,12,Hungarian Grand Prix,OCO,18,79.142,,
2018,12,Hungarian Grand Prix,PER,19,79.2,,
2018,12,Hungarian Grand Prix,SIR,20,79.301,,
2018,13,Belgian Grand Prix,HAM,1,102.977,101.553,118.179
2018,13,Belgian Grand Prix,VET,2,103.035,101.501,118.905
2018,13,Belgian Grand Prix,OCO,3,104.003,103.30199999999999,121.851
2018,13,Belgian Grand Prix,PER,4,104.00399999999999,103.01400000000001,121.894
2018,13,Belgian Grand Prix,GRO,5,103.59700000000001,103.042,122.122
2018,13,Belgian Grand Prix,RAI,6,102.58500000000001,101.533,122.671
2018,13,Belgian Grand Prix,VER,7,103.199,102.554,122.769
2018,13,Belgian Grand Prix,RIC,8,103.604,103.126,122.939
2018,13,Belgian Grand Prix,MAG,9,103.834,103.32,124.93299999999999
2018,13,Belgian Grand Prix,BOT,10,102.805,102.191,
2018,13,Belgian Grand Prix,GAS,11,104.221,103.844,
2018,13,Belgian Grand Prix,HAR,12,104.15299999999999,103.86500000000001,
2018,13,Belgian Grand Prix,LEC,13,103.654,104.062,
2018,13,Belgian Grand Prix,ERI,14,103.846,104.301,
2018,13,Belgian Grand Prix,HUL,15,104.14500000000001,,
2018,13,Belgian Grand Prix,SAI,16,104.489,,
2018,13,Belgian Grand Prix,ALO,17,104.917,,
2018,13,Belgian Grand Prix,SIR,18,104.99799999999999,,
2018,13,Belgian Grand Prix,STR,19,105.134,,
2018,13,Belgian Grand Prix,VAN,20,105.307,,
2018,14,Italian Grand Prix,RAI,1,80.72200000000001,79.846,79.119
2018,14,Italian Grand Prix,VET,2,80.542,79.629,79.28
2018,14,Italian Grand Prix,HAM,3,80.81,79.798,79.294
2018,14,Italian Grand Prix,BOT,4,81.381,80.42699999999999,79.656
2018,14,Italian Grand Prix,VER,5,81.381,80.333,80.615
2018,14,Italian Grand Prix,GRO,6,81.887,81.239,80.936
2018,14,Italian Grand Prix,SAI,7,81.732,81.55199999999999,81.041
2018,14,Italian Grand Prix,OCO,8,81.57,81.315,81.099
2018,14,Italian Grand Prix,GAS,9,81.834,81.667,81.35
2018,14,Italian Grand Prix,STR,10,81.838,81.494,81.627
2018,14,Italian Grand Prix,MAG,11,81.783,81.669,
2018,14,Italian Grand Prix,SIR,12,81.813,81.732,
2018,14,Italian Grand Prix,ALO,13,81.85,82.568,
2018,14,Italian Grand Prix,HUL,14,81.801,,
2018,14,Italian Grand Prix,RIC,15,81.28,,
2018,14,Italian Grand Prix,PER,16,81.888,,
2018,14,Italian Grand Prix,LEC,17,81.889,,
2018,14,Italian Grand Prix,HAR,18,81.934,,
2018,14,Italian Grand Prix,ERI,19,82.048,,
2018,14,Italian Grand Prix,VAN,20,82.08500000000001,,
2018,15,Singapore Grand Prix,HAM,1,99.40299999999999,97.344,96.015
2018,15,Singapore Grand Prix,VER,2,98.751,97.214,96.334
2018,15,Singapore Grand Prix,VET,3,98.218,97.876,96.628
2018,15,Singapore Grand Prix,BOT,4,99.291,97.25399999999999,96.702
2018,15,Singapore Grand Prix,RAI,5,98.53399999999999,97.194,96.794
2018,15,Singapore Grand Prix,RIC,6,98.15299999999999,97.406,96.99600000000001
2018,15,Singapore Grand Prix,PER,7,98.814,98.342,97.985
2018,15,Singapore Grand Prix,GRO,8,98.685,98.36699999999999,98.32
2018,15,Singapore Grand Prix,OCO,9,98.912,98.53399999999999,98.36500000000001
2018,15,Singapore Grand Prix,HUL,10,98.932,98.45,98.588
2018,15,Singapore Grand Prix,ALO,11,99.02199999999999,98.64099999999999,
2018,15,Singapore Grand Prix,SAI,12,99.10300000000001,98.71600000000001,
2018,15,Singapore Grand Prix,LEC,13,99.206,98.747,
2018,15,Singapore Grand Prix,ERI,14,99.366,99.453,
2018,15,Singapore Grand Prix,GAS,15,99.614,99.691,
2018,15,Singapore Grand Prix,MAG,16,99.644,,
2018,15,Singapore Grand Prix,HAR,17,99.809,,
2018,15,Singapore Grand Prix,VAN,18,99.864,,
2018,15,Singapore Grand Prix,SIR,19,101.263,,
2018,15,Singapore Grand Prix,STR,20,101.334,,
2018,16,Russian Grand Prix,BOT,1,92.964,92.744,91.387
2018,16,Russian Grand Prix,HAM,2,92.41,92.595,91.532
2018,16,Russian Grand Prix,VET,3,93.476,93.045,91.943
2018,16,Russian Grand Prix,RAI,4,93.34100000000001,93.065,92.237
2018,16,Russian Grand Prix,MAG,5,94.078,93.747,93.181
2018,16,Russian Grand Prix,OCO,6,94.28999999999999,93.596,93.413
2018,16,Russian Grand Prix,LEC,7,93.924,93.488,93.419
2018,16,Russian Grand Prix,PER,8,94.084,93.923,93.563
2018,16,Russian Grand Prix,GRO,9,94.02199999999999,93.517,93.70400000000001
2018,16,Russian Grand Prix,ERI,10,94.17,93.995,95.196
2018,16,Russian Grand Prix,VER,11,93.048,,
2018,16,Russian Grand Prix,RIC,12,93.247,,
2018,16,Russian Grand Prix,GAS,13,94.38300000000001,,
2018,16,Russian Grand Prix,SAI,14,94.626,,
2018,16,Russian Grand Prix,HUL,15,94.655,,
2018,16,Russian Grand Prix,HAR,16,95.037,,
2018,16,Russian Grand Prix,ALO,17,95.50399999999999,,
2018,16,Russian Grand Prix,SIR,18,95.612,,
2018,16,Russian Grand Prix,VAN,19,95.977,,
2018,16,Russian Grand Prix,STR,20,96.437,,
2018,17,Japanese Grand Prix,HAM,1,88.702,88.017,87.76
2018,17,Japanese Grand Prix,BOT,2,89.297,87.987,88.059
2018,17,Japanese Grand Prix,VER,3,89.48,88.849,89.057
2018,17,Japanese Grand Prix,RAI,4,89.631,88.595,89.521
2018,17,Japanese Grand Prix,GRO,5,89.724,89.678,89.761
2018,17,Japanese Grand Prix,HAR,6,90.248,89.848,90.023
2018,17,Japanese Grand Prix,GAS,7,90.137,89.81,90.093
2018,17,Japanese Grand Prix,OCO,8,89.899,89.538,90.126
2018,17,Japanese Grand Prix,VET,9,89.049,88.279,92.19200000000001
2018,17,Japanese Grand Prix,PER,10,90.247,89.56700000000001,97.229
2018,17,Japanese Grand Prix,LEC,11,89.706,89.864,
2018,17,Japanese Grand Prix,MAG,12,90.219,90.226,
2018,17,Japanese Grand Prix,SAI,13,90.236,90.49,
2018,17,Japanese Grand Prix,STR,14,90.31700000000001,90.714,
2018,17,Japanese Grand Prix,RIC,15,89.806,,
2018,17,Japanese Grand Prix,HUL,16,90.361,,
2018,17,Japanese Grand Prix,SIR,17,90.372,,
2018,17,Japanese Grand Prix,ALO,18,90.57300000000001,,
2018,17,Japanese Grand Prix,VAN,19,91.041,,
2018,17,Japanese Grand Prix,ERI,20,91.213,,
2018,18,United States Grand Prix,HAM,1,94.13,93.47999999999999,92.237
2018,18,United States Grand Prix,VET,2,94.569,93.07900000000001,92.298
2018,18,United States Grand Prix,RAI,3,94.703,92.884,92.307
2018,18,United States Grand Prix,BOT,4,94.518,93.702,92.616
2018,18,United States Grand Prix,RIC,5,94.755,94.185,93.494
2018,18,United States Grand Prix,OCO,6,94.876,94.52199999999999,94.14500000000001
2018,18,United States Grand Prix,HUL,7,94.932,94.564,94.215
2018,18,United States Grand Prix,GRO,8,94.892,94.419,94.25
2018,18,United States Grand Prix,LEC,9,95.069,94.255,94.42
2018,18,United States Grand Prix,PER,10,95.193,94.525,94.594
2018,18,United States Grand Prix,SAI,11,94.89099999999999,94.566,
2018,18,United States Grand Prix,MAG,12,94.97200000000001,94.732,
2018,18,United States Grand Prix,GAS,13,94.85,,
2018,18,United States Grand Prix,HAR,14,95.206,,
2018,18,United States Grand Prix,VER,15,94.76599999999999,,
2018,18,United States Grand Prix,ALO,16,95.294,,
2018,18,United States Grand Prix,SIR,17,95.362,,
2018,18,United States Grand Prix,STR,18,95.47999999999999,,
2018,18,United States Grand Prix,ERI,19,95.536,,
2018,18,United States Grand Prix,VAN,20,95.735,,
2018,19,Mexican Grand Prix,RIC,1,75.866,75.845,74.759
2018,19,Mexican Grand Prix,VER,2,75.756,75.64,74.785
2018,19,Mexican Grand Prix,HAM,3,75.673,75.644,74.894
2018,19,Mexican Grand Prix,VET,4,76.089,75.715,74.97
2018,19,Mexican Grand Prix,BOT,5,75.58,75.923,75.16
2018,19,Mexican Grand Prix,RAI,6,76.446,75.996,75.33
2018,19,Mexican Grand Prix,HUL,7,76.498,76.126,75.827
2018,19,Mexican Grand Prix,SAI,8,76.813,76.188,76.084
2018,19,Mexican Grand Prix,LEC,9,76.862,76.32,76.189
2018,19,Mexican Grand Prix,ERI,10,76.701,76.633,76.513
2018,19,Mexican Grand Prix,OCO,11,76.252,76.844,
2018,19,Mexican Grand Prix,ALO,12,76.857,76.871,
2018,19,Mexican Grand Prix,PER,13,76.242,77.167,
2018,19,Mexican Grand Prix,HAR,14,76.682,77.184,
2018,19,Mexican Grand Prix,GAS,15,76.828,,
2018,19,Mexican Grand Prix,GRO,16,76.911,,
2018,19,Mexican Grand Prix,VAN,17,76.96600000000001,,
2018,19,Mexican Grand Prix,MAG,18,77.599,,
2018,19,Mexican Grand Prix,STR,19,77.689,,
2018,19,Mexican Grand Prix,SIR,20,77.886,,
2018,20,Brazilian Grand Prix,HAM,1,68.464,67.795,67.281
2018,20,Brazilian Grand Prix,VET,2,68.452,67.776,67.374
2018,20,Brazilian Grand Prix,BOT,3,68.492,67.727,67.441
2018,20,Brazilian Grand Prix,RAI,4,68.452,68.028,67.456
2018,20,Brazilian Grand Prix,VER,5,68.205,68.017,67.778
2018,20,Brazilian Grand Prix,RIC,6,68.544,68.055,67.78
2018,20,Brazilian Grand Prix,ERI,7,68.754,68.57900000000001,68.29599999999999
2018,20,Brazilian Grand Prix,LEC,8,68.667,68.33500000000001,68.492
2018,20,Brazilian Grand Prix,GRO,9,68.735,68.239,68.517
2018,20,Brazilian Grand Prix,GAS,10,69.04599999999999,68.616,69.029
2018,20,Brazilian Grand Prix,MAG,11,68.474,68.659,
2018,20,Brazilian Grand Prix,PER,12,69.217,68.741,
2018,20,Brazilian Grand Prix,OCO,13,69.264,68.77,
2018,20,Brazilian Grand Prix,HUL,14,69.009,68.834,
2018,20,Brazilian Grand Prix,SIR,15,69.259,70.381,
2018,20,Brazilian Grand Prix,SAI,16,69.269,,
2018,20,Brazilian Grand Prix,HAR,17,69.28,,
2018,20,Brazilian Grand Prix,ALO,18,69.402,,
2018,20,Brazilian Grand Prix,STR,19,69.441,,
2018,20,Brazilian Grand Prix,VAN,20,69.601,,
2018,21,Abu Dhabi Grand Prix,HAM,1,96.828,95.693,94.794
2018,21,Abu Dhabi Grand Prix,BOT,2,96.789,96.392,94.956
2018,21,Abu Dhabi Grand Prix,VET,3,96.775,96.345,95.125
2018,21,Abu Dhabi Grand Prix,RAI,4,97.00999999999999,96.735,95.36500000000001
2018,21,Abu Dhabi Grand Prix,RIC,5,97.11699999999999,96.964,95.40100000000001
2018,21,Abu Dhabi Grand Prix,VER,6,97.195,96.144,95.589
2018,21,Abu Dhabi Grand Prix,GRO,7,97.575,96.732,96.19200000000001
2018,21,Abu Dhabi Grand Prix,LEC,8,97.124,96.58,96.237
2018,21,Abu Dhabi Grand Prix,OCO,9,96.936,96.814,96.53999999999999
2018,21,Abu Dhabi Grand Prix,HUL,10,97.569,96.63,96.542
2018,21,Abu Dhabi Grand Prix,SAI,11,97.757,96.982,
2018,21,Abu Dhabi Grand Prix,ERI,12,97.619,97.132,
2018,21,Abu Dhabi Grand Prix,MAG,13,97.934,97.309,
2018,21,Abu Dhabi Grand Prix,PER,14,97.255,97.541,
2018,21,Abu Dhabi Grand Prix,ALO,15,97.89,97.743,
2018,21,Abu Dhabi Grand Prix,HAR,16,97.994,,
2018,21,Abu Dhabi Grand Prix,GAS,17,98.166,,
2018,21,Abu Dhabi Grand Prix,VAN,18,98.577,,
2018,21,Abu Dhabi Grand Prix,SIR,19,98.63499999999999,,
2018,21,Abu Dhabi Grand Prix,STR,20,98.682,,
2019,1,Australian Grand Prix,HAM,1,82.043,81.014,80.486
2019,1,Australian Grand Prix,BOT,2,82.367,81.193,80.598
2019,1,Australian Grand Prix,VET,3,82.885,81.912,81.19
2019,1,Australian Grand Prix,VER,4,82.876,81.678,81.32
2019,1,Australian Grand Prix,LEC,5,82.017,81.739,81.44200000000001
2019,1,Australian Grand Prix,GRO,6,82.959,81.87,81.826
2019,1,Australian Grand Prix,MAG,7,82.519,82.221,82.099
2019,1,Australian Grand Prix,NOR,8,82.702,82.423,82.304
2019,1,Australian Grand Prix,RAI,9,82.96600000000001,82.349,82.314
2019,1,Australian Grand Prix,PER,10,82.908,82.532,82.781
2019,1,Australian Grand Prix,HUL,11,82.53999999999999,82.562,
2019,1,Australian Grand Prix,RIC,12,82.92099999999999,82.57,
2019,1,Australian Grand Prix,ALB,13,82.757,82.636,
2019,1,Australian Grand Prix,GIO,14,82.431,82.714,
2019,1,Australian Grand Prix,KVY,15,82.511,82.774,
2019,1,Australian Grand Prix,STR,16,83.017,,
2019,1,Australian Grand Prix,GAS,17,83.02,,
2019,1,Australian Grand Prix,SAI,18,83.084,,
2019,1,Australian Grand Prix,RUS,19,84.36,,
2019,1,Australian Grand Prix,KUB,20,86.06700000000001,,
2019,2,Bahrain Grand Prix,LEC,1,88.495,88.04599999999999,87.866
2019,2,Bahrain Grand Prix,VET,2,88.733,88.356,88.16
2019,2,Bahrain Grand Prix,HAM,3,89.262,88.578,88.19
2019,2,Bahrain Grand Prix,BOT,4,89.498,88.83,88.256
2019,2,Bahrain Grand Prix,VER,5,89.57900000000001,89.10900000000001,88.752
2019,2,Bahrain Grand Prix,MAG,6,89.532,89.017,88.757
2019,2,Bahrain Grand Prix,SAI,7,89.52799999999999,89.055,88.813
2019,2,Bahrain Grand Prix,GRO,8,89.688,89.249,89.015
2019,2,Bahrain Grand Prix,RAI,9,89.959,89.471,89.02199999999999
2019,2,Bahrain Grand Prix,NOR,10,89.381,89.258,89.043
2019,2,Bahrain Grand Prix,RIC,11,89.85900000000001,89.488,
2019,2,Bahrain Grand Prix,ALB,12,89.514,89.513,
2019,2,Bahrain Grand Prix,GAS,13,89.9,89.526,
2019,2,Bahrain Grand Prix,PER,14,89.893,89.756,
2019,2,Bahrain Grand Prix,KVY,15,89.876,89.854,
2019,2,Bahrain Grand Prix,GIO,16,90.026,,
2019,2,Bahrain Grand Prix,HUL,17,90.03399999999999,,
2019,2,Bahrain Grand Prix,STR,18,90.217,,
2019,2,Bahrain Grand Prix,RUS,19,91.759,,
2019,2,Bahrain Grand Prix,KUB,20,91.799,,
2019,3,Chinese Grand Prix,BOT,1,92.658,91.72800000000001,91.547
2019,3,Chinese Grand Prix,HAM,2,93.11500000000001,91.637,91.57
2019,3,Chinese Grand Prix,VET,3,93.557,92.232,91.848
2019,3,Chinese Grand Prix,LEC,4,92.712,92.324,91.865
2019,3,Chinese Grand Prix,VER,5,93.274,92.369,92.089
2019,3,Chinese Grand Prix,GAS,6,93.863,92.94800000000001,92.93
2019,3,Chinese Grand Prix,RIC,7,93.709,93.214,92.958
2019,3,Chinese Grand Prix,HUL,8,93.644,93.968,92.962
2019,3,Chinese Grand Prix,MAG,9,94.036,93.15,
2019,3,Chinese Grand Prix,GRO,10,93.75200000000001,93.156,
2019,3,Chinese Grand Prix,KVY,11,93.783,93.23599999999999,
2019,3,Chinese Grand Prix,PER,12,94.02600000000001,93.299,
2019,3,Chinese Grand Prix,RAI,13,94.125,93.419,
2019,3,Chinese Grand Prix,SAI,14,93.686,93.523,
2019,3,Chinese Grand Prix,NOR,15,94.148,93.967,
2019,3,Chinese Grand Prix,STR,16,94.292,,
2019,3,Chinese Grand Prix,RUS,17,95.253,,
2019,3,Chinese Grand Prix,KUB,18,95.281,,
2019,4,Azerbaijan Grand Prix,BOT,1,102.02600000000001,101.5,100.495
2019,4,Azerbaijan Grand Prix,HAM,2,101.614,101.58,100.554
2019,4,Azerbaijan Grand Prix,VET,3,102.042,101.88900000000001,100.797
2019,4,Azerbaijan Grand Prix,VER,4,101.727,101.388,101.069
2019,4,Azerbaijan Grand Prix,PER,5,102.249,101.87,101.593
2019,4,Azerbaijan Grand Prix,KVY,6,102.324,102.221,101.681
2019,4,Azerbaijan Grand Prix,NOR,7,102.37100000000001,102.084,101.886
2019,4,Azerbaijan Grand Prix,GIO,8,102.14,102.381,102.424
2019,4,Azerbaijan Grand Prix,LEC,9,101.426,101.995,
2019,4,Azerbaijan Grand Prix,SAI,10,101.936,102.398,
2019,4,Azerbaijan Grand Prix,RIC,11,102.48599999999999,102.477,
2019,4,Azerbaijan Grand Prix,ALB,12,102.154,102.494,
2019,4,Azerbaijan Grand Prix,MAG,13,102.382,102.699,
2019,4,Azerbaijan Grand Prix,STR,14,102.63,,
2019,4,Azerbaijan Grand Prix,GRO,15,103.407,,
2019,4,Azerbaijan Grand Prix,HUL,16,103.42699999999999,,
2019,4,Azerbaijan Grand Prix,RUS,17,105.062,,
2019,4,Azerbaijan Grand Prix,KUB,18,105.455,,
2019,4,Azerbaijan Grand Prix,RAI,19,,,
2019,4,Azerbaijan Grand Prix,GAS,20,,,
2019,5,Spanish Grand Prix,BOT,1,76.979,75.924,75.406
2019,5,Spanish Grand Prix,HAM,2,77.292,76.038,76.03999999999999
2019,5,Spanish Grand Prix,VET,3,77.425,76.667,76.27199999999999
2019,5,Spanish Grand Prix,VER,4,77.244,76.726,76.357
2019,5,Spanish Grand Prix,LEC,5,77.388,76.714,76.588
2019,5,Spanish Grand Prix,GAS,6,77.862,76.932,76.708
2019,5,Spanish Grand Prix,GRO,7,78.042,77.066,76.911
2019,5,Spanish Grand Prix,MAG,8,77.669,77.27199999999999,76.922
2019,5,Spanish Grand Prix,KVY,9,77.914,77.243,77.57300000000001
2019,5,Spanish Grand Prix,RIC,10,78.385,77.299,78.106
2019,5,Spanish Grand Prix,NOR,11,77.611,77.338,
2019,5,Spanish Grand Prix,ALB,12,77.79599999999999,77.445,
2019,5,Spanish Grand Prix,SAI,13,77.76,77.599,
2019,5,Spanish Grand Prix,RAI,14,78.132,77.788,
2019,5,Spanish Grand Prix,PER,15,78.286,77.886,
2019,5,Spanish Grand Prix,HUL,16,78.404,,
2019,5,Spanish Grand Prix,STR,17,78.471,,
2019,5,Spanish Grand Prix,GIO,18,78.664,,
2019,5,Spanish Grand Prix,RUS,19,79.072,,
2019,5,Spanish Grand Prix,KUB,20,80.254,,
2019,6,Monaco Grand Prix,HAM,1,71.542,70.83500000000001,70.166
2019,6,Monaco Grand Prix,BOT,2,71.562,70.701,70.252
2019,6,Monaco Grand Prix,VER,3,71.597,70.618,70.641
2019,6,Monaco Grand Prix,VET,4,71.434,71.227,70.947
2019,6,Monaco Grand Prix,GAS,5,71.74,71.457,71.041
2019,6,Monaco Grand Prix,MAG,6,71.865,71.363,71.109
2019,6,Monaco Grand Prix,RIC,7,71.767,71.543,71.218
2019,6,Monaco Grand Prix,KVY,8,71.602,71.412,71.271
2019,6,Monaco Grand Prix,SAI,9,71.872,71.608,71.417
2019,6,Monaco Grand Prix,ALB,10,72.007,71.429,71.653
2019,6,Monaco Grand Prix,HUL,11,72.097,71.67,
2019,6,Monaco Grand Prix,NOR,12,71.845,71.724,
2019,6,Monaco Grand Prix,GRO,13,71.837,72.027,
2019,6,Monaco Grand Prix,RAI,14,71.993,72.115,
2019,6,Monaco Grand Prix,GIO,15,71.976,72.185,
2019,6,Monaco Grand Prix,LEC,16,72.149,,
2019,6,Monaco Grand Prix,PER,17,72.233,,
2019,6,Monaco Grand Prix,STR,18,72.846,,
2019,6,Monaco Grand Prix,RUS,19,73.477,,
2019,6,Monaco Grand Prix,KUB,20,73.751,,
2019,7,Canadian Grand Prix,VET,1,71.2,71.142,70.24
2019,7,Canadian Grand Prix,HAM,2,71.518,71.01,70.446
2019,7,Canadian Grand Prix,LEC,3,71.214,71.205,70.92
2019,7,Canadian Grand Prix,RIC,4,71.837,71.532,71.071
2019,7,Canadian Grand Prix,GAS,5,72.023,71.196,71.07900000000001
2019,7,Canadian Grand Prix,BOT,6,71.229,71.095,71.101
2019,7,Canadian Grand Prix,HUL,7,71.72,71.553,71.324
2019,7,Canadian Grand Prix,NOR,8,71.78,71.735,71.863
2019,7,Canadian Grand Prix,SAI,9,71.75,71.572,73.981
2019,7,Canadian Grand Prix,MAG,10,72.107,71.786,
2019,7,Canadian Grand Prix,VER,11,71.619,71.8,
2019,7,Canadian Grand Prix,KVY,12,71.965,71.92099999999999,
2019,7,Canadian Grand Prix,GIO,13,72.122,72.136,
2019,7,Canadian Grand Prix,ALB,14,72.02,72.193,
2019,7,Canadian Grand Prix,GRO,15,72.109,,
2019,7,Canadian Grand Prix,PER,16,72.197,,
2019,7,Canadian Grand Prix,RAI,17,72.23,,
2019,7,Canadian Grand Prix,STR,18,72.266,,
2019,7,Canadian Grand Prix,RUS,19,73.617,,
2019,7,Canadian Grand Prix,KUB,20,74.393,,
2019,8,French Grand Prix,HAM,1,90.60900000000001,89.52,88.319
2019,8,French Grand Prix,BOT,2,90.55,89.437,88.605
2019,8,French Grand Prix,LEC,3,90.64699999999999,89.699,88.965
2019,8,French Grand Prix,VER,4,91.327,90.099,89.40899999999999
2019,8,French Grand Prix,NOR,5,90.989,90.019,89.418
2019,8,French Grand Prix,SAI,6,91.07300000000001,90.319,89.52199999999999
2019,8,French Grand Prix,VET,7,91.075,89.506,89.799
2019,8,French Grand Prix,RIC,8,90.95400000000001,90.369,89.918
2019,8,French Grand Prix,GAS,9,91.152,90.42099999999999,90.184
2019,8,French Grand Prix,GIO,10,91.18,90.408,93.42
2019,8,French Grand Prix,ALB,11,91.445,90.461,
2019,8,French Grand Prix,RAI,12,90.97200000000001,90.533,
2019,8,French Grand Prix,HUL,13,90.865,90.544,
2019,8,French Grand Prix,PER,14,90.964,90.738,
2019,8,French Grand Prix,MAG,15,91.166,91.44,
2019,8,French Grand Prix,KVY,16,91.564,,
2019,8,French Grand Prix,GRO,17,91.626,,
2019,8,French Grand Prix,STR,18,91.726,,
2019,8,French Grand Prix,RUS,19,92.789,,
2019,8,French Grand Prix,KUB,20,93.205,,
2019,9,Austrian Grand Prix,LEC,1,64.138,63.378,63.003
2019,9,Austrian Grand Prix,HAM,2,63.818,63.803,63.262
2019,9,Austrian Grand Prix,VER,3,63.807,63.835,63.439
2019,9,Austrian Grand Prix,BOT,4,64.084,63.863,63.537
2019,9,Austrian Grand Prix,MAG,5,64.778,64.466,64.072
2019,9,Austrian Grand Prix,NOR,6,64.361,64.211,64.099
2019,9,Austrian Grand Prix,RAI,7,64.615,64.056,64.166
2019,9,Austrian Grand Prix,GIO,8,64.45,64.194,64.179
2019,9,Austrian Grand Prix,GAS,9,64.412,63.988,64.199
2019,9,Austrian Grand Prix,VET,10,64.43,63.667,
2019,9,Austrian Grand Prix,GRO,11,64.55199999999999,64.49,
2019,9,Austrian Grand Prix,HUL,12,64.733,64.516,
2019,9,Austrian Grand Prix,ALB,13,64.708,64.665,
2019,9,Austrian Grand Prix,RIC,14,64.647,64.79,
2019,9,Austrian Grand Prix,SAI,15,64.453,73.601,
2019,9,Austrian Grand Prix,PER,16,64.789,,
2019,9,Austrian Grand Prix,STR,17,64.832,,
2019,9,Austrian Grand Prix,KVY,18,65.324,,
2019,9,Austrian Grand Prix,RUS,19,65.904,,
2019,9,Austrian Grand Prix,KUB,20,66.206,,
2019,10,British Grand Prix,BOT,1,85.75,85.672,85.093
2019,10,British Grand Prix,HAM,2,85.513,85.84,85.099
2019,10,British Grand Prix,LEC,3,85.533,85.54599999999999,85.172
2019,10,British Grand Prix,VER,4,85.7,85.848,85.276
2019,10,British Grand Prix,GAS,5,86.273,86.038,85.59
2019,10,British Grand Prix,VET,6,85.898,86.023,85.787
2019,10,British Grand Prix,RIC,7,86.428,86.283,86.182
2019,10,British Grand Prix,NOR,8,86.07900000000001,86.385,86.224
2019,10,British Grand Prix,ALB,9,86.482,86.40299999999999,86.345
2019,10,British Grand Prix,HUL,10,86.568,86.39699999999999,86.386
2019,10,British Grand Prix,GIO,11,86.449,86.519,
2019,10,British Grand Prix,RAI,12,86.55799999999999,86.54599999999999,
2019,10,British Grand Prix,SAI,13,86.203,86.578,
2019,10,British Grand Prix,GRO,14,86.34700000000001,86.757,
2019,10,British Grand Prix,PER,15,86.649,86.928,
2019,10,British Grand Prix,MAG,16,86.662,,
2019,10,British Grand Prix,KVY,17,86.721,,
2019,10,British Grand Prix,STR,18,86.762,,
2019,10,British Grand Prix,RUS,19,87.789,,
2019,10,British Grand Prix,KUB,20,88.257,,
2019,11,German Grand Prix,HAM,1,72.852,72.149,71.767
2019,11,German Grand Prix,VER,2,72.593,72.42699999999999,72.113
2019,11,German Grand Prix,BOT,3,73.075,72.424,72.129
2019,11,German Grand Prix,GAS,4,72.991,72.385,72.522
2019,11,German Grand Prix,RAI,5,73.066,72.519,72.538
2019,11,German Grand Prix,GRO,6,73.146,72.769,72.851
2019,11,German Grand Prix,SAI,7,73.221,72.632,72.897
2019,11,German Grand Prix,PER,8,73.194,72.776,73.065
2019,11,German Grand Prix,HUL,9,73.186,72.766,73.126
2019,11,German Grand Prix,LEC,10,72.229,72.344,
2019,11,German Grand Prix,GIO,11,73.17,72.786,
2019,11,German Grand Prix,MAG,12,73.103,72.789,
2019,11,German Grand Prix,RIC,13,73.131,72.799,
2019,11,German Grand Prix,KVY,14,73.278,73.135,
2019,11,German Grand Prix,STR,15,73.256,73.45,
2019,11,German Grand Prix,NOR,16,73.333,,
2019,11,German Grand Prix,ALB,17,73.461,,
2019,11,German Grand Prix,RUS,18,74.721,,
2019,11,German Grand Prix,KUB,19,74.839,,
2019,11,German Grand Prix,VET,20,,,
2019,12,Hungarian Grand Prix,VER,1,75.81700000000001,75.57300000000001,74.572
2019,12,Hungarian Grand Prix,BOT,2,76.078,75.669,74.59
2019,12,Hungarian Grand Prix,HAM,3,76.068,75.548,74.769
2019,12,Hungarian Grand Prix,LEC,4,76.337,75.792,75.043
2019,12,Hungarian Grand Prix,VET,5,76.452,75.885,75.071
2019,12,Hungarian Grand Prix,GAS,6,76.71600000000001,76.393,75.45
2019,12,Hungarian Grand Prix,NOR,7,76.697,76.06,75.8
2019,12,Hungarian Grand Prix,SAI,8,76.493,76.30799999999999,75.852
2019,12,Hungarian Grand Prix,GRO,9,76.97800000000001,76.319,76.013
2019,12,Hungarian Grand Prix,RAI,10,76.506,76.518,76.041
2019,12,Hungarian Grand Prix,HUL,11,76.78999999999999,76.565,
2019,12,Hungarian Grand Prix,ALB,12,76.912,76.687,
2019,12,Hungarian Grand Prix,KVY,13,76.75,76.69200000000001,
2019,12,Hungarian Grand Prix,GIO,14,76.894,76.804,
2019,12,Hungarian Grand Prix,MAG,15,76.122,77.081,
2019,12,Hungarian Grand Prix,RUS,16,77.031,,
2019,12,Hungarian Grand Prix,PER,17,77.10900000000001,,
2019,12,Hungarian Grand Prix,RIC,18,77.257,,
2019,12,Hungarian Grand Prix,STR,19,77.542,,
2019,12,Hungarian Grand Prix,KUB,20,78.324,,
2019,13,Belgian Grand Prix,LEC,1,103.587,102.938,102.519
2019,13,Belgian Grand Prix,VET,2,104.10900000000001,103.037,103.267
2019,13,Belgian Grand Prix,HAM,3,105.25999999999999,103.592,103.282
2019,13,Belgian Grand Prix,BOT,4,105.14099999999999,103.97999999999999,103.41499999999999
2019,13,Belgian Grand Prix,VER,5,104.622,104.132,103.69
2019,13,Belgian Grand Prix,RIC,6,105.56,104.10300000000001,104.257
2019,13,Belgian Grand Prix,HUL,7,105.899,104.549,104.542
2019,13,Belgian Grand Prix,RAI,8,105.842,104.14,104.557
2019,13,Belgian Grand Prix,PER,9,105.732,104.707,104.706
2019,13,Belgian Grand Prix,MAG,10,105.839,104.738,105.086
2019,13,Belgian Grand Prix,GRO,11,105.694,104.797,
2019,13,Belgian Grand Prix,NOR,12,106.154,104.84700000000001,
2019,13,Belgian Grand Prix,STR,13,106.0,105.047,
2019,13,Belgian Grand Prix,ALB,14,105.52799999999999,105.799,
2019,13,Belgian Grand Prix,GIO,15,105.637,,
2019,13,Belgian Grand Prix,GAS,16,106.435,,
2019,13,Belgian Grand Prix,SAI,17,106.507,,
2019,13,Belgian Grand Prix,KVY,18,106.518,,
2019,13,Belgian Grand Prix,RUS,19,107.548,,
2019,13,Belgian Grand Prix,KUB,20,,,
2019,14,Italian Grand Prix,LEC,1,80.126,79.553,79.307
2019,14,Italian Grand Prix,HAM,2,80.27199999999999,79.464,79.346
2019,14,Italian Grand Prix,BOT,3,80.156,80.018,79.354
2019,14,Italian Grand Prix,VET,4,80.378,79.715,79.457
2019,14,Italian Grand Prix,RIC,5,80.374,79.833,79.839
2019,14,Italian Grand Prix,HUL,6,80.155,80.275,80.049
2019,14,Italian Grand Prix,SAI,7,80.413,80.202,80.455
2019,14,Italian Grand Prix,ALB,8,80.382,80.021,
2019,14,Italian Grand Prix,STR,9,80.643,80.498,
2019,14,Italian Grand Prix,RAI,10,80.634,80.515,
2019,14,Italian Grand Prix,GIO,11,80.657,80.517,
2019,14,Italian Grand Prix,MAG,12,80.616,80.615,
2019,14,Italian Grand Prix,KVY,13,80.723,80.63,
2019,14,Italian Grand Prix,NOR,14,80.646,81.068,
2019,14,Italian Grand Prix,GAS,15,80.508,81.125,
2019,14,Italian Grand Prix,GRO,16,80.78399999999999,,
2019,14,Italian Grand Prix,PER,17,81.291,,
2019,14,Italian Grand Prix,RUS,18,81.8,,
2019,14,Italian Grand Prix,KUB,19,82.356,,
2019,14,Italian Grand Prix,VER,20,,,
2019,15,Singapore Grand Prix,LEC,1,98.01400000000001,96.65,96.217
2019,15,Singapore Grand Prix,HAM,2,97.565,96.93299999999999,96.408
2019,15,Singapore Grand Prix,VET,3,98.374,96.72,96.437
2019,15,Singapore Grand Prix,VER,4,98.53999999999999,97.089,96.813
2019,15,Singapore Grand Prix,BOT,5,97.31700000000001,97.142,97.146
2019,15,Singapore Grand Prix,ALB,6,99.106,97.86500000000001,97.411
2019,15,Singapore Grand Prix,SAI,7,98.882,97.982,97.818
2019,15,Singapore Grand Prix,HUL,8,99.001,98.58,98.26400000000001
2019,15,Singapore Grand Prix,NOR,9,98.606,97.572,98.32900000000001
2019,15,Singapore Grand Prix,PER,10,99.90899999999999,98.52000000000001,
2019,15,Singapore Grand Prix,GIO,11,99.27199999999999,98.697,
2019,15,Singapore Grand Prix,GAS,12,99.08500000000001,98.699,
2019,15,Singapore Grand Prix,RAI,13,99.45400000000001,98.858,
2019,15,Singapore Grand Prix,MAG,14,99.94200000000001,99.65,
2019,15,Singapore Grand Prix,KVY,15,99.957,,
2019,15,Singapore Grand Prix,STR,16,99.979,,
2019,15,Singapore Grand Prix,GRO,17,100.277,,
2019,15,Singapore Grand Prix,RUS,18,100.86699999999999,,
2019,15,Singapore Grand Prix,KUB,19,101.186,,
2019,15,Singapore Grand Prix,RIC,20,,,
2019,16,Russian Grand Prix,LEC,1,93.613,92.434,91.628
2019,16,Russian Grand Prix,HAM,2,93.22999999999999,93.134,92.03
2019,16,Russian Grand Prix,VET,3,93.032,92.536,92.053
2019,16,Russian Grand Prix,VER,4,93.368,92.634,92.31
2019,16,Russian Grand Prix,BOT,5,93.413,93.281,92.632
2019,16,Russian Grand Prix,SAI,6,94.184,93.807,93.22200000000001
2019,16,Russian Grand Prix,HUL,7,94.23599999999999,93.898,93.289
2019,16,Russian Grand Prix,NOR,8,94.201,93.725,93.301
2019,16,Russian Grand Prix,GRO,9,94.283,93.643,93.517
2019,16,Russian Grand Prix,RIC,10,94.138,93.862,93.661
2019,16,Russian Grand Prix,GAS,11,94.456,93.95,
2019,16,Russian Grand Prix,PER,12,94.336,93.958,
2019,16,Russian Grand Prix,GIO,13,94.755,94.037,
2019,16,Russian Grand Prix,MAG,14,93.88900000000001,94.082,
2019,16,Russian Grand Prix,STR,15,94.287,94.233,
2019,16,Russian Grand Prix,RAI,16,94.84,,
2019,16,Russian Grand Prix,RUS,17,95.356,,
2019,16,Russian Grand Prix,KUB,18,96.47399999999999,,
2019,16,Russian Grand Prix,ALB,19,99.197,,
2019,16,Russian Grand Prix,KVY,20,99.544,,
2019,17,Japanese Grand Prix,VET,1,88.988,88.174,87.064
2019,17,Japanese Grand Prix,LEC,2,88.405,88.179,87.253
2019,17,Japanese Grand Prix,BOT,3,88.896,87.688,87.293
2019,17,Japanese Grand Prix,HAM,4,88.735,87.826,87.30199999999999
2019,17,Japanese Grand Prix,VER,5,88.754,88.499,87.851
2019,17,Japanese Grand Prix,ALB,6,89.351,88.156,87.851
2019,17,Japanese Grand Prix,SAI,7,89.018,88.577,88.304
2019,17,Japanese Grand Prix,NOR,8,88.873,88.571,88.464
2019,17,Japanese Grand Prix,GAS,9,89.411,88.779,88.836
2019,17,Japanese Grand Prix,GRO,10,89.572,89.144,89.34100000000001
2019,17,Japanese Grand Prix,GIO,11,89.604,89.254,
2019,17,Japanese Grand Prix,STR,12,89.594,89.345,
2019,17,Japanese Grand Prix,RAI,13,89.636,89.358,
2019,17,Japanese Grand Prix,KVY,14,89.723,89.563,
2019,17,Japanese Grand Prix,HUL,15,89.619,90.112,
2019,17,Japanese Grand Prix,RIC,16,89.822,,
2019,17,Japanese Grand Prix,PER,17,90.344,,
2019,17,Japanese Grand Prix,RUS,18,90.364,,
2019,17,Japanese Grand Prix,MAG,19,,,
2019,17,Japanese Grand Prix,KUB,20,,,
2019,18,Mexican Grand Prix,VER,1,75.949,76.136,74.758
2019,18,Mexican Grand Prix,LEC,2,76.364,76.219,75.024
2019,18,Mexican Grand Prix,VET,3,76.696,75.914,75.17
2019,18,Mexican Grand Prix,HAM,4,76.424,75.721,75.262
2019,18,Mexican Grand Prix,ALB,5,76.175,76.574,75.336
2019,18,Mexican Grand Prix,BOT,6,77.062,75.852,75.338
2019,18,Mexican Grand Prix,SAI,7,77.044,76.267,76.014
2019,18,Mexican Grand Prix,NOR,8,77.092,76.447,76.322
2019,18,Mexican Grand Prix,KVY,9,77.041,76.657,76.469
2019,18,Mexican Grand Prix,GAS,10,77.065,76.679,76.586
2019,18,Mexican Grand Prix,PER,11,77.465,76.687,
2019,18,Mexican Grand Prix,HUL,12,77.608,76.885,
2019,18,Mexican Grand Prix,RIC,13,77.27,76.93299999999999,
2019,18,Mexican Grand Prix,RAI,14,77.225,76.967,
2019,18,Mexican Grand Prix,GIO,15,77.794,77.269,
2019,18,Mexican Grand Prix,STR,16,78.065,,
2019,18,Mexican Grand Prix,MAG,17,78.436,,
2019,18,Mexican Grand Prix,GRO,18,78.599,,
2019,18,Mexican Grand Prix,RUS,19,78.82300000000001,,
2019,18,Mexican Grand Prix,KUB,20,80.179,,
2019,19,United States Grand Prix,BOT,1,93.75,93.16,92.029
2019,19,United States Grand Prix,VET,2,93.76599999999999,93.782,92.041
2019,19,United States Grand Prix,VER,3,93.549,93.12,92.096
2019,19,United States Grand Prix,LEC,4,93.988,92.75999999999999,92.137
2019,19,United States Grand Prix,HAM,5,93.45400000000001,93.045,92.321
2019,19,United States Grand Prix,ALB,6,93.98400000000001,92.898,92.548
2019,19,United States Grand Prix,SAI,7,93.916,93.422,92.84700000000001
2019,19,United States Grand Prix,NOR,8,93.35300000000001,93.316,93.175
2019,19,United States Grand Prix,RIC,9,93.83500000000001,93.608,93.488
2019,19,United States Grand Prix,GAS,10,93.556,93.715,93.601
2019,19,United States Grand Prix,HUL,11,94.092,93.815,
2019,19,United States Grand Prix,MAG,12,93.812,93.979,
2019,19,United States Grand Prix,KVY,13,94.138,93.989,
2019,19,United States Grand Prix,STR,14,93.92099999999999,94.1,
2019,19,United States Grand Prix,GRO,15,94.161,94.158,
2019,19,United States Grand Prix,GIO,16,94.226,,
2019,19,United States Grand Prix,RAI,17,94.369,,
2019,19,United States Grand Prix,RUS,18,95.372,,
2019,19,United States Grand Prix,PER,19,95.80799999999999,,
2019,19,United States Grand Prix,KUB,20,95.88900000000001,,
2019,20,Brazilian Grand Prix,VER,1,68.242,67.503,67.508
2019,20,Brazilian Grand Prix,VET,2,68.556,68.05,67.631
2019,20,Brazilian Grand Prix,HAM,3,68.614,68.088,67.699
2019,20,Brazilian Grand Prix,LEC,4,68.496,67.888,67.728
2019,20,Brazilian Grand Prix,BOT,5,68.545,68.232,67.874
2019,20,Brazilian Grand Prix,ALB,6,68.503,68.117,67.935
2019,20,Brazilian Grand Prix,GAS,7,68.909,68.77,68.837
2019,20,Brazilian Grand Prix,GRO,8,69.197,68.705,68.854
2019,20,Brazilian Grand Prix,RAI,9,69.276,68.858,68.984
2019,20,Brazilian Grand Prix,MAG,10,68.875,68.803,69.037
2019,20,Brazilian Grand Prix,NOR,11,68.891,68.868,
2019,20,Brazilian Grand Prix,RIC,12,69.086,68.903,
2019,20,Brazilian Grand Prix,GIO,13,69.175,68.919,
2019,20,Brazilian Grand Prix,HUL,14,69.05,68.92099999999999,
2019,20,Brazilian Grand Prix,PER,15,69.288,69.035,
2019,20,Brazilian Grand Prix,KVY,16,69.32,,
2019,20,Brazilian Grand Prix,STR,17,69.536,,
2019,20,Brazilian Grand Prix,RUS,18,70.126,,
2019,20,Brazilian Grand Prix,KUB,19,70.614,,
2019,20,Brazilian Grand Prix,SAI,20,,,
2019,21,Abu Dhabi Grand Prix,HAM,1,95.851,95.634,94.779
2019,21,Abu Dhabi Grand Prix,BOT,2,96.2,95.674,94.973
2019,21,Abu Dhabi Grand Prix,VER,3,96.39,96.275,95.13900000000001
2019,21,Abu Dhabi Grand Prix,LEC,4,96.47800000000001,95.543,95.219
2019,21,Abu Dhabi Grand Prix,VET,5,96.963,95.786,95.339
2019,21,Abu Dhabi Grand Prix,ALB,6,96.102,96.718,95.682
2019,21,Abu Dhabi Grand Prix,NOR,7,97.545,96.76400000000001,96.436
2019,21,Abu Dhabi Grand Prix,RIC,8,97.106,96.785,96.456
2019,21,Abu Dhabi Grand Prix,SAI,9,97.358,96.30799999999999,96.459
2019,21,Abu Dhabi Grand Prix,HUL,10,97.506,96.85900000000001,96.71000000000001
2019,21,Abu Dhabi Grand Prix,PER,11,96.961,97.055,
2019,21,Abu Dhabi Grand Prix,GAS,12,97.19800000000001,97.089,
2019,21,Abu Dhabi Grand Prix,STR,13,97.52799999999999,97.10300000000001,
2019,21,Abu Dhabi Grand Prix,KVY,14,97.68299999999999,97.14099999999999,
2019,21,Abu Dhabi Grand Prix,MAG,15,97.71000000000001,97.25399999999999,
2019,21,Abu Dhabi Grand Prix,GRO,16,98.051,,
2019,21,Abu Dhabi Grand Prix,GIO,17,98.114,,
2019,21,Abu Dhabi Grand Prix,RAI,18,98.38300000000001,,
2019,21,Abu Dhabi Grand Prix,RUS,19,98.717,,
2019,21,Abu Dhabi Grand Prix,KUB,20,99.23599999999999,,
2020,1,Austrian Grand Prix,BOT,1,64.111,63.015,62.939
2020,1,Austrian Grand Prix,HAM,2,64.19800000000001,63.096000000000004,62.951
2020,1,Austrian Grand Prix,VER,3,64.024,64.0,63.477
2020,1,Austrian Grand Prix,NOR,4,64.606,63.819,63.626
2020,1,Austrian Grand Prix,ALB,5,64.661,63.746,63.868
2020,1,Austrian Grand Prix,PER,6,64.543,63.86,63.868
2020,1,Austrian Grand Prix,LEC,7,64.5,64.041,63.923
2020,1,Austrian Grand Prix,SAI,8,64.537,63.971000000000004,63.971000000000004
2020,1,Austrian Grand Prix,STR,9,64.309,63.955,64.029
2020,1,Austrian Grand Prix,RIC,10,64.556,64.023,64.239
2020,1,Austrian Grand Prix,VET,11,64.554,64.206,
2020,1,Austrian Grand Prix,GAS,12,64.603,64.305,
2020,1,Austrian Grand Prix,KVY,13,65.031,64.431,
2020,1,Austrian Grand Prix,OCO,14,64.93299999999999,64.643,
2020,1,Austrian Grand Prix,GRO,15,65.094,64.691,
2020,1,Austrian Grand Prix,MAG,16,65.164,,
2020,1,Austrian Grand Prix,RUS,17,65.167,,
2020,1,Austrian Grand Prix,GIO,18,65.175,,
2020,1,Austrian Grand Prix,RAI,19,65.224,,
2020,1,Austrian Grand Prix,LAT,20,65.757,,
2020,2,Styrian Grand Prix,HAM,1,78.188,77.825,79.273
2020,2,Styrian Grand Prix,VER,2,78.297,77.938,80.489
2020,2,Styrian Grand Prix,SAI,3,78.59,78.836,80.67099999999999
2020,2,Styrian Grand Prix,BOT,4,78.791,78.657,80.701
2020,2,Styrian Grand Prix,OCO,5,79.687,78.764,80.922
2020,2,Styrian Grand Prix,NOR,6,78.504,78.44800000000001,80.925
2020,2,Styrian Grand Prix,ALB,7,80.882,79.014,81.011
2020,2,Styrian Grand Prix,GAS,8,80.19200000000001,78.744,81.02799999999999
2020,2,Styrian Grand Prix,RIC,9,79.662,79.229,81.19200000000001
2020,2,Styrian Grand Prix,VET,10,80.243,79.545,81.651
2020,2,Styrian Grand Prix,LEC,11,80.871,79.628,
2020,2,Styrian Grand Prix,RUS,12,80.382,79.636,
2020,2,Styrian Grand Prix,STR,13,79.697,79.645,
2020,2,Styrian Grand Prix,KVY,14,79.824,79.717,
2020,2,Styrian Grand Prix,MAG,15,81.14,80.211,
2020,2,Styrian Grand Prix,RAI,16,81.14,,
2020,2,Styrian Grand Prix,PER,17,81.607,,
2020,2,Styrian Grand Prix,LAT,18,81.759,,
2020,2,Styrian Grand Prix,GIO,19,81.831,,
2020,2,Styrian Grand Prix,GRO,20,,,
2020,3,Hungarian Grand Prix,HAM,1,74.907,74.261,73.447
2020,3,Hungarian Grand Prix,BOT,2,75.474,74.53,73.554
2020,3,Hungarian Grand Prix,STR,3,74.895,75.176,74.377
2020,3,Hungarian Grand Prix,PER,4,74.681,75.394,74.545
2020,3,Hungarian Grand Prix,VET,5,75.455,75.131,74.774
2020,3,Hungarian Grand Prix,LEC,6,75.793,75.006,74.81700000000001
2020,3,Hungarian Grand Prix,VER,7,75.495,74.976,74.849
2020,3,Hungarian Grand Prix,NOR,8,75.444,75.08500000000001,74.966
2020,3,Hungarian Grand Prix,SAI,9,75.281,75.267,75.027
2020,3,Hungarian Grand Prix,GAS,10,75.767,75.508,
2020,3,Hungarian Grand Prix,RIC,11,75.848,75.661,
2020,3,Hungarian Grand Prix,RUS,12,75.58500000000001,75.69800000000001,
2020,3,Hungarian Grand Prix,ALB,13,75.722,75.715,
2020,3,Hungarian Grand Prix,OCO,14,75.719,75.742,
2020,3,Hungarian Grand Prix,LAT,15,76.105,76.544,
2020,3,Hungarian Grand Prix,MAG,16,76.152,,
2020,3,Hungarian Grand Prix,KVY,17,76.20400000000001,,
2020,3,Hungarian Grand Prix,GRO,18,76.407,,
2020,3,Hungarian Grand Prix,GIO,19,76.506,,
2020,3,Hungarian Grand Prix,RAI,20,76.614,,
2020,4,British Grand Prix,HAM,1,85.9,85.34700000000001,84.303
2020,4,British Grand Prix,BOT,2,85.801,85.015,84.616
2020,4,British Grand Prix,VER,3,86.115,86.144,85.325
2020,4,British Grand Prix,LEC,4,86.55,86.203,85.42699999999999
2020,4,British Grand Prix,NOR,5,86.855,86.42,85.782
2020,4,British Grand Prix,STR,6,86.243,86.501,85.839
2020,4,British Grand Prix,SAI,7,86.715,86.149,85.965
2020,4,British Grand Prix,RIC,8,86.67699999999999,86.339,86.009
2020,4,British Grand Prix,OCO,9,86.396,86.252,86.209
2020,4,British Grand Prix,VET,10,86.469,86.455,86.339
2020,4,British Grand Prix,GAS,11,86.343,86.501,
2020,4,British Grand Prix,ALB,12,86.565,86.545,
2020,4,British Grand Prix,HUL,13,86.327,86.566,
2020,4,British Grand Prix,KVY,14,86.774,86.744,
2020,4,British Grand Prix,RUS,15,86.732,87.092,
2020,4,British Grand Prix,MAG,16,87.158,,
2020,4,British Grand Prix,GIO,17,87.164,,
2020,4,British Grand Prix,RAI,18,87.366,,
2020,4,British Grand Prix,GRO,19,87.643,,
2020,4,British Grand Prix,LAT,20,87.705,,
2020,5,70th Anniversary Grand Prix,BOT,1,86.738,85.785,85.154
2020,5,70th Anniversary Grand Prix,HAM,2,86.818,86.26599999999999,85.217
2020,5,70th Anniversary Grand Prix,HUL,3,87.279,86.261,86.082
2020,5,70th Anniversary Grand Prix,VER,4,87.154,86.779,86.176
2020,5,70th Anniversary Grand Prix,RIC,5,87.44200000000001,86.636,86.297
2020,5,70th Anniversary Grand Prix,STR,6,87.187,86.674,86.428
2020,5,70th Anniversary Grand Prix,GAS,7,87.154,86.523,86.53399999999999
2020,5,70th Anniversary Grand Prix,LEC,8,87.42699999999999,86.709,86.614
2020,5,70th Anniversary Grand Prix,ALB,9,87.15299999999999,86.642,86.669
2020,5,70th Anniversary Grand Prix,NOR,10,87.217,86.885,86.77799999999999
2020,5,70th Anniversary Grand Prix,OCO,11,87.27799999999999,87.011,
2020,5,70th Anniversary Grand Prix,VET,12,87.612,87.078,
2020,5,70th Anniversary Grand Prix,SAI,13,87.45,87.083,
2020,5,70th Anniversary Grand Prix,GRO,14,87.519,87.254,
2020,5,70th Anniversary Grand Prix,RUS,15,87.757,87.455,
2020,5,70th Anniversary Grand Prix,KVY,16,87.882,,
2020,5,70th Anniversary Grand Prix,MAG,17,88.236,,
2020,5,70th Anniversary Grand Prix,LAT,18,88.43,,
2020,5,70th Anniversary Grand Prix,GIO,19,88.43299999999999,,
2020,5,70th Anniversary Grand Prix,RAI,20,88.493,,
2020,6,Spanish Grand Prix,HAM,1,76.872,76.013,75.584
2020,6,Spanish Grand Prix,BOT,2,77.243,76.152,75.643
2020,6,Spanish Grand Prix,VER,3,77.213,76.518,76.292
2020,6,Spanish Grand Prix,PER,4,77.117,76.936,76.482
2020,6,Spanish Grand Prix,STR,5,77.316,76.666,76.589
2020,6,Spanish Grand Prix,ALB,6,77.419,77.163,77.029
2020,6,Spanish Grand Prix,SAI,7,77.438,76.876,77.044
2020,6,Spanish Grand Prix,NOR,8,77.577,77.166,77.084
2020,6,Spanish Grand Prix,LEC,9,77.256,76.953,77.087
2020,6,Spanish Grand Prix,GAS,10,77.356,76.8,77.136
2020,6,Spanish Grand Prix,VET,11,77.57300000000001,77.168,
2020,6,Spanish Grand Prix,KVY,12,77.676,77.19200000000001,
2020,6,Spanish Grand Prix,RIC,13,77.667,77.19800000000001,
2020,6,Spanish Grand Prix,RAI,14,77.797,77.386,
2020,6,Spanish Grand Prix,OCO,15,77.765,77.56700000000001,
2020,6,Spanish Grand Prix,MAG,16,77.908,,
2020,6,Spanish Grand Prix,GRO,17,78.089,,
2020,6,Spanish Grand Prix,RUS,18,78.099,,
2020,6,Spanish Grand Prix,LAT,19,78.532,,
2020,6,Spanish Grand Prix,GIO,20,78.697,,
2020,7,Belgian Grand Prix,HAM,1,102.32300000000001,102.01400000000001,101.25200000000001
2020,7,Belgian Grand Prix,BOT,2,102.53399999999999,102.126,101.763
2020,7,Belgian Grand Prix,VER,3,103.197,102.473,101.77799999999999
2020,7,Belgian Grand Prix,RIC,4,103.309,102.487,102.061
2020,7,Belgian Grand Prix,ALB,5,103.418,102.193,102.26400000000001
2020,7,Belgian Grand Prix,OCO,6,103.505,102.53399999999999,102.396
2020,7,Belgian Grand Prix,SAI,7,103.322,102.47800000000001,102.438
2020,7,Belgian Grand Prix,PER,8,103.34899999999999,102.67,102.532
2020,7,Belgian Grand Prix,STR,9,103.265,102.491,102.60300000000001
2020,7,Belgian Grand Prix,NOR,10,103.51400000000001,102.72200000000001,102.657
2020,7,Belgian Grand Prix,KVY,11,103.267,102.72999999999999,
2020,7,Belgian Grand Prix,GAS,12,103.262,102.745,
2020,7,Belgian Grand Prix,LEC,13,103.656,102.99600000000001,
2020,7,Belgian Grand Prix,VET,14,103.56700000000001,103.261,
2020,7,Belgian Grand Prix,RUS,15,103.63,103.468,
2020,7,Belgian Grand Prix,RAI,16,103.743,,
2020,7,Belgian Grand Prix,GRO,17,103.838,,
2020,7,Belgian Grand Prix,GIO,18,103.95,,
2020,7,Belgian Grand Prix,LAT,19,104.138,,
2020,7,Belgian Grand Prix,MAG,20,104.314,,
2020,8,Italian Grand Prix,HAM,1,79.514,79.092,78.887
2020,8,Italian Grand Prix,BOT,2,79.786,78.952,78.956
2020,8,Italian Grand Prix,SAI,3,80.099,79.705,79.695
2020,8,Italian Grand Prix,PER,4,80.048,79.718,79.72
2020,8,Italian Grand Prix,VER,5,80.193,79.78,79.795
2020,8,Italian Grand Prix,NOR,6,80.344,79.962,79.82
2020,8,Italian Grand Prix,RIC,7,80.548,80.031,79.864
2020,8,Italian Grand Prix,STR,8,80.4,79.924,80.049
2020,8,Italian Grand Prix,ALB,9,81.104,80.064,80.09
2020,8,Italian Grand Prix,GAS,10,80.145,79.90899999999999,80.17699999999999
2020,8,Italian Grand Prix,KVY,11,80.307,80.169,
2020,8,Italian Grand Prix,OCO,12,80.747,80.23400000000001,
2020,8,Italian Grand Prix,LEC,13,80.443,80.273,
2020,8,Italian Grand Prix,RAI,14,81.01,80.926,
2020,8,Italian Grand Prix,MAG,15,80.869,81.57300000000001,
2020,8,Italian Grand Prix,GRO,16,81.139,,
2020,8,Italian Grand Prix,VET,17,81.151,,
2020,8,Italian Grand Prix,GIO,18,81.206,,
2020,8,Italian Grand Prix,RUS,19,81.587,,
2020,8,Italian Grand Prix,LAT,20,81.717,,
2020,9,Tuscan Grand Prix,HAM,1,75.778,75.309,75.144
2020,9,Tuscan Grand Prix,BOT,2,75.749,75.322,75.203
2020,9,Tuscan Grand Prix,VER,3,76.33500000000001,75.471,75.509
2020,9,Tuscan Grand Prix,ALB,4,76.527,75.914,75.95400000000001
2020,9,Tuscan Grand Prix,LEC,5,76.69800000000001,76.324,76.27
2020,9,Tuscan Grand Prix,PER,6,76.596,76.489,76.311
2020,9,Tuscan Grand Prix,STR,7,76.701,76.271,76.356
2020,9,Tuscan Grand Prix,RIC,8,76.981,76.243,76.543
2020,9,Tuscan Grand Prix,SAI,9,76.993,76.52199999999999,77.87
2020,9,Tuscan Grand Prix,OCO,10,76.825,76.297,
2020,9,Tuscan Grand Prix,NOR,11,76.895,76.64,
2020,9,Tuscan Grand Prix,KVY,12,76.928,76.854,
2020,9,Tuscan Grand Prix,RAI,13,77.059,76.854,
2020,9,Tuscan Grand Prix,VET,14,77.072,76.858,
2020,9,Tuscan Grand Prix,GRO,15,77.069,77.254,
2020,9,Tuscan Grand Prix,GAS,16,77.125,,
2020,9,Tuscan Grand Prix,GIO,17,77.22,,
2020,9,Tuscan Grand Prix,RUS,18,77.232,,
2020,9,Tuscan Grand Prix,LAT,19,77.32,,
2020,9,Tuscan Grand Prix,MAG,20,77.348,,
2020,10,Russian Grand Prix,HAM,1,92.983,92.83500000000001,91.304
2020,10,Russian Grand Prix,VER,2,93.63,93.157,91.867
2020,10,Russian Grand Prix,BOT,3,92.656,92.405,91.956
2020,10,Russian Grand Prix,PER,4,93.70400000000001,93.038,92.31700000000001
2020,10,Russian Grand Prix,RIC,5,93.65,92.218,92.364
2020,10,Russian Grand Prix,SAI,6,93.967,92.757,92.55
2020,10,Russian Grand Prix,OCO,7,93.557,93.196,92.624
2020,10,Russian Grand Prix,NOR,8,93.804,93.081,92.84700000000001
2020,10,Russian Grand Prix,GAS,9,93.73400000000001,93.13900000000001,93.0
2020,10,Russian Grand Prix,ALB,10,93.919,93.15299999999999,93.00800000000001
2020,10,Russian Grand Prix,LEC,11,94.071,93.239,
2020,10,Russian Grand Prix,KVY,12,93.511,93.249,
2020,10,Russian Grand Prix,STR,13,93.852,93.364,
2020,10,Russian Grand Prix,RUS,14,94.02000000000001,93.583,
2020,10,Russian Grand Prix,VET,15,94.134,93.60900000000001,
2020,10,Russian Grand Prix,GRO,16,94.592,,
2020,10,Russian Grand Prix,GIO,17,94.594,,
2020,10,Russian Grand Prix,MAG,18,94.681,,
2020,10,Russian Grand Prix,LAT,19,95.066,,
2020,10,Russian Grand Prix,RAI,20,95.267,,
2020,11,Eifel Grand Prix,BOT,1,86.57300000000001,85.971,85.269
2020,11,Eifel Grand Prix,HAM,2,86.62,85.39,85.525
2020,11,Eifel Grand Prix,VER,3,86.319,85.467,85.562
2020,11,Eifel Grand Prix,LEC,4,86.857,86.24,86.035
2020,11,Eifel Grand Prix,ALB,5,87.126,86.285,86.047
2020,11,Eifel Grand Prix,RIC,6,86.836,86.096,86.223
2020,11,Eifel Grand Prix,OCO,7,87.086,86.364,86.242
2020,11,Eifel Grand Prix,NOR,8,86.82900000000001,86.316,86.458
2020,11,Eifel Grand Prix,PER,9,87.12,86.33,86.70400000000001
2020,11,Eifel Grand Prix,SAI,10,87.378,86.361,86.709
2020,11,Eifel Grand Prix,VET,11,87.107,86.738,
2020,11,Eifel Grand Prix,GAS,12,87.072,86.776,
2020,11,Eifel Grand Prix,KVY,13,87.285,86.848,
2020,11,Eifel Grand Prix,GIO,14,87.532,86.936,
2020,11,Eifel Grand Prix,MAG,15,87.231,87.125,
2020,11,Eifel Grand Prix,GRO,16,87.55199999999999,,
2020,11,Eifel Grand Prix,RUS,17,87.564,,
2020,11,Eifel Grand Prix,LAT,18,87.812,,
2020,11,Eifel Grand Prix,RAI,19,87.81700000000001,,
2020,11,Eifel Grand Prix,HUL,20,88.021,,
2020,12,Portuguese Grand Prix,HAM,1,76.828,76.824,76.652
2020,12,Portuguese Grand Prix,BOT,2,76.945,76.46600000000001,76.754
2020,12,Portuguese Grand Prix,VER,3,76.879,77.038,76.904
2020,12,Portuguese Grand Prix,LEC,4,77.42099999999999,77.367,77.09
2020,12,Portuguese Grand Prix,PER,5,77.37,77.129,77.223
2020,12,Portuguese Grand Prix,ALB,6,77.435,77.411,77.437
2020,12,Portuguese Grand Prix,SAI,7,77.627,77.18299999999999,77.52
2020,12,Portuguese Grand Prix,NOR,8,77.547,77.321,77.525
2020,12,Portuguese Grand Prix,GAS,9,77.209,77.367,77.803
2020,12,Portuguese Grand Prix,RIC,10,77.621,77.481,
2020,12,Portuguese Grand Prix,OCO,11,77.775,77.614,
2020,12,Portuguese Grand Prix,STR,12,77.667,77.626,
2020,12,Portuguese Grand Prix,KVY,13,77.84100000000001,77.72800000000001,
2020,12,Portuguese Grand Prix,RUS,14,77.931,77.788,
2020,12,Portuguese Grand Prix,VET,15,77.446,77.919,
2020,12,Portuguese Grand Prix,RAI,16,78.201,,
2020,12,Portuguese Grand Prix,GIO,17,78.32300000000001,,
2020,12,Portuguese Grand Prix,GRO,18,78.364,,
2020,12,Portuguese Grand Prix,MAG,19,78.508,,
2020,12,Portuguese Grand Prix,LAT,20,78.777,,
2020,13,Emilia Romagna Grand Prix,BOT,1,74.221,74.58500000000001,73.609
2020,13,Emilia Romagna Grand Prix,HAM,2,74.229,74.643,73.706
2020,13,Emilia Romagna Grand Prix,VER,3,75.034,74.974,74.176
2020,13,Emilia Romagna Grand Prix,GAS,4,75.18299999999999,74.681,74.502
2020,13,Emilia Romagna Grand Prix,RIC,5,75.474,74.953,74.52
2020,13,Emilia Romagna Grand Prix,ALB,6,75.402,74.745,74.572
2020,13,Emilia Romagna Grand Prix,LEC,7,75.123,75.017,74.616
2020,13,Emilia Romagna Grand Prix,KVY,8,75.412,75.022,74.696
2020,13,Emilia Romagna Grand Prix,NOR,9,75.274,75.051,74.814
2020,13,Emilia Romagna Grand Prix,SAI,10,75.528,75.027,74.911
2020,13,Emilia Romagna Grand Prix,PER,11,75.407,75.061,
2020,13,Emilia Romagna Grand Prix,OCO,12,75.352,75.201,
2020,13,Emilia Romagna Grand Prix,RUS,13,75.76,75.32300000000001,
2020,13,Emilia Romagna Grand Prix,VET,14,75.571,75.385,
2020,13,Emilia Romagna Grand Prix,STR,15,75.822,75.494,
2020,13,Emilia Romagna Grand Prix,GRO,16,75.918,,
2020,13,Emilia Romagna Grand Prix,MAG,17,75.939,,
2020,13,Emilia Romagna Grand Prix,RAI,18,75.953,,
2020,13,Emilia Romagna Grand Prix,LAT,19,75.987,,
2020,13,Emilia Romagna Grand Prix,GIO,20,76.208,,
2020,14,Turkish Grand Prix,STR,1,127.467,113.372,107.765
2020,14,Turkish Grand Prix,VER,2,117.485,110.293,108.055
2020,14,Turkish Grand Prix,PER,3,127.614,114.09700000000001,109.321
2020,14,Turkish Grand Prix,ALB,4,119.431,112.282,110.44800000000001
2020,14,Turkish Grand Prix,RIC,5,125.598,114.27799999999999,111.595
2020,14,Turkish Grand Prix,HAM,6,127.599,112.709,112.56
2020,14,Turkish Grand Prix,OCO,7,126.115,113.657,112.622
2020,14,Turkish Grand Prix,RAI,8,121.249,113.793,112.745
2020,14,Turkish Grand Prix,BOT,9,127.001,113.767,113.25800000000001
2020,14,Turkish Grand Prix,GIO,10,127.341,113.431,117.226
2020,14,Turkish Grand Prix,NOR,11,127.167,114.945,
2020,14,Turkish Grand Prix,VET,12,123.356,115.169,
2020,14,Turkish Grand Prix,SAI,13,127.489,115.41,
2020,14,Turkish Grand Prix,LEC,14,124.464,116.696,
2020,14,Turkish Grand Prix,GAS,15,125.579,118.556,
2020,14,Turkish Grand Prix,MAG,16,128.007,,
2020,14,Turkish Grand Prix,KVY,17,129.07,,
2020,14,Turkish Grand Prix,RUS,18,130.017,,
2020,14,Turkish Grand Prix,GRO,19,132.909,,
2020,14,Turkish Grand Prix,LAT,20,141.611,,
2020,15,Bahrain Grand Prix,HAM,1,88.343,87.586,87.264
2020,15,Bahrain Grand Prix,BOT,2,88.767,88.063,87.553
2020,15,Bahrain Grand Prix,VER,3,88.885,88.025,87.678
2020,15,Bahrain Grand Prix,ALB,4,88.732,88.749,88.274
2020,15,Bahrain Grand Prix,PER,5,89.178,88.894,88.322
2020,15,Bahrain Grand Prix,RIC,6,89.005,88.648,88.417
2020,15,Bahrain Grand Prix,OCO,7,89.203,88.937,88.419
2020,15,Bahrain Grand Prix,GAS,8,88.971,89.008,88.44800000000001
2020,15,Bahrain Grand Prix,NOR,9,89.464,88.877,88.542
2020,15,Bahrain Grand Prix,KVY,10,89.158,88.944,88.618
2020,15,Bahrain Grand Prix,VET,11,89.142,89.149,
2020,15,Bahrain Grand Prix,LEC,12,89.137,89.16499999999999,
2020,15,Bahrain Grand Prix,STR,13,88.679,89.557,
2020,15,Bahrain Grand Prix,RUS,14,89.294,91.218,
2020,15,Bahrain Grand Prix,SAI,15,88.975,,
2020,15,Bahrain Grand Prix,GIO,16,89.491,,
2020,15,Bahrain Grand Prix,RAI,17,89.81,,
2020,15,Bahrain Grand Prix,MAG,18,90.111,,
2020,15,Bahrain Grand Prix,GRO,19,90.138,,
2020,15,Bahrain Grand Prix,LAT,20,90.182,,
2020,16,Sakhir Grand Prix,BOT,1,53.904,53.803,53.377
2020,16,Sakhir Grand Prix,RUS,2,54.16,53.819,53.403
2020,16,Sakhir Grand Prix,VER,3,54.037,53.647,53.433
2020,16,Sakhir Grand Prix,LEC,4,54.249,53.825,53.613
2020,16,Sakhir Grand Prix,PER,5,54.236,53.787,53.79
2020,16,Sakhir Grand Prix,KVY,6,54.346,53.856,53.906
2020,16,Sakhir Grand Prix,RIC,7,54.388,53.871,53.957
2020,16,Sakhir Grand Prix,SAI,8,54.45,53.818,54.01
2020,16,Sakhir Grand Prix,GAS,9,54.207,53.941,54.154
2020,16,Sakhir Grand Prix,STR,10,54.595,53.84,54.2
2020,16,Sakhir Grand Prix,OCO,11,54.309,53.995,
2020,16,Sakhir Grand Prix,ALB,12,54.62,54.026,
2020,16,Sakhir Grand Prix,VET,13,54.301,54.175,
2020,16,Sakhir Grand Prix,GIO,14,54.523,54.377,
2020,16,Sakhir Grand Prix,NOR,15,54.194,54.693,
2020,16,Sakhir Grand Prix,MAG,16,54.705,,
2020,16,Sakhir Grand Prix,LAT,17,54.796,,
2020,16,Sakhir Grand Prix,AIT,18,54.892,,
2020,16,Sakhir Grand Prix,RAI,19,54.963,,
2020,16,Sakhir Grand Prix,FIT,20,55.426,,
2020,17,Abu Dhabi Grand Prix,VER,1,95.993,95.64099999999999,95.24600000000001
2020,17,Abu Dhabi Grand Prix,BOT,2,95.699,95.527,95.271
2020,17,Abu Dhabi Grand Prix,HAM,3,95.52799999999999,95.46600000000001,95.332
2020,17,Abu Dhabi Grand Prix,NOR,4,96.01599999999999,95.84899999999999,95.497
2020,17,Abu Dhabi Grand Prix,ALB,5,96.106,95.654,95.571
2020,17,Abu Dhabi Grand Prix,SAI,6,96.517,96.19200000000001,95.815
2020,17,Abu Dhabi Grand Prix,KVY,7,96.459,96.214,95.963
2020,17,Abu Dhabi Grand Prix,STR,8,96.50200000000001,96.143,96.04599999999999
2020,17,Abu Dhabi Grand Prix,LEC,9,95.881,95.932,96.065
2020,17,Abu Dhabi Grand Prix,GAS,10,96.545,96.282,96.24199999999999
2020,17,Abu Dhabi Grand Prix,OCO,11,96.783,96.35900000000001,
2020,17,Abu Dhabi Grand Prix,RIC,12,96.70400000000001,96.406,
2020,17,Abu Dhabi Grand Prix,VET,13,96.655,96.631,
2020,17,Abu Dhabi Grand Prix,GIO,14,97.075,98.24799999999999,
2020,17,Abu Dhabi Grand Prix,PER,15,96.03399999999999,,
2020,17,Abu Dhabi Grand Prix,RAI,16,97.555,,
2020,17,Abu Dhabi Grand Prix,MAG,17,97.863,,
2020,17,Abu Dhabi Grand Prix,RUS,18,98.045,,
2020,17,Abu Dhabi Grand Prix,FIT,19,98.173,,
2020,17,Abu Dhabi Grand Prix,LAT,20,98.443,,
2021,1,Bahrain Grand Prix,VER,1,90.499,90.318,88.997
2021,1,Bahrain Grand Prix,HAM,2,90.617,90.08500000000001,89.385
2021,1,Bahrain Grand Prix,BOT,3,91.2,90.186,89.586
2021,1,Bahrain Grand Prix,LEC,4,90.691,90.01,89.678
2021,1,Bahrain Grand Prix,GAS,5,90.848,90.513,89.809
2021,1,Bahrain Grand Prix,RIC,6,90.795,90.22200000000001,89.92699999999999
2021,1,Bahrain Grand Prix,NOR,7,90.902,90.099,89.974
2021,1,Bahrain Grand Prix,SAI,8,91.65299999999999,90.009,90.215
2021,1,Bahrain Grand Prix,ALO,9,90.863,90.595,90.249
2021,1,Bahrain Grand Prix,STR,10,91.261,90.624,90.601
2021,1,Bahrain Grand Prix,PER,11,91.16499999999999,90.65899999999999,
2021,1,Bahrain Grand Prix,GIO,12,90.998,90.708,
2021,1,Bahrain Grand Prix,TSU,13,90.607,91.203,
2021,1,Bahrain Grand Prix,RAI,14,91.547,91.238,
2021,1,Bahrain Grand Prix,RUS,15,91.316,93.43,
2021,1,Bahrain Grand Prix,OCO,16,91.724,,
2021,1,Bahrain Grand Prix,LAT,17,91.936,,
2021,1,Bahrain Grand Prix,VET,18,92.056,,
2021,1,Bahrain Grand Prix,MSC,19,92.449,,
2021,1,Bahrain Grand Prix,MAZ,20,93.273,,
2021,2,Emilia Romagna Grand Prix,HAM,1,74.82300000000001,74.81700000000001,74.411
2021,2,Emilia Romagna Grand Prix,PER,2,75.395,74.716,74.446
2021,2,Emilia Romagna Grand Prix,VER,3,75.109,74.884,74.498
2021,2,Emilia Romagna Grand Prix,LEC,4,75.413,74.80799999999999,74.74
2021,2,Emilia Romagna Grand Prix,GAS,5,75.548,74.92699999999999,74.78999999999999
2021,2,Emilia Romagna Grand Prix,RIC,6,75.669,75.033,74.826
2021,2,Emilia Romagna Grand Prix,NOR,7,75.009,74.718,74.875
2021,2,Emilia Romagna Grand Prix,BOT,8,74.672,74.905,74.898
2021,2,Emilia Romagna Grand Prix,OCO,9,75.385,75.117,75.21000000000001
2021,2,Emilia Romagna Grand Prix,STR,10,75.522,75.138,
2021,2,Emilia Romagna Grand Prix,SAI,11,75.406,75.199,
2021,2,Emilia Romagna Grand Prix,RUS,12,75.826,75.261,
2021,2,Emilia Romagna Grand Prix,VET,13,75.459,75.394,
2021,2,Emilia Romagna Grand Prix,LAT,14,75.653,75.593,
2021,2,Emilia Romagna Grand Prix,ALO,15,75.832,75.593,
2021,2,Emilia Romagna Grand Prix,RAI,16,75.974,,
2021,2,Emilia Romagna Grand Prix,GIO,17,76.122,,
2021,2,Emilia Romagna Grand Prix,MSC,18,76.279,,
2021,2,Emilia Romagna Grand Prix,MAZ,19,76.797,,
2021,2,Emilia Romagna Grand Prix,TSU,20,,,
2021,3,Portuguese Grand Prix,BOT,1,78.72200000000001,78.458,78.348
2021,3,Portuguese Grand Prix,HAM,2,78.857,77.968,78.355
2021,3,Portuguese Grand Prix,VER,3,79.485,78.65,78.746
2021,3,Portuguese Grand Prix,PER,4,79.337,78.845,78.89
2021,3,Portuguese Grand Prix,SAI,5,79.309,78.813,79.039
2021,3,Portuguese Grand Prix,OCO,6,79.092,78.586,79.042
2021,3,Portuguese Grand Prix,NOR,7,78.794,78.481,79.116
2021,3,Portuguese Grand Prix,LEC,8,79.373,78.769,79.306
2021,3,Portuguese Grand Prix,GAS,9,79.464,79.05199999999999,79.475
2021,3,Portuguese Grand Prix,VET,10,79.40299999999999,78.97,79.65899999999999
2021,3,Portuguese Grand Prix,RUS,11,79.797,79.10900000000001,
2021,3,Portuguese Grand Prix,GIO,12,79.41,79.21600000000001,
2021,3,Portuguese Grand Prix,ALO,13,79.72800000000001,79.456,
2021,3,Portuguese Grand Prix,TSU,14,79.684,79.463,
2021,3,Portuguese Grand Prix,RAI,15,79.748,79.812,
2021,3,Portuguese Grand Prix,RIC,16,79.839,,
2021,3,Portuguese Grand Prix,STR,17,79.913,,
2021,3,Portuguese Grand Prix,LAT,18,80.285,,
2021,3,Portuguese Grand Prix,MSC,19,80.452,,
2021,3,Portuguese Grand Prix,MAZ,20,80.912,,
2021,4,Spanish Grand Prix,HAM,1,78.245,77.166,76.741
2021,4,Spanish Grand Prix,VER,2,78.09,76.922,76.777
2021,4,Spanish Grand Prix,BOT,3,78.005,77.142,76.873
2021,4,Spanish Grand Prix,LEC,4,78.041,77.717,77.51
2021,4,Spanish Grand Prix,OCO,5,78.281,77.743,77.58
2021,4,Spanish Grand Prix,SAI,6,78.205,77.656,77.62
2021,4,Spanish Grand Prix,RIC,7,78.264,77.719,77.622
2021,4,Spanish Grand Prix,PER,8,78.203,77.669,77.701
2021,4,Spanish Grand Prix,NOR,9,77.821,77.696,78.01
2021,4,Spanish Grand Prix,ALO,10,78.281,77.96600000000001,78.14699999999999
2021,4,Spanish Grand Prix,STR,11,78.241,77.974,
2021,4,Spanish Grand Prix,GAS,12,78.19,77.982,
2021,4,Spanish Grand Prix,VET,13,78.289,78.07900000000001,
2021,4,Spanish Grand Prix,GIO,14,78.549,78.356,
2021,4,Spanish Grand Prix,RUS,15,78.445,79.154,
2021,4,Spanish Grand Prix,TSU,16,78.556,,
2021,4,Spanish Grand Prix,RAI,17,78.917,,
2021,4,Spanish Grand Prix,MSC,18,79.117,,
2021,4,Spanish Grand Prix,LAT,19,79.219,,
2021,4,Spanish Grand Prix,MAZ,20,79.807,,
2021,5,Monaco Grand Prix,LEC,1,71.113,70.597,70.346
2021,5,Monaco Grand Prix,VER,2,71.124,70.65,70.576
2021,5,Monaco Grand Prix,BOT,3,70.938,70.695,70.601
2021,5,Monaco Grand Prix,SAI,4,71.324,70.806,70.611
2021,5,Monaco Grand Prix,NOR,5,71.321,71.031,70.62
2021,5,Monaco Grand Prix,GAS,6,71.56,71.179,70.9
2021,5,Monaco Grand Prix,HAM,7,71.622,71.116,71.095
2021,5,Monaco Grand Prix,VET,8,72.078,71.309,71.419
2021,5,Monaco Grand Prix,PER,9,71.644,71.019,71.57300000000001
2021,5,Monaco Grand Prix,GIO,10,71.658,71.409,71.779
2021,5,Monaco Grand Prix,OCO,11,71.74,71.486,
2021,5,Monaco Grand Prix,RIC,12,71.747,71.598,
2021,5,Monaco Grand Prix,STR,13,71.979,71.6,
2021,5,Monaco Grand Prix,RAI,14,71.899,71.642,
2021,5,Monaco Grand Prix,RUS,15,72.016,71.83,
2021,5,Monaco Grand Prix,TSU,16,72.096,,
2021,5,Monaco Grand Prix,ALO,17,72.205,,
2021,5,Monaco Grand Prix,LAT,18,72.366,,
2021,5,Monaco Grand Prix,MAZ,19,72.958,,
2021,6,Azerbaijan Grand Prix,LEC,1,102.241,101.65899999999999,101.218
2021,6,Azerbaijan Grand Prix,HAM,2,101.545,101.634,101.45
2021,6,Azerbaijan Grand Prix,VER,3,101.75999999999999,101.625,101.563
2021,6,Azerbaijan Grand Prix,GAS,4,102.288,101.932,101.565
2021,6,Azerbaijan Grand Prix,SAI,5,102.12100000000001,101.74000000000001,101.576
2021,6,Azerbaijan Grand Prix,NOR,6,102.167,101.813,101.747
2021,6,Azerbaijan Grand Prix,PER,7,101.968,101.63,101.917
2021,6,Azerbaijan Grand Prix,TSU,8,102.521,101.654,102.211
2021,6,Azerbaijan Grand Prix,ALO,9,102.934,102.195,102.327
2021,6,Azerbaijan Grand Prix,BOT,10,102.701,102.106,102.65899999999999
2021,6,Azerbaijan Grand Prix,VET,11,102.46000000000001,102.22399999999999,
2021,6,Azerbaijan Grand Prix,OCO,12,102.426,102.273,
2021,6,Azerbaijan Grand Prix,RIC,13,102.304,102.55799999999999,
2021,6,Azerbaijan Grand Prix,RAI,14,102.923,102.587,
2021,6,Azerbaijan Grand Prix,RUS,15,102.72800000000001,102.75800000000001,
2021,6,Azerbaijan Grand Prix,LAT,16,103.128,,
2021,6,Azerbaijan Grand Prix,MSC,17,104.158,,
2021,6,Azerbaijan Grand Prix,MAZ,18,104.238,,
2021,6,Azerbaijan Grand Prix,STR,19,,,
2021,6,Azerbaijan Grand Prix,GIO,20,,,
2021,7,French Grand Prix,VER,1,91.001,91.08,89.99
2021,7,French Grand Prix,HAM,2,91.237,90.788,90.248
2021,7,French Grand Prix,BOT,3,91.669,90.735,90.376
2021,7,French Grand Prix,PER,4,91.56,90.971,90.445
2021,7,French Grand Prix,SAI,5,92.07900000000001,91.146,90.84
2021,7,French Grand Prix,GAS,6,91.898,91.35300000000001,90.868
2021,7,French Grand Prix,LEC,7,92.209,91.56700000000001,90.987
2021,7,French Grand Prix,NOR,8,91.733,91.542,91.252
2021,7,French Grand Prix,ALO,9,92.158,91.549,91.34
2021,7,French Grand Prix,RIC,10,92.181,91.615,91.382
2021,7,French Grand Prix,OCO,11,92.13900000000001,91.736,
2021,7,French Grand Prix,VET,12,92.132,91.767,
2021,7,French Grand Prix,GIO,13,92.72200000000001,91.813,
2021,7,French Grand Prix,RUS,14,93.06,92.065,
2021,7,French Grand Prix,MSC,15,92.94200000000001,,
2021,7,French Grand Prix,LAT,16,93.062,,
2021,7,French Grand Prix,RAI,17,93.354,,
2021,7,French Grand Prix,MAZ,18,93.554,,
2021,7,French Grand Prix,STR,19,,,
2021,7,French Grand Prix,TSU,20,,,
2021,8,Styrian Grand Prix,VER,1,64.489,64.43299999999999,63.841
2021,8,Styrian Grand Prix,BOT,2,64.537,64.443,64.035
2021,8,Styrian Grand Prix,HAM,3,64.672,64.512,64.06700000000001
2021,8,Styrian Grand Prix,NOR,4,64.584,64.298,64.12
2021,8,Styrian Grand Prix,PER,5,64.638,64.197,64.168
2021,8,Styrian Grand Prix,GAS,6,64.765,64.429,64.236
2021,8,Styrian Grand Prix,LEC,7,64.745,64.646,64.472
2021,8,Styrian Grand Prix,TSU,8,64.608,64.631,64.514
2021,8,Styrian Grand Prix,ALO,9,64.971,64.582,64.574
2021,8,Styrian Grand Prix,STR,10,64.821,64.663,64.708
2021,8,Styrian Grand Prix,RUS,11,65.033,64.671,
2021,8,Styrian Grand Prix,SAI,12,64.859,64.8,
2021,8,Styrian Grand Prix,RIC,13,65.142,64.80799999999999,
2021,8,Styrian Grand Prix,VET,14,65.051,64.875,
2021,8,Styrian Grand Prix,GIO,15,65.092,64.913,
2021,8,Styrian Grand Prix,LAT,16,65.175,,
2021,8,Styrian Grand Prix,OCO,17,65.217,,
2021,8,Styrian Grand Prix,RAI,18,65.429,,
2021,8,Styrian Grand Prix,MSC,19,66.041,,
2021,8,Styrian Grand Prix,MAZ,20,66.19200000000001,,
2021,9,Austrian Grand Prix,VER,1,64.249,63.927,63.72
2021,9,Austrian Grand Prix,NOR,2,64.345,64.415,63.768
2021,9,Austrian Grand Prix,PER,3,64.833,64.483,63.99
2021,9,Austrian Grand Prix,HAM,4,64.506,64.258,64.014
2021,9,Austrian Grand Prix,BOT,5,64.563,64.376,64.049
2021,9,Austrian Grand Prix,GAS,6,64.841,64.412,64.107
2021,9,Austrian Grand Prix,TSU,7,64.967,64.518,64.273
2021,9,Austrian Grand Prix,VET,8,64.846,64.493,64.57
2021,9,Austrian Grand Prix,RUS,9,64.907,64.553,64.591
2021,9,Austrian Grand Prix,STR,10,64.92699999999999,64.547,64.618
2021,9,Austrian Grand Prix,SAI,11,64.596,64.559,
2021,9,Austrian Grand Prix,LEC,12,64.906,64.6,
2021,9,Austrian Grand Prix,RIC,13,64.977,64.719,
2021,9,Austrian Grand Prix,ALO,14,64.472,64.856,
2021,9,Austrian Grand Prix,GIO,15,64.782,65.083,
2021,9,Austrian Grand Prix,RAI,16,65.009,,
2021,9,Austrian Grand Prix,OCO,17,65.051,,
2021,9,Austrian Grand Prix,LAT,18,65.195,,
2021,9,Austrian Grand Prix,MSC,19,65.42699999999999,,
2021,9,Austrian Grand Prix,MAZ,20,65.951,,
2021,10,British Grand Prix,HAM,1,86.786,86.023,86.134
2021,10,British Grand Prix,VER,2,86.751,86.315,86.209
2021,10,British Grand Prix,BOT,3,87.487,86.764,86.328
2021,10,British Grand Prix,LEC,4,87.051,86.919,86.828
2021,10,British Grand Prix,PER,5,87.121,87.07300000000001,86.844
2021,10,British Grand Prix,NOR,6,87.444,87.22,86.89699999999999
2021,10,British Grand Prix,RIC,7,87.32300000000001,87.125,86.899
2021,10,British Grand Prix,RUS,8,87.67099999999999,87.08,86.971
2021,10,British Grand Prix,SAI,9,87.337,86.848,87.007
2021,10,British Grand Prix,VET,10,87.493,87.10300000000001,87.179
2021,10,British Grand Prix,ALO,11,87.58,87.245,
2021,10,British Grand Prix,GAS,12,87.6,87.273,
2021,10,British Grand Prix,OCO,13,87.41499999999999,87.34,
2021,10,British Grand Prix,GIO,14,87.595,87.617,
2021,10,British Grand Prix,STR,15,88.017,87.66499999999999,
2021,10,British Grand Prix,TSU,16,88.043,,
2021,10,British Grand Prix,RAI,17,88.062,,
2021,10,British Grand Prix,LAT,18,88.254,,
2021,10,British Grand Prix,MSC,19,88.738,,
2021,10,British Grand Prix,MAZ,20,89.051,,
2021,11,Hungarian Grand Prix,HAM,1,76.424,76.553,75.419
2021,11,Hungarian Grand Prix,BOT,2,76.569,76.702,75.734
2021,11,Hungarian Grand Prix,VER,3,76.214,75.65,75.84
2021,11,Hungarian Grand Prix,PER,4,77.233,76.443,76.42099999999999
2021,11,Hungarian Grand Prix,GAS,5,76.874,76.394,76.483
2021,11,Hungarian Grand Prix,NOR,6,77.081,76.385,76.489
2021,11,Hungarian Grand Prix,LEC,7,77.084,76.574,76.496
2021,11,Hungarian Grand Prix,OCO,8,77.367,76.76599999999999,76.65299999999999
2021,11,Hungarian Grand Prix,ALO,9,77.123,76.541,76.715
2021,11,Hungarian Grand Prix,VET,10,77.105,76.794,76.75
2021,11,Hungarian Grand Prix,RIC,11,77.664,76.871,
2021,11,Hungarian Grand Prix,STR,12,77.038,76.893,
2021,11,Hungarian Grand Prix,RAI,13,77.553,77.564,
2021,11,Hungarian Grand Prix,GIO,14,77.776,77.583,
2021,11,Hungarian Grand Prix,SAI,15,76.649,,
2021,11,Hungarian Grand Prix,TSU,16,77.919,,
2021,11,Hungarian Grand Prix,RUS,17,77.944,,
2021,11,Hungarian Grand Prix,LAT,18,78.036,,
2021,11,Hungarian Grand Prix,MAZ,19,78.922,,
2021,11,Hungarian Grand Prix,MSC,20,,,
2021,12,Belgian Grand Prix,VER,1,118.717,116.559,119.765
2021,12,Belgian Grand Prix,RUS,2,119.864,116.95,120.086
2021,12,Belgian Grand Prix,HAM,3,119.218,116.229,120.099
2021,12,Belgian Grand Prix,RIC,4,121.583,117.12700000000001,120.864
2021,12,Belgian Grand Prix,VET,5,120.175,116.814,120.935
2021,12,Belgian Grand Prix,GAS,6,120.387,116.44,121.164
2021,12,Belgian Grand Prix,PER,7,119.334,116.886,122.112
2021,12,Belgian Grand Prix,BOT,8,119.87,116.295,122.502
2021,12,Belgian Grand Prix,OCO,9,121.824,117.354,123.513
2021,12,Belgian Grand Prix,NOR,10,118.301,116.025,
2021,12,Belgian Grand Prix,LEC,11,120.728,117.721,
2021,12,Belgian Grand Prix,LAT,12,120.966,118.056,
2021,12,Belgian Grand Prix,SAI,13,121.184,118.137,
2021,12,Belgian Grand Prix,ALO,14,121.653,118.205,
2021,12,Belgian Grand Prix,STR,15,121.597,118.231,
2021,12,Belgian Grand Prix,GIO,16,122.306,,
2021,12,Belgian Grand Prix,TSU,17,122.413,,
2021,12,Belgian Grand Prix,MSC,18,123.973,,
2021,12,Belgian Grand Prix,RAI,19,124.452,,
2021,12,Belgian Grand Prix,MAZ,20,124.939,,
2021,13,Dutch Grand Prix,VER,1,70.036,69.071,68.885
2021,13,Dutch Grand Prix,HAM,2,70.114,69.726,68.923
2021,13,Dutch Grand Prix,BOT,3,70.219,69.769,69.222
2021,13,Dutch Grand Prix,GAS,4,70.274,69.541,69.478
2021,13,Dutch Grand Prix,LEC,5,69.82900000000001,69.437,69.527
2021,13,Dutch Grand Prix,SAI,6,70.022,69.87,69.537
2021,13,Dutch Grand Prix,GIO,7,70.05,70.033,69.59
2021,13,Dutch Grand Prix,OCO,8,70.179,69.919,69.93299999999999
2021,13,Dutch Grand Prix,ALO,9,70.435,70.02,69.956
2021,13,Dutch Grand Prix,RIC,10,70.255,69.865,70.166
2021,13,Dutch Grand Prix,RUS,11,70.382,70.332,
2021,13,Dutch Grand Prix,STR,12,70.438,70.367,
2021,13,Dutch Grand Prix,NOR,13,70.489,70.406,
2021,13,Dutch Grand Prix,LAT,14,70.093,71.161,
2021,13,Dutch Grand Prix,TSU,15,70.462,71.314,
2021,13,Dutch Grand Prix,PER,16,70.53,,
2021,13,Dutch Grand Prix,VET,17,70.731,,
2021,13,Dutch Grand Prix,KUB,18,71.301,,
2021,13,Dutch Grand Prix,MSC,19,71.387,,
2021,13,Dutch Grand Prix,MAZ,20,71.875,,
2021,14,Italian Grand Prix,BOT,1,80.685,80.032,79.555
2021,14,Italian Grand Prix,HAM,2,80.543,79.936,79.651
2021,14,Italian Grand Prix,VER,3,81.035,80.229,79.96600000000001
2021,14,Italian Grand Prix,NOR,4,80.916,80.059,79.989
2021,14,Italian Grand Prix,RIC,5,81.292,80.435,79.995
2021,14,Italian Grand Prix,GAS,6,81.44,80.556,80.26
2021,14,Italian Grand Prix,SAI,7,81.118,80.75,80.462
2021,14,Italian Grand Prix,LEC,8,81.219,80.767,80.51
2021,14,Italian Grand Prix,PER,9,81.30799999999999,80.882,80.611
2021,14,Italian Grand Prix,GIO,10,81.197,80.726,80.80799999999999
2021,14,Italian Grand Prix,VET,11,81.394,80.913,
2021,14,Italian Grand Prix,STR,12,81.41499999999999,81.02,
2021,14,Italian Grand Prix,ALO,13,81.487,81.069,
2021,14,Italian Grand Prix,OCO,14,81.5,81.10300000000001,
2021,14,Italian Grand Prix,RUS,15,81.89,81.392,
2021,14,Italian Grand Prix,LAT,16,81.925,,
2021,14,Italian Grand Prix,TSU,17,81.973,,
2021,14,Italian Grand Prix,MSC,18,82.248,,
2021,14,Italian Grand Prix,KUB,19,82.53,,
2021,14,Italian Grand Prix,MAZ,20,82.71600000000001,,
2021,15,Russian Grand Prix,NOR,1,107.238,105.827,101.993
2021,15,Russian Grand Prix,SAI,2,107.924,106.521,102.50999999999999
2021,15,Russian Grand Prix,RUS,3,108.303,106.435,102.983
2021,15,Russian Grand Prix,HAM,4,105.99199999999999,105.12899999999999,104.05
2021,15,Russian Grand Prix,RIC,5,108.345,106.36099999999999,104.156
2021,15,Russian Grand Prix,ALO,6,107.87700000000001,105.51400000000001,104.20400000000001
2021,15,Russian Grand Prix,BOT,7,106.396,105.306,104.71000000000001
2021,15,Russian Grand Prix,STR,8,108.322,106.36,104.956
2021,15,Russian Grand Prix,PER,9,106.455,105.834,105.337
2021,15,Russian Grand Prix,OCO,10,108.09899999999999,106.07,105.86500000000001
2021,15,Russian Grand Prix,VET,11,107.205,106.57300000000001,
2021,15,Russian Grand Prix,GAS,12,107.828,106.64099999999999,
2021,15,Russian Grand Prix,TSU,13,108.854,106.751,
2021,15,Russian Grand Prix,LAT,14,108.25200000000001,,
2021,15,Russian Grand Prix,LEC,15,108.47,,
2021,15,Russian Grand Prix,RAI,16,109.586,,
2021,15,Russian Grand Prix,MSC,17,109.83,,
2021,15,Russian Grand Prix,GIO,18,111.023,,
2021,15,Russian Grand Prix,MAZ,19,113.76400000000001,,
2021,15,Russian Grand Prix,VER,20,,,
2021,16,Turkish Grand Prix,HAM,1,84.58500000000001,83.082,82.868
2021,16,Turkish Grand Prix,BOT,2,85.047,83.57900000000001,82.998
2021,16,Turkish Grand Prix,VER,3,84.592,83.732,83.196
2021,16,Turkish Grand Prix,LEC,4,84.869,84.015,83.265
2021,16,Turkish Grand Prix,GAS,5,84.70400000000001,83.81700000000001,83.326
2021,16,Turkish Grand Prix,ALO,6,85.174,83.914,83.477
2021,16,Turkish Grand Prix,PER,7,84.963,83.961,83.706
2021,16,Turkish Grand Prix,NOR,8,85.138,84.642,83.95400000000001
2021,16,Turkish Grand Prix,STR,9,85.511,84.601,84.305
2021,16,Turkish Grand Prix,TSU,10,85.40899999999999,84.054,84.368
2021,16,Turkish Grand Prix,VET,11,85.787,84.795,
2021,16,Turkish Grand Prix,OCO,12,85.422,84.842,
2021,16,Turkish Grand Prix,RUS,13,85.417,85.007,
2021,16,Turkish Grand Prix,MSC,14,85.555,85.2,
2021,16,Turkish Grand Prix,SAI,15,85.17699999999999,,
2021,16,Turkish Grand Prix,RIC,16,85.881,,
2021,16,Turkish Grand Prix,LAT,17,86.086,,
2021,16,Turkish Grand Prix,GIO,18,86.43,,
2021,16,Turkish Grand Prix,RAI,19,87.525,,
2021,16,Turkish Grand Prix,MAZ,20,88.449,,
2021,17,United States Grand Prix,VER,1,94.352,93.464,92.91
2021,17,United States Grand Prix,HAM,2,94.57900000000001,93.797,93.119
2021,17,United States Grand Prix,PER,3,94.369,94.178,93.134
2021,17,United States Grand Prix,BOT,4,94.59,93.959,93.475
2021,17,United States Grand Prix,LEC,5,94.15299999999999,93.928,93.606
2021,17,United States Grand Prix,SAI,6,94.55799999999999,94.126,93.792
2021,17,United States Grand Prix,RIC,7,94.407,94.643,93.80799999999999
2021,17,United States Grand Prix,NOR,8,94.551,93.88,93.887
2021,17,United States Grand Prix,GAS,9,94.56700000000001,94.583,94.118
2021,17,United States Grand Prix,TSU,10,95.36,95.137,94.918
2021,17,United States Grand Prix,OCO,11,95.747,95.37700000000001,
2021,17,United States Grand Prix,VET,12,95.281,95.5,
2021,17,United States Grand Prix,GIO,13,95.92,95.794,
2021,17,United States Grand Prix,ALO,14,95.756,104.549,
2021,17,United States Grand Prix,RUS,15,95.74600000000001,,
2021,17,United States Grand Prix,STR,16,95.983,,
2021,17,United States Grand Prix,LAT,17,95.995,,
2021,17,United States Grand Prix,RAI,18,96.311,,
2021,17,United States Grand Prix,MSC,19,96.499,,
2021,17,United States Grand Prix,MAZ,20,96.79599999999999,,
2021,18,Mexico City Grand Prix,BOT,1,76.727,76.864,75.875
2021,18,Mexico City Grand Prix,HAM,2,77.207,76.474,76.02
2021,18,Mexico City Grand Prix,VER,3,76.788,76.483,76.225
2021,18,Mexico City Grand Prix,PER,4,77.003,77.055,76.342
2021,18,Mexico City Grand Prix,GAS,5,76.908,76.955,76.456
2021,18,Mexico City Grand Prix,SAI,6,77.517,77.248,76.761
2021,18,Mexico City Grand Prix,RIC,7,77.719,77.092,76.763
2021,18,Mexico City Grand Prix,LEC,8,76.748,77.03399999999999,76.837
2021,18,Mexico City Grand Prix,TSU,9,77.33,76.701,77.158
2021,18,Mexico City Grand Prix,NOR,10,77.569,77.473,96.83
2021,18,Mexico City Grand Prix,VET,11,77.502,77.746,
2021,18,Mexico City Grand Prix,RAI,12,77.606,77.958,
2021,18,Mexico City Grand Prix,RUS,13,77.958,78.172,
2021,18,Mexico City Grand Prix,GIO,14,77.89699999999999,78.28999999999999,
2021,18,Mexico City Grand Prix,OCO,15,78.126,78.405,
2021,18,Mexico City Grand Prix,ALO,16,78.452,,
2021,18,Mexico City Grand Prix,LAT,17,78.756,,
2021,18,Mexico City Grand Prix,MSC,18,78.858,,
2021,18,Mexico City Grand Prix,MAZ,19,79.303,,
2021,18,Mexico City Grand Prix,STR,20,80.873,,
2021,19,São Paulo Grand Prix,HAM,1,68.733,68.068,67.934
2021,19,São Paulo Grand Prix,VER,2,69.32900000000001,68.499,68.372
2021,19,São Paulo Grand Prix,BOT,3,69.03999999999999,68.426,68.469
2021,19,São Paulo Grand Prix,PER,4,69.172,68.973,68.483
2021,19,São Paulo Grand Prix,GAS,5,69.347,68.903,68.777
2021,19,São Paulo Grand Prix,SAI,6,69.04599999999999,69.031,68.826
2021,19,São Paulo Grand Prix,LEC,7,69.155,68.859,68.96000000000001
2021,19,São Paulo Grand Prix,NOR,8,69.365,69.03,68.98
2021,19,São Paulo Grand Prix,RIC,9,69.374,69.093,69.039
2021,19,São Paulo Grand Prix,ALO,10,69.391,69.137,69.113
2021,19,São Paulo Grand Prix,OCO,11,69.43,69.189,
2021,19,São Paulo Grand Prix,VET,12,69.451,69.399,
2021,19,São Paulo Grand Prix,TSU,13,69.35,69.483,
2021,19,São Paulo Grand Prix,RAI,14,69.598,69.503,
2021,19,São Paulo Grand Prix,GIO,15,69.342,70.227,
2021,19,São Paulo Grand Prix,STR,16,69.663,,
2021,19,São Paulo Grand Prix,LAT,17,69.897,,
2021,19,São Paulo Grand Prix,RUS,18,69.953,,
2021,19,São Paulo Grand Prix,MSC,19,70.32900000000001,,
2021,19,São Paulo Grand Prix,MAZ,20,70.589,,
2021,20,Qatar Grand Prix,HAM,1,81.901,81.682,80.827
2021,20,Qatar Grand Prix,VER,2,81.996,81.98400000000001,81.282
2021,20,Qatar Grand Prix,BOT,3,82.01599999999999,81.991,81.47800000000001
2021,20,Qatar Grand Prix,GAS,4,82.535,81.72800000000001,81.64
2021,20,Qatar Grand Prix,ALO,5,82.422,81.894,81.67
2021,20,Qatar Grand Prix,NOR,6,82.839,82.21600000000001,81.731
2021,20,Qatar Grand Prix,SAI,7,82.304,82.241,81.84
2021,20,Qatar Grand Prix,TSU,8,82.458,82.05799999999999,81.881
2021,20,Qatar Grand Prix,OCO,9,82.565,82.012,82.02799999999999
2021,20,Qatar Grand Prix,VET,10,82.549,82.146,82.785
2021,20,Qatar Grand Prix,PER,11,82.398,82.346,
2021,20,Qatar Grand Prix,STR,12,82.551,82.46000000000001,
2021,20,Qatar Grand Prix,LEC,13,82.742,82.463,
2021,20,Qatar Grand Prix,RIC,14,82.688,82.59700000000001,
2021,20,Qatar Grand Prix,RUS,15,82.863,82.756,
2021,20,Qatar Grand Prix,RAI,16,83.156,,
2021,20,Qatar Grand Prix,LAT,17,83.213,,
2021,20,Qatar Grand Prix,GIO,18,83.262,,
2021,20,Qatar Grand Prix,MSC,19,83.407,,
2021,20,Qatar Grand Prix,MAZ,20,85.85900000000001,,
2021,21,Saudi Arabian Grand Prix,HAM,1,88.46600000000001,87.712,87.511
2021,21,Saudi Arabian Grand Prix,BOT,2,88.057,88.054,87.622
2021,21,Saudi Arabian Grand Prix,VER,3,88.285,87.953,87.65299999999999
2021,21,Saudi Arabian Grand Prix,LEC,4,88.31,88.459,88.054
2021,21,Saudi Arabian Grand Prix,PER,5,88.021,87.946,88.123
2021,21,Saudi Arabian Grand Prix,GAS,6,88.401,88.314,88.125
2021,21,Saudi Arabian Grand Prix,NOR,7,88.338,88.344,88.18
2021,21,Saudi Arabian Grand Prix,TSU,8,88.503,88.22200000000001,88.44200000000001
2021,21,Saudi Arabian Grand Prix,OCO,9,88.752,88.574,88.64699999999999
2021,21,Saudi Arabian Grand Prix,GIO,10,88.899,88.616,88.754
2021,21,Saudi Arabian Grand Prix,RIC,11,88.21600000000001,88.668,
2021,21,Saudi Arabian Grand Prix,RAI,12,88.856,88.885,
2021,21,Saudi Arabian Grand Prix,ALO,13,88.944,88.92,
2021,21,Saudi Arabian Grand Prix,RUS,14,88.926,89.054,
2021,21,Saudi Arabian Grand Prix,SAI,15,88.237,113.652,
2021,21,Saudi Arabian Grand Prix,LAT,16,89.17699999999999,,
2021,21,Saudi Arabian Grand Prix,VET,17,89.19800000000001,,
2021,21,Saudi Arabian Grand Prix,STR,18,89.368,,
2021,21,Saudi Arabian Grand Prix,MSC,19,89.464,,
2021,21,Saudi Arabian Grand Prix,MAZ,20,90.473,,
2021,22,Abu Dhabi Grand Prix,VER,1,83.322,82.8,82.10900000000001
2021,22,Abu Dhabi Grand Prix,HAM,2,82.845,83.145,82.48
2021,22,Abu Dhabi Grand Prix,NOR,3,83.553,83.256,82.931
2021,22,Abu Dhabi Grand Prix,PER,4,83.35,83.135,82.947
2021,22,Abu Dhabi Grand Prix,SAI,5,83.624,83.174,82.992
2021,22,Abu Dhabi Grand Prix,BOT,6,83.117,83.246,83.036
2021,22,Abu Dhabi Grand Prix,LEC,7,83.467,83.202,83.122
2021,22,Abu Dhabi Grand Prix,TSU,8,83.428,83.404,83.22
2021,22,Abu Dhabi Grand Prix,OCO,9,83.764,83.42,83.389
2021,22,Abu Dhabi Grand Prix,RIC,10,83.82900000000001,83.44800000000001,83.40899999999999
2021,22,Abu Dhabi Grand Prix,ALO,11,83.846,83.46000000000001,
2021,22,Abu Dhabi Grand Prix,GAS,12,83.489,84.043,
2021,22,Abu Dhabi Grand Prix,STR,13,84.061,84.066,
2021,22,Abu Dhabi Grand Prix,GIO,14,84.118,84.251,
2021,22,Abu Dhabi Grand Prix,VET,15,84.225,84.305,
2021,22,Abu Dhabi Grand Prix,LAT,16,84.338,,
2021,22,Abu Dhabi Grand Prix,RUS,17,84.423,,
2021,22,Abu Dhabi Grand Prix,RAI,18,84.779,,
2021,22,Abu Dhabi Grand Prix,MSC,19,84.906,,
2021,22,Abu Dhabi Grand Prix,MAZ,20,85.685,,
2022,1,Bahrain Grand Prix,LEC,1,91.471,90.932,90.55799999999999
2022,1,Bahrain Grand Prix,VER,2,91.785,90.757,90.681
2022,1,Bahrain Grand Prix,SAI,3,91.56700000000001,90.787,90.687
2022,1,Bahrain Grand Prix,PER,4,92.311,91.008,90.92099999999999
2022,1,Bahrain Grand Prix,HAM,5,92.285,91.048,91.238
2022,1,Bahrain Grand Prix,BOT,6,91.919,91.717,91.56
2022,1,Bahrain Grand Prix,MAG,7,91.955,91.461,91.80799999999999
2022,1,Bahrain Grand Prix,ALO,8,92.346,91.621,92.195
2022,1,Bahrain Grand Prix,RUS,9,92.269,91.252,92.21600000000001
2022,1,Bahrain Grand Prix,GAS,10,92.096,91.635,92.338
2022,1,Bahrain Grand Prix,OCO,11,92.041,91.782,
2022,1,Bahrain Grand Prix,MSC,12,92.38,91.998,
2022,1,Bahrain Grand Prix,NOR,13,92.239,92.00800000000001,
2022,1,Bahrain Grand Prix,ALB,14,92.726,92.664,
2022,1,Bahrain Grand Prix,ZHO,15,92.493,93.543,
2022,1,Bahrain Grand Prix,TSU,16,92.75,,
2022,1,Bahrain Grand Prix,HUL,17,92.777,,
2022,1,Bahrain Grand Prix,RIC,18,92.945,,
2022,1,Bahrain Grand Prix,STR,19,93.032,,
2022,1,Bahrain Grand Prix,LAT,20,93.634,,
2022,2,Saudi Arabian Grand Prix,PER,1,89.705,88.924,88.2
2022,2,Saudi Arabian Grand Prix,LEC,2,89.039,88.78,88.225
2022,2,Saudi Arabian Grand Prix,SAI,3,88.855,88.686,88.402
2022,2,Saudi Arabian Grand Prix,VER,4,88.928,88.945,88.461
2022,2,Saudi Arabian Grand Prix,OCO,5,90.093,89.584,89.068
2022,2,Saudi Arabian Grand Prix,RUS,6,89.68,89.618,89.104
2022,2,Saudi Arabian Grand Prix,ALO,7,89.97800000000001,89.295,89.14699999999999
2022,2,Saudi Arabian Grand Prix,BOT,8,89.68299999999999,89.404,89.18299999999999
2022,2,Saudi Arabian Grand Prix,GAS,9,89.89099999999999,89.418,89.254
2022,2,Saudi Arabian Grand Prix,MAG,10,89.831,89.54599999999999,89.588
2022,2,Saudi Arabian Grand Prix,NOR,11,89.957,89.651,
2022,2,Saudi Arabian Grand Prix,RIC,12,90.009,89.773,
2022,2,Saudi Arabian Grand Prix,ZHO,13,89.97800000000001,89.819,
2022,2,Saudi Arabian Grand Prix,MSC,14,90.167,89.92,
2022,2,Saudi Arabian Grand Prix,STR,15,90.256,91.009,
2022,2,Saudi Arabian Grand Prix,HAM,16,90.343,,
2022,2,Saudi Arabian Grand Prix,ALB,17,90.492,,
2022,2,Saudi Arabian Grand Prix,HUL,18,90.543,,
2022,2,Saudi Arabian Grand Prix,LAT,19,91.81700000000001,,
2022,2,Saudi Arabian Grand Prix,TSU,20,,,
2022,3,Australian Grand Prix,LEC,1,78.881,78.606,77.868
2022,3,Australian Grand Prix,VER,2,78.58,78.611,78.154
2022,3,Australian Grand Prix,PER,3,78.834,78.34,78.24
2022,3,Australian Grand Prix,NOR,4,79.28,79.066,78.703
2022,3,Australian Grand Prix,HAM,5,79.401,79.106,78.825
2022,3,Australian Grand Prix,RUS,6,79.405,79.076,78.93299999999999
2022,3,Australian Grand Prix,RIC,7,79.66499999999999,79.13,79.032
2022,3,Australian Grand Prix,OCO,8,79.605,79.136,79.061
2022,3,Australian Grand Prix,SAI,9,78.983,78.469,79.408
2022,3,Australian Grand Prix,ALO,10,79.19200000000001,78.815,
2022,3,Australian Grand Prix,GAS,11,79.58,79.226,
2022,3,Australian Grand Prix,BOT,12,79.251,79.41,
2022,3,Australian Grand Prix,TSU,13,79.742,79.424,
2022,3,Australian Grand Prix,ZHO,14,79.91,80.155,
2022,3,Australian Grand Prix,MSC,15,80.104,80.465,
2022,3,Australian Grand Prix,ALB,16,80.135,,
2022,3,Australian Grand Prix,MAG,17,80.254,,
2022,3,Australian Grand Prix,VET,18,81.149,,
2022,3,Australian Grand Prix,LAT,19,81.372,,
2022,3,Australian Grand Prix,STR,20,,,
2022,4,Emilia Romagna Grand Prix,VER,1,79.295,78.793,87.999
2022,4,Emilia Romagna Grand Prix,LEC,2,78.79599999999999,79.584,88.77799999999999
2022,4,Emilia Romagna Grand Prix,NOR,3,80.168,79.294,89.131
2022,4,Emilia Romagna Grand Prix,MAG,4,80.14699999999999,79.902,89.164
2022,4,Emilia Romagna Grand Prix,ALO,5,80.19800000000001,79.595,89.202
2022,4,Emilia Romagna Grand Prix,RIC,6,79.98,80.031,89.742
2022,4,Emilia Romagna Grand Prix,PER,7,79.773,79.29599999999999,89.80799999999999
2022,4,Emilia Romagna Grand Prix,BOT,8,80.419,80.19200000000001,90.439
2022,4,Emilia Romagna Grand Prix,VET,9,80.364,79.957,91.062
2022,4,Emilia Romagna Grand Prix,SAI,10,79.305,78.99,
2022,4,Emilia Romagna Grand Prix,RUS,11,80.383,80.757,
2022,4,Emilia Romagna Grand Prix,MSC,12,80.422,80.916,
2022,4,Emilia Romagna Grand Prix,HAM,13,80.47,81.138,
2022,4,Emilia Romagna Grand Prix,ZHO,14,79.73,81.434,
2022,4,Emilia Romagna Grand Prix,STR,15,80.342,88.119,
2022,4,Emilia Romagna Grand Prix,TSU,16,80.474,,
2022,4,Emilia Romagna Grand Prix,GAS,17,80.732,,
2022,4,Emilia Romagna Grand Prix,LAT,18,81.971,,
2022,4,Emilia Romagna Grand Prix,OCO,19,82.338,,
2022,4,Emilia Romagna Grand Prix,ALB,20,,,
2022,5,Miami Grand Prix,LEC,1,89.474,89.13,88.79599999999999
2022,5,Miami Grand Prix,SAI,2,90.07900000000001,89.729,88.986
2022,5,Miami Grand Prix,VER,3,89.836,89.202,88.991
2022,5,Miami Grand Prix,PER,4,90.055,89.673,89.036
2022,5,Miami Grand Prix,BOT,5,90.845,89.751,89.475
2022,5,Miami Grand Prix,HAM,6,90.388,89.797,89.625
2022,5,Miami Grand Prix,GAS,7,90.779,90.128,89.69
2022,5,Miami Grand Prix,NOR,8,90.761,89.634,89.75
2022,5,Miami Grand Prix,TSU,9,90.485,90.031,89.932
2022,5,Miami Grand Prix,STR,10,90.441,89.996,90.676
2022,5,Miami Grand Prix,ALO,11,90.407,90.16,
2022,5,Miami Grand Prix,RUS,12,90.49,90.173,
2022,5,Miami Grand Prix,VET,13,90.67699999999999,90.214,
2022,5,Miami Grand Prix,RIC,14,90.583,90.31,
2022,5,Miami Grand Prix,MSC,15,90.645,90.423,
2022,5,Miami Grand Prix,MAG,16,90.975,,
2022,5,Miami Grand Prix,ZHO,17,91.02,,
2022,5,Miami Grand Prix,ALB,18,91.26599999999999,,
2022,5,Miami Grand Prix,LAT,19,91.325,,
2022,5,Miami Grand Prix,OCO,20,,,
2022,6,Spanish Grand Prix,LEC,1,79.861,79.969,78.75
2022,6,Spanish Grand Prix,VER,2,80.09100000000001,79.219,79.07300000000001
2022,6,Spanish Grand Prix,SAI,3,79.892,79.453,79.166
2022,6,Spanish Grand Prix,RUS,4,80.218,79.47,79.393
2022,6,Spanish Grand Prix,PER,5,80.447,79.83,79.42
2022,6,Spanish Grand Prix,HAM,6,80.252,79.794,79.512
2022,6,Spanish Grand Prix,BOT,7,80.355,80.053,79.608
2022,6,Spanish Grand Prix,MAG,8,80.227,79.81,79.682
2022,6,Spanish Grand Prix,RIC,9,80.549,80.287,80.297
2022,6,Spanish Grand Prix,MSC,10,80.68299999999999,80.436,80.368
2022,6,Spanish Grand Prix,NOR,11,80.838,80.471,
2022,6,Spanish Grand Prix,OCO,12,80.88,80.638,
2022,6,Spanish Grand Prix,TSU,13,80.707,80.639,
2022,6,Spanish Grand Prix,GAS,14,80.719,80.861,
2022,6,Spanish Grand Prix,ZHO,15,80.476,81.094,
2022,6,Spanish Grand Prix,VET,16,80.95400000000001,,
2022,6,Spanish Grand Prix,ALO,17,81.043,,
2022,6,Spanish Grand Prix,STR,18,81.418,,
2022,6,Spanish Grand Prix,ALB,19,81.645,,
2022,6,Spanish Grand Prix,LAT,20,81.91499999999999,,
2022,7,Monaco Grand Prix,LEC,1,72.569,71.864,71.376
2022,7,Monaco Grand Prix,SAI,2,72.616,72.074,71.601
2022,7,Monaco Grand Prix,PER,3,73.004,71.95400000000001,71.629
2022,7,Monaco Grand Prix,VER,4,72.993,72.117,71.666
2022,7,Monaco Grand Prix,NOR,5,72.92699999999999,72.266,71.849
2022,7,Monaco Grand Prix,RUS,6,72.787,72.617,72.112
2022,7,Monaco Grand Prix,ALO,7,73.394,72.688,72.247
2022,7,Monaco Grand Prix,HAM,8,73.444,72.595,72.56
2022,7,Monaco Grand Prix,VET,9,73.313,72.613,72.732
2022,7,Monaco Grand Prix,OCO,10,72.848,72.528,73.047
2022,7,Monaco Grand Prix,TSU,11,73.11,72.797,
2022,7,Monaco Grand Prix,BOT,12,73.541,72.909,
2022,7,Monaco Grand Prix,MAG,13,73.069,72.92099999999999,
2022,7,Monaco Grand Prix,RIC,14,73.338,72.964,
2022,7,Monaco Grand Prix,MSC,15,73.469,73.081,
2022,7,Monaco Grand Prix,ALB,16,73.611,,
2022,7,Monaco Grand Prix,GAS,17,73.66,,
2022,7,Monaco Grand Prix,STR,18,73.678,,
2022,7,Monaco Grand Prix,LAT,19,74.403,,
2022,7,Monaco Grand Prix,ZHO,20,75.606,,
2022,8,Azerbaijan Grand Prix,LEC,1,102.86500000000001,102.04599999999999,101.35900000000001
2022,8,Azerbaijan Grand Prix,PER,2,102.733,101.955,101.64099999999999
2022,8,Azerbaijan Grand Prix,VER,3,102.72200000000001,102.227,101.706
2022,8,Azerbaijan Grand Prix,SAI,4,102.957,102.088,101.814
2022,8,Azerbaijan Grand Prix,RUS,5,103.75399999999999,103.281,102.712
2022,8,Azerbaijan Grand Prix,GAS,6,103.268,103.12899999999999,102.845
2022,8,Azerbaijan Grand Prix,HAM,7,103.939,103.182,102.924
2022,8,Azerbaijan Grand Prix,TSU,8,103.595,103.376,103.056
2022,8,Azerbaijan Grand Prix,VET,9,103.279,103.268,103.09100000000001
2022,8,Azerbaijan Grand Prix,ALO,10,104.083,103.36,103.173
2022,8,Azerbaijan Grand Prix,NOR,11,104.237,103.398,
2022,8,Azerbaijan Grand Prix,RIC,12,104.437,103.574,
2022,8,Azerbaijan Grand Prix,OCO,13,103.90299999999999,103.58500000000001,
2022,8,Azerbaijan Grand Prix,ZHO,14,103.777,103.78999999999999,
2022,8,Azerbaijan Grand Prix,BOT,15,104.47800000000001,104.444,
2022,8,Azerbaijan Grand Prix,MAG,16,104.643,,
2022,8,Azerbaijan Grand Prix,ALB,17,104.719,,
2022,8,Azerbaijan Grand Prix,LAT,18,105.36699999999999,,
2022,8,Azerbaijan Grand Prix,STR,19,105.37100000000001,,
2022,8,Azerbaijan Grand Prix,MSC,20,105.775,,
2022,9,Canadian Grand Prix,VER,1,92.219,83.746,81.299
2022,9,Canadian Grand Prix,ALO,2,92.277,84.848,81.944
2022,9,Canadian Grand Prix,SAI,3,92.781,85.197,82.096
2022,9,Canadian Grand Prix,HAM,4,93.84100000000001,85.543,82.89099999999999
2022,9,Canadian Grand Prix,MAG,5,92.957,86.254,82.96000000000001
2022,9,Canadian Grand Prix,MSC,6,93.707,85.684,83.356
2022,9,Canadian Grand Prix,OCO,7,93.012,86.135,83.529
2022,9,Canadian Grand Prix,RUS,8,93.16,84.95,83.557
2022,9,Canadian Grand Prix,RIC,9,93.636,86.375,83.749
2022,9,Canadian Grand Prix,ZHO,10,93.69200000000001,86.116,84.03
2022,9,Canadian Grand Prix,BOT,11,93.689,86.788,
2022,9,Canadian Grand Prix,ALB,12,94.047,86.858,
2022,9,Canadian Grand Prix,PER,13,93.929,93.12700000000001,
2022,9,Canadian Grand Prix,NOR,14,94.066,,
2022,9,Canadian Grand Prix,LEC,15,93.00800000000001,,
2022,9,Canadian Grand Prix,GAS,16,94.49199999999999,,
2022,9,Canadian Grand Prix,VET,17,94.512,,
2022,9,Canadian Grand Prix,STR,18,95.532,,
2022,9,Canadian Grand Prix,LAT,19,95.66,,
2022,9,Canadian Grand Prix,TSU,20,96.575,,
2022,10,British Grand Prix,SAI,1,100.19,101.602,100.983
2022,10,British Grand Prix,VER,2,99.12899999999999,100.655,101.055
2022,10,British Grand Prix,LEC,3,99.846,101.247,101.298
2022,10,British Grand Prix,PER,4,100.521,102.513,101.616
2022,10,British Grand Prix,HAM,5,100.428,101.062,101.995
2022,10,British Grand Prix,NOR,6,101.515,101.821,102.084
2022,10,British Grand Prix,ALO,7,101.598,102.209,102.116
2022,10,British Grand Prix,RUS,8,100.02799999999999,101.725,102.161
2022,10,British Grand Prix,ZHO,9,100.791,102.64,102.719
2022,10,British Grand Prix,LAT,10,101.99799999999999,103.273,123.095
2022,10,British Grand Prix,GAS,11,101.68,103.702,
2022,10,British Grand Prix,BOT,12,101.396,104.232,
2022,10,British Grand Prix,TSU,13,101.893,104.311,
2022,10,British Grand Prix,RIC,14,101.93299999999999,104.35499999999999,
2022,10,British Grand Prix,OCO,15,101.72999999999999,105.19,
2022,10,British Grand Prix,ALB,16,102.078,,
2022,10,British Grand Prix,MAG,17,102.15899999999999,,
2022,10,British Grand Prix,VET,18,102.666,,
2022,10,British Grand Prix,MSC,19,102.708,,
2022,10,British Grand Prix,STR,20,103.43,,
2022,11,Austrian Grand Prix,VER,1,65.852,65.374,64.984
2022,11,Austrian Grand Prix,LEC,2,65.419,65.287,65.013
2022,11,Austrian Grand Prix,SAI,3,65.66,65.576,65.066
2022,11,Austrian Grand Prix,RUS,4,66.235,65.697,65.431
2022,11,Austrian Grand Prix,OCO,5,66.468,65.993,65.726
2022,11,Austrian Grand Prix,MAG,6,66.366,65.894,65.879
2022,11,Austrian Grand Prix,MSC,7,66.405,66.151,66.011
2022,11,Austrian Grand Prix,ALO,8,66.016,66.082,66.103
2022,11,Austrian Grand Prix,HAM,9,66.079,65.475,73.151
2022,11,Austrian Grand Prix,GAS,10,66.589,66.16,
2022,11,Austrian Grand Prix,ALB,11,66.516,66.23,
2022,11,Austrian Grand Prix,BOT,12,66.44200000000001,66.319,
2022,11,Austrian Grand Prix,PER,13,66.143,66.458,
2022,11,Austrian Grand Prix,TSU,14,66.463,66.851,
2022,11,Austrian Grand Prix,NOR,15,66.33,85.84700000000001,
2022,11,Austrian Grand Prix,RIC,16,66.613,,
2022,11,Austrian Grand Prix,STR,17,66.847,,
2022,11,Austrian Grand Prix,ZHO,18,66.901,,
2022,11,Austrian Grand Prix,LAT,19,67.003,,
2022,11,Austrian Grand Prix,VET,20,67.083,,
2022,12,French Grand Prix,LEC,1,91.727,91.21600000000001,90.872
2022,12,French Grand Prix,VER,2,91.89099999999999,91.99,91.176
2022,12,French Grand Prix,PER,3,92.354,92.12,91.33500000000001
2022,12,French Grand Prix,HAM,4,93.041,92.274,91.765
2022,12,French Grand Prix,NOR,5,92.672,92.777,92.032
2022,12,French Grand Prix,RUS,6,93.10900000000001,92.63300000000001,92.131
2022,12,French Grand Prix,ALO,7,92.819,92.631,92.55199999999999
2022,12,French Grand Prix,TSU,8,93.394,92.836,92.78
2022,12,French Grand Prix,SAI,9,92.297,91.081,
2022,12,French Grand Prix,MAG,10,92.756,92.649,
2022,12,French Grand Prix,RIC,11,93.404,92.922,
2022,12,French Grand Prix,OCO,12,93.346,93.048,
2022,12,French Grand Prix,BOT,13,93.03399999999999,93.05199999999999,
2022,12,French Grand Prix,VET,14,93.285,93.27600000000001,
2022,12,French Grand Prix,ALB,15,93.423,93.307,
2022,12,French Grand Prix,GAS,16,93.439,,
2022,12,French Grand Prix,STR,17,93.439,,
2022,12,French Grand Prix,ZHO,18,93.674,,
2022,12,French Grand Prix,MSC,19,93.701,,
2022,12,French Grand Prix,LAT,20,93.794,,
2022,13,Hungarian Grand Prix,RUS,1,78.407,78.154,77.377
2022,13,Hungarian Grand Prix,SAI,2,78.434,77.946,77.42099999999999
2022,13,Hungarian Grand Prix,LEC,3,78.806,77.768,77.56700000000001
2022,13,Hungarian Grand Prix,NOR,4,78.65299999999999,78.121,77.769
2022,13,Hungarian Grand Prix,OCO,5,78.866,78.21600000000001,78.018
2022,13,Hungarian Grand Prix,ALO,6,78.71600000000001,77.904,78.078
2022,13,Hungarian Grand Prix,HAM,7,78.374,78.035,78.142
2022,13,Hungarian Grand Prix,BOT,8,78.935,78.445,78.157
2022,13,Hungarian Grand Prix,RIC,9,78.775,78.19800000000001,78.379
2022,13,Hungarian Grand Prix,VER,10,78.509,77.703,78.82300000000001
2022,13,Hungarian Grand Prix,PER,11,79.118,78.51599999999999,
2022,13,Hungarian Grand Prix,ZHO,12,78.973,78.57300000000001,
2022,13,Hungarian Grand Prix,MAG,13,78.993,78.825,
2022,13,Hungarian Grand Prix,STR,14,79.205,79.137,
2022,13,Hungarian Grand Prix,MSC,15,79.164,79.202,
2022,13,Hungarian Grand Prix,TSU,16,79.24,,
2022,13,Hungarian Grand Prix,ALB,17,79.256,,
2022,13,Hungarian Grand Prix,VET,18,79.273,,
2022,13,Hungarian Grand Prix,GAS,19,79.527,,
2022,13,Hungarian Grand Prix,LAT,20,79.57,,
2022,14,Belgian Grand Prix,VER,1,104.581,104.723,103.66499999999999
2022,14,Belgian Grand Prix,SAI,2,105.05,105.418,104.297
2022,14,Belgian Grand Prix,PER,3,105.37700000000001,104.794,104.462
2022,14,Belgian Grand Prix,LEC,4,105.572,104.551,104.553
2022,14,Belgian Grand Prix,OCO,5,106.039,105.475,105.18
2022,14,Belgian Grand Prix,ALO,6,106.075,105.55199999999999,105.368
2022,14,Belgian Grand Prix,HAM,7,105.73599999999999,105.42,105.503
2022,14,Belgian Grand Prix,RUS,8,105.65,105.461,105.77600000000001
2022,14,Belgian Grand Prix,ALB,9,105.672,105.675,105.837
2022,14,Belgian Grand Prix,NOR,10,105.745,105.60300000000001,106.178
2022,14,Belgian Grand Prix,RIC,11,106.212,105.767,
2022,14,Belgian Grand Prix,GAS,12,106.18299999999999,105.827,
2022,14,Belgian Grand Prix,ZHO,13,106.178,106.08500000000001,
2022,14,Belgian Grand Prix,STR,14,106.256,106.61099999999999,
2022,14,Belgian Grand Prix,MSC,15,106.342,107.718,
2022,14,Belgian Grand Prix,VET,16,106.344,,
2022,14,Belgian Grand Prix,LAT,17,106.40100000000001,,
2022,14,Belgian Grand Prix,MAG,18,106.557,,
2022,14,Belgian Grand Prix,TSU,19,106.69200000000001,,
2022,14,Belgian Grand Prix,BOT,20,107.866,,
2022,15,Dutch Grand Prix,VER,1,71.31700000000001,70.92699999999999,70.342
2022,15,Dutch Grand Prix,LEC,2,71.443,70.988,70.363
2022,15,Dutch Grand Prix,SAI,3,71.767,70.814,70.434
2022,15,Dutch Grand Prix,HAM,4,71.331,71.075,70.648
2022,15,Dutch Grand Prix,PER,5,71.641,71.314,71.077
2022,15,Dutch Grand Prix,RUS,6,71.561,70.824,71.147
2022,15,Dutch Grand Prix,NOR,7,71.556,71.116,71.174
2022,15,Dutch Grand Prix,MSC,8,71.741,71.42,71.44200000000001
2022,15,Dutch Grand Prix,TSU,9,71.42699999999999,71.428,72.556
2022,15,Dutch Grand Prix,STR,10,71.568,71.416,
2022,15,Dutch Grand Prix,GAS,11,71.705,71.512,
2022,15,Dutch Grand Prix,OCO,12,71.748,71.605,
2022,15,Dutch Grand Prix,ALO,13,71.667,71.613,
2022,15,Dutch Grand Prix,ZHO,14,71.826,71.70400000000001,
2022,15,Dutch Grand Prix,ALB,15,71.695,71.80199999999999,
2022,15,Dutch Grand Prix,BOT,16,71.961,,
2022,15,Dutch Grand Prix,RIC,17,72.081,,
2022,15,Dutch Grand Prix,MAG,18,72.319,,
2022,15,Dutch Grand Prix,VET,19,72.391,,
2022,15,Dutch Grand Prix,LAT,20,73.353,,
2022,16,Italian Grand Prix,LEC,1,81.28,81.208,80.161
2022,16,Italian Grand Prix,VER,2,80.922,81.265,80.306
2022,16,Italian Grand Prix,SAI,3,81.348,80.878,80.429
2022,16,Italian Grand Prix,PER,4,81.495,81.358,81.206
2022,16,Italian Grand Prix,HAM,5,82.048,81.708,81.524
2022,16,Italian Grand Prix,RUS,6,81.785,81.747,81.542
2022,16,Italian Grand Prix,NOR,7,82.13,81.831,81.584
2022,16,Italian Grand Prix,RIC,8,82.139,81.855,81.925
2022,16,Italian Grand Prix,GAS,9,82.01,82.062,82.648
2022,16,Italian Grand Prix,ALO,10,82.089,81.861,
2022,16,Italian Grand Prix,OCO,11,82.166,82.13,
2022,16,Italian Grand Prix,BOT,12,82.254,82.235,
2022,16,Italian Grand Prix,DEV,13,82.56700000000001,82.471,
2022,16,Italian Grand Prix,ZHO,14,82.003,82.577,
2022,16,Italian Grand Prix,TSU,15,82.02,,
2022,16,Italian Grand Prix,LAT,16,82.587,,
2022,16,Italian Grand Prix,VET,17,82.636,,
2022,16,Italian Grand Prix,STR,18,82.748,,
2022,16,Italian Grand Prix,MAG,19,82.908,,
2022,16,Italian Grand Prix,MSC,20,83.005,,
2022,17,Singapore Grand Prix,LEC,1,114.12899999999999,112.343,109.412
2022,17,Singapore Grand Prix,PER,2,114.404,112.818,109.434
2022,17,Singapore Grand Prix,HAM,3,113.161,112.691,109.46600000000001
2022,17,Singapore Grand Prix,SAI,4,114.559,113.219,109.583
2022,17,Singapore Grand Prix,ALO,5,115.36,113.12700000000001,109.96600000000001
2022,17,Singapore Grand Prix,NOR,6,115.914,113.94200000000001,110.584
2022,17,Singapore Grand Prix,GAS,7,115.606,113.54599999999999,111.211
2022,17,Singapore Grand Prix,VER,8,113.057,112.723,111.39500000000001
2022,17,Singapore Grand Prix,MAG,9,115.10300000000001,114.006,111.57300000000001
2022,17,Singapore Grand Prix,TSU,10,115.314,113.848,111.983
2022,17,Singapore Grand Prix,RUS,11,114.63300000000001,114.012,
2022,17,Singapore Grand Prix,STR,12,115.62899999999999,114.211,
2022,17,Singapore Grand Prix,MSC,13,115.73599999999999,114.37,
2022,17,Singapore Grand Prix,VET,14,115.602,114.38,
2022,17,Singapore Grand Prix,ZHO,15,115.375,115.518,
2022,17,Singapore Grand Prix,BOT,16,116.083,,
2022,17,Singapore Grand Prix,RIC,17,116.226,,
2022,17,Singapore Grand Prix,OCO,18,116.337,,
2022,17,Singapore Grand Prix,ALB,19,116.985,,
2022,17,Singapore Grand Prix,LAT,20,117.532,,
2022,18,Japanese Grand Prix,VER,1,90.224,90.346,89.304
2022,18,Japanese Grand Prix,LEC,2,90.402,90.486,89.314
2022,18,Japanese Grand Prix,SAI,3,90.336,90.444,89.361
2022,18,Japanese Grand Prix,PER,4,90.622,89.925,89.709
2022,18,Japanese Grand Prix,OCO,5,90.696,90.357,90.16499999999999
2022,18,Japanese Grand Prix,HAM,6,90.906,90.443,90.261
2022,18,Japanese Grand Prix,ALO,7,90.60300000000001,90.343,90.322
2022,18,Japanese Grand Prix,RUS,8,90.865,90.465,90.389
2022,18,Japanese Grand Prix,VET,9,91.256,90.656,90.554
2022,18,Japanese Grand Prix,NOR,10,90.881,90.473,91.003
2022,18,Japanese Grand Prix,RIC,11,90.88,90.65899999999999,
2022,18,Japanese Grand Prix,BOT,12,91.226,90.709,
2022,18,Japanese Grand Prix,TSU,13,91.13,90.80799999999999,
2022,18,Japanese Grand Prix,ZHO,14,90.894,90.953,
2022,18,Japanese Grand Prix,MSC,15,91.152,91.439,
2022,18,Japanese Grand Prix,ALB,16,91.311,,
2022,18,Japanese Grand Prix,GAS,17,91.322,,
2022,18,Japanese Grand Prix,MAG,18,91.352,,
2022,18,Japanese Grand Prix,STR,19,91.419,,
2022,18,Japanese Grand Prix,LAT,20,91.511,,
2022,19,United States Grand Prix,SAI,1,95.297,95.59,94.356
2022,19,United States Grand Prix,LEC,2,95.795,95.24600000000001,94.42099999999999
2022,19,United States Grand Prix,VER,3,95.864,95.294,94.44800000000001
2022,19,United States Grand Prix,PER,4,96.163,95.864,94.64500000000001
2022,19,United States Grand Prix,HAM,5,96.148,95.732,94.947
2022,19,United States Grand Prix,RUS,6,96.195,95.69200000000001,94.988
2022,19,United States Grand Prix,STR,7,96.86,96.032,95.598
2022,19,United States Grand Prix,NOR,8,96.465,96.34100000000001,95.69
2022,19,United States Grand Prix,ALO,9,96.446,95.988,95.876
2022,19,United States Grand Prix,BOT,10,96.74600000000001,96.321,96.319
2022,19,United States Grand Prix,ALB,11,96.932,96.368,
2022,19,United States Grand Prix,VET,12,96.695,96.398,
2022,19,United States Grand Prix,GAS,13,96.577,96.74000000000001,
2022,19,United States Grand Prix,ZHO,14,96.656,96.97,
2022,19,United States Grand Prix,TSU,15,96.80799999999999,97.14699999999999,
2022,19,United States Grand Prix,MAG,16,96.949,,
2022,19,United States Grand Prix,RIC,17,97.04599999999999,,
2022,19,United States Grand Prix,OCO,18,97.068,,
2022,19,United States Grand Prix,MSC,19,97.11099999999999,,
2022,19,United States Grand Prix,LAT,20,97.244,,
2022,20,Mexico City Grand Prix,VER,1,79.22200000000001,78.566,77.775
2022,20,Mexico City Grand Prix,RUS,2,79.583,78.565,78.07900000000001
2022,20,Mexico City Grand Prix,HAM,3,79.169,78.55199999999999,78.084
2022,20,Mexico City Grand Prix,PER,4,79.706,78.615,78.128
2022,20,Mexico City Grand Prix,SAI,5,79.566,78.56,78.351
2022,20,Mexico City Grand Prix,BOT,6,79.523,78.762,78.401
2022,20,Mexico City Grand Prix,LEC,7,79.505,79.10900000000001,78.555
2022,20,Mexico City Grand Prix,NOR,8,79.857,79.119,78.721
2022,20,Mexico City Grand Prix,ALO,9,80.006,79.27199999999999,78.939
2022,20,Mexico City Grand Prix,OCO,10,79.945,79.081,79.01
2022,20,Mexico City Grand Prix,RIC,11,80.279,79.325,
2022,20,Mexico City Grand Prix,ZHO,12,80.283,79.476,
2022,20,Mexico City Grand Prix,TSU,13,79.907,79.589,
2022,20,Mexico City Grand Prix,GAS,14,80.256,79.672,
2022,20,Mexico City Grand Prix,MAG,15,80.293,79.833,
2022,20,Mexico City Grand Prix,MSC,16,80.419,,
2022,20,Mexico City Grand Prix,VET,17,80.419,,
2022,20,Mexico City Grand Prix,STR,18,80.52,,
2022,20,Mexico City Grand Prix,ALB,19,80.85900000000001,,
2022,20,Mexico City Grand Prix,LAT,20,81.167,,
2022,21,São Paulo Grand Prix,MAG,1,73.95400000000001,71.41,71.674
2022,21,São Paulo Grand Prix,VER,2,73.625,70.881,71.877
2022,21,São Paulo Grand Prix,RUS,3,74.42699999999999,71.318,72.059
2022,21,São Paulo Grand Prix,NOR,4,73.106,71.377,72.263
2022,21,São Paulo Grand Prix,SAI,5,74.68,70.89,72.357
2022,21,São Paulo Grand Prix,OCO,6,74.663,71.587,72.425
2022,21,São Paulo Grand Prix,ALO,7,73.542,71.394,72.504
2022,21,São Paulo Grand Prix,HAM,8,73.403,71.539,72.611
2022,21,São Paulo Grand Prix,PER,9,73.613,71.456,75.601
2022,21,São Paulo Grand Prix,LEC,10,74.486,70.95,
2022,21,São Paulo Grand Prix,ALB,11,74.324,71.631,
2022,21,São Paulo Grand Prix,GAS,12,74.371,71.675,
2022,21,São Paulo Grand Prix,VET,13,73.597,71.678,
2022,21,São Paulo Grand Prix,RIC,14,74.931,72.14,
2022,21,São Paulo Grand Prix,STR,15,74.398,72.21000000000001,
2022,21,São Paulo Grand Prix,LAT,16,75.095,,
2022,21,São Paulo Grand Prix,ZHO,17,75.197,,
2022,21,São Paulo Grand Prix,BOT,18,75.486,,
2022,21,São Paulo Grand Prix,TSU,19,76.264,,
2022,21,São Paulo Grand Prix,MSC,20,76.361,,
2022,22,Abu Dhabi Grand Prix,VER,1,84.754,84.622,83.824
2022,22,Abu Dhabi Grand Prix,PER,2,84.82,84.419,84.05199999999999
2022,22,Abu Dhabi Grand Prix,LEC,3,85.211,84.517,84.092
2022,22,Abu Dhabi Grand Prix,SAI,4,85.09,84.521,84.242
2022,22,Abu Dhabi Grand Prix,HAM,5,85.594,84.774,84.508
2022,22,Abu Dhabi Grand Prix,RUS,6,85.545,84.94,84.511
2022,22,Abu Dhabi Grand Prix,NOR,7,85.387,84.90299999999999,84.769
2022,22,Abu Dhabi Grand Prix,OCO,8,85.735,85.007,84.83
2022,22,Abu Dhabi Grand Prix,VET,9,85.523,84.974,84.961
2022,22,Abu Dhabi Grand Prix,RIC,10,85.76599999999999,85.068,85.045
2022,22,Abu Dhabi Grand Prix,ALO,11,85.782,85.096,
2022,22,Abu Dhabi Grand Prix,TSU,12,85.63,85.219,
2022,22,Abu Dhabi Grand Prix,MSC,13,85.711,85.225,
2022,22,Abu Dhabi Grand Prix,STR,14,85.741,85.35900000000001,
2022,22,Abu Dhabi Grand Prix,ZHO,15,85.594,85.408,
2022,22,Abu Dhabi Grand Prix,MAG,16,85.834,,
2022,22,Abu Dhabi Grand Prix,GAS,17,85.85900000000001,,
2022,22,Abu Dhabi Grand Prix,BOT,18,85.892,,
2022,22,Abu Dhabi Grand Prix,ALB,19,86.02799999999999,,
2022,22,Abu Dhabi Grand Prix,LAT,20,86.054,,
2023,1,Bahrain Grand Prix,VER,1,91.295,90.503,89.708
2023,1,Bahrain Grand Prix,PER,2,91.479,90.746,89.846
2023,1,Bahrain Grand Prix,LEC,3,91.094,90.282,90.0
2023,1,Bahrain Grand Prix,SAI,4,90.993,90.515,90.154
2023,1,Bahrain Grand Prix,ALO,5,91.158,90.645,90.336
2023,1,Bahrain Grand Prix,RUS,6,91.057,90.507,90.34
2023,1,Bahrain Grand Prix,HAM,7,91.543,90.513,90.384
2023,1,Bahrain Grand Prix,STR,8,91.184,91.127,90.836
2023,1,Bahrain Grand Prix,OCO,9,91.508,90.914,90.98400000000001
2023,1,Bahrain Grand Prix,HUL,10,91.20400000000001,90.809,
2023,1,Bahrain Grand Prix,NOR,11,91.652,91.381,
2023,1,Bahrain Grand Prix,BOT,12,91.504,91.443,
2023,1,Bahrain Grand Prix,ZHO,13,91.615,91.473,
2023,1,Bahrain Grand Prix,TSU,14,91.4,92.50999999999999,
2023,1,Bahrain Grand Prix,ALB,15,91.461,,
2023,1,Bahrain Grand Prix,SAR,16,91.652,,
2023,1,Bahrain Grand Prix,MAG,17,91.892,,
2023,1,Bahrain Grand Prix,PIA,18,92.101,,
2023,1,Bahrain Grand Prix,DEV,19,92.12100000000001,,
2023,1,Bahrain Grand Prix,GAS,20,92.181,,
2023,2,Saudi Arabian Grand Prix,PER,1,89.244,88.635,88.265
2023,2,Saudi Arabian Grand Prix,LEC,2,89.376,88.90299999999999,88.42
2023,2,Saudi Arabian Grand Prix,ALO,3,89.298,88.757,88.73
2023,2,Saudi Arabian Grand Prix,RUS,4,89.592,89.132,88.857
2023,2,Saudi Arabian Grand Prix,SAI,5,89.411,88.957,88.931
2023,2,Saudi Arabian Grand Prix,STR,6,89.33500000000001,88.962,88.945
2023,2,Saudi Arabian Grand Prix,OCO,7,89.707,89.255,89.078
2023,2,Saudi Arabian Grand Prix,HAM,8,89.689,89.374,89.223
2023,2,Saudi Arabian Grand Prix,PIA,9,89.706,89.378,89.243
2023,2,Saudi Arabian Grand Prix,GAS,10,89.89,89.411,89.357
2023,2,Saudi Arabian Grand Prix,HUL,11,89.547,89.451,
2023,2,Saudi Arabian Grand Prix,ZHO,12,89.654,89.461,
2023,2,Saudi Arabian Grand Prix,MAG,13,89.744,89.634,
2023,2,Saudi Arabian Grand Prix,BOT,14,89.929,89.668,
2023,2,Saudi Arabian Grand Prix,VER,15,88.761,109.953,
2023,2,Saudi Arabian Grand Prix,TSU,16,89.939,,
2023,2,Saudi Arabian Grand Prix,ALB,17,89.994,,
2023,2,Saudi Arabian Grand Prix,DEV,18,90.244,,
2023,2,Saudi Arabian Grand Prix,NOR,19,90.447,,
2023,2,Saudi Arabian Grand Prix,SAR,20,128.51,,
2023,3,Australian Grand Prix,VER,1,77.384,77.056,76.732
2023,3,Australian Grand Prix,RUS,2,77.654,77.513,76.968
2023,3,Australian Grand Prix,HAM,3,77.689,77.551,77.104
2023,3,Australian Grand Prix,ALO,4,77.832,77.283,77.139
2023,3,Australian Grand Prix,SAI,5,77.928,77.349,77.27
2023,3,Australian Grand Prix,STR,6,77.873,77.616,77.30799999999999
2023,3,Australian Grand Prix,LEC,7,78.218,77.39,77.369
2023,3,Australian Grand Prix,ALB,8,77.962,77.761,77.60900000000001
2023,3,Australian Grand Prix,GAS,9,78.312,77.574,77.675
2023,3,Australian Grand Prix,HUL,10,78.029,77.412,77.735
2023,3,Australian Grand Prix,OCO,11,77.77,77.768,
2023,3,Australian Grand Prix,TSU,12,78.471,78.099,
2023,3,Australian Grand Prix,NOR,13,78.243,78.119,
2023,3,Australian Grand Prix,MAG,14,78.15899999999999,78.129,
2023,3,Australian Grand Prix,DEV,15,78.45,78.33500000000001,
2023,3,Australian Grand Prix,PIA,16,78.517,,
2023,3,Australian Grand Prix,ZHO,17,78.53999999999999,,
2023,3,Australian Grand Prix,SAR,18,78.557,,
2023,3,Australian Grand Prix,BOT,19,78.714,,
2023,3,Australian Grand Prix,PER,20,,,
2023,4,Azerbaijan Grand Prix,LEC,1,101.269,101.037,100.203
2023,4,Azerbaijan Grand Prix,VER,2,101.398,100.822,100.39099999999999
2023,4,Azerbaijan Grand Prix,PER,3,101.756,101.131,100.495
2023,4,Azerbaijan Grand Prix,SAI,4,102.197,101.369,101.01599999999999
2023,4,Azerbaijan Grand Prix,HAM,5,102.113,101.65,101.17699999999999
2023,4,Azerbaijan Grand Prix,ALO,6,101.72,101.37,101.253
2023,4,Azerbaijan Grand Prix,NOR,7,102.154,101.485,101.281
2023,4,Azerbaijan Grand Prix,TSU,8,102.23400000000001,101.569,101.581
2023,4,Azerbaijan Grand Prix,STR,9,102.524,101.576,101.61099999999999
2023,4,Azerbaijan Grand Prix,PIA,10,102.455,101.636,101.61099999999999
2023,4,Azerbaijan Grand Prix,RUS,11,102.07300000000001,101.654,
2023,4,Azerbaijan Grand Prix,OCO,12,102.622,101.798,
2023,4,Azerbaijan Grand Prix,ALB,13,102.17099999999999,101.818,
2023,4,Azerbaijan Grand Prix,BOT,14,102.582,102.259,
2023,4,Azerbaijan Grand Prix,SAR,15,102.24199999999999,102.39500000000001,
2023,4,Azerbaijan Grand Prix,ZHO,16,102.642,,
2023,4,Azerbaijan Grand Prix,HUL,17,102.755,,
2023,4,Azerbaijan Grand Prix,MAG,18,103.417,,
2023,4,Azerbaijan Grand Prix,GAS,19,104.85300000000001,,
2023,4,Azerbaijan Grand Prix,DEV,20,115.282,,
2023,5,Miami Grand Prix,PER,1,87.713,87.328,86.84100000000001
2023,5,Miami Grand Prix,ALO,2,88.179,87.09700000000001,87.202
2023,5,Miami Grand Prix,SAI,3,87.686,87.148,87.349
2023,5,Miami Grand Prix,MAG,4,87.809,87.673,87.767
2023,5,Miami Grand Prix,GAS,5,88.061,87.612,87.786
2023,5,Miami Grand Prix,RUS,6,88.086,87.743,87.804
2023,5,Miami Grand Prix,LEC,7,87.713,86.964,87.861
2023,5,Miami Grand Prix,OCO,8,87.872,87.444,87.935
2023,5,Miami Grand Prix,VER,9,87.363,86.814,
2023,5,Miami Grand Prix,BOT,10,87.864,87.564,
2023,5,Miami Grand Prix,ALB,11,88.23400000000001,87.795,
2023,5,Miami Grand Prix,HUL,12,87.945,87.90299999999999,
2023,5,Miami Grand Prix,HAM,13,87.846,87.975,
2023,5,Miami Grand Prix,ZHO,14,88.18,88.09100000000001,
2023,5,Miami Grand Prix,DEV,15,88.325,88.395,
2023,5,Miami Grand Prix,NOR,16,88.394,,
2023,5,Miami Grand Prix,TSU,17,88.429,,
2023,5,Miami Grand Prix,STR,18,88.476,,
2023,5,Miami Grand Prix,PIA,19,88.48400000000001,,
2023,5,Miami Grand Prix,SAR,20,88.577,,
2023,6,Monaco Grand Prix,VER,1,72.386,71.908,71.365
2023,6,Monaco Grand Prix,ALO,2,72.886,72.107,71.449
2023,6,Monaco Grand Prix,LEC,3,72.912,72.103,71.471
2023,6,Monaco Grand Prix,OCO,4,72.967,72.248,71.553
2023,6,Monaco Grand Prix,SAI,5,72.717,72.21000000000001,71.63
2023,6,Monaco Grand Prix,HAM,6,72.872,72.156,71.725
2023,6,Monaco Grand Prix,GAS,7,73.033,72.169,71.93299999999999
2023,6,Monaco Grand Prix,RUS,8,72.769,72.151,71.964
2023,6,Monaco Grand Prix,TSU,9,72.642,72.249,72.082
2023,6,Monaco Grand Prix,NOR,10,72.877,72.377,72.254
2023,6,Monaco Grand Prix,PIA,11,73.006,72.395,
2023,6,Monaco Grand Prix,DEV,12,73.054,72.428,
2023,6,Monaco Grand Prix,ALB,13,72.706,72.527,
2023,6,Monaco Grand Prix,STR,14,72.722,72.623,
2023,6,Monaco Grand Prix,BOT,15,73.038,72.625,
2023,6,Monaco Grand Prix,SAR,16,73.113,,
2023,6,Monaco Grand Prix,MAG,17,73.27,,
2023,6,Monaco Grand Prix,HUL,18,73.279,,
2023,6,Monaco Grand Prix,ZHO,19,73.523,,
2023,6,Monaco Grand Prix,PER,20,73.85,,
2023,7,Spanish Grand Prix,VER,1,73.615,72.76,72.272
2023,7,Spanish Grand Prix,SAI,2,73.411,72.78999999999999,72.734
2023,7,Spanish Grand Prix,NOR,3,73.295,72.776,72.792
2023,7,Spanish Grand Prix,GAS,4,73.471,73.186,72.816
2023,7,Spanish Grand Prix,HAM,5,72.937,72.999,72.818
2023,7,Spanish Grand Prix,STR,6,73.766,73.082,72.994
2023,7,Spanish Grand Prix,OCO,7,73.43299999999999,73.001,73.083
2023,7,Spanish Grand Prix,HUL,8,73.42,73.283,73.229
2023,7,Spanish Grand Prix,ALO,9,73.747,73.098,73.507
2023,7,Spanish Grand Prix,PIA,10,73.691,73.059,73.682
2023,7,Spanish Grand Prix,PER,11,73.874,73.334,
2023,7,Spanish Grand Prix,RUS,12,73.326,73.447,
2023,7,Spanish Grand Prix,ZHO,13,73.67699999999999,73.521,
2023,7,Spanish Grand Prix,DEV,14,73.581,74.083,
2023,7,Spanish Grand Prix,TSU,15,73.862,74.477,
2023,7,Spanish Grand Prix,BOT,16,73.977,,
2023,7,Spanish Grand Prix,MAG,17,74.042,,
2023,7,Spanish Grand Prix,ALB,18,74.063,,
2023,7,Spanish Grand Prix,LEC,19,74.07900000000001,,
2023,7,Spanish Grand Prix,SAR,20,74.699,,
2023,8,Canadian Grand Prix,VER,1,80.851,79.092,85.858
2023,8,Canadian Grand Prix,HUL,2,82.73,80.305,87.102
2023,8,Canadian Grand Prix,ALO,3,81.481,79.776,87.286
2023,8,Canadian Grand Prix,HAM,4,81.554,80.426,87.627
2023,8,Canadian Grand Prix,RUS,5,81.798,80.098,87.893
2023,8,Canadian Grand Prix,OCO,6,82.114,80.406,87.945
2023,8,Canadian Grand Prix,NOR,7,81.998,79.34700000000001,88.04599999999999
2023,8,Canadian Grand Prix,SAI,8,82.248,79.856,89.294
2023,8,Canadian Grand Prix,PIA,9,82.19,79.65899999999999,91.349
2023,8,Canadian Grand Prix,ALB,10,81.938,78.725,
2023,8,Canadian Grand Prix,LEC,11,81.843,80.615,
2023,8,Canadian Grand Prix,PER,12,82.151,80.959,
2023,8,Canadian Grand Prix,STR,13,82.67699999999999,81.48400000000001,
2023,8,Canadian Grand Prix,MAG,14,82.351,81.678,
2023,8,Canadian Grand Prix,BOT,15,82.332,81.821,
2023,8,Canadian Grand Prix,TSU,16,82.746,,
2023,8,Canadian Grand Prix,GAS,17,82.886,,
2023,8,Canadian Grand Prix,DEV,18,83.137,,
2023,8,Canadian Grand Prix,SAR,19,83.337,,
2023,8,Canadian Grand Prix,ZHO,20,83.342,,
2023,9,Austrian Grand Prix,VER,1,65.116,64.951,64.391
2023,9,Austrian Grand Prix,LEC,2,65.577,65.087,64.439
2023,9,Austrian Grand Prix,SAI,3,65.339,64.975,64.581
2023,9,Austrian Grand Prix,NOR,4,65.617,65.038,64.658
2023,9,Austrian Grand Prix,HAM,5,65.673,65.188,64.819
2023,9,Austrian Grand Prix,STR,6,65.71,65.121,64.893
2023,9,Austrian Grand Prix,ALO,7,65.655,65.181,64.911
2023,9,Austrian Grand Prix,HUL,8,65.74,65.362,65.09
2023,9,Austrian Grand Prix,GAS,9,65.515,65.30799999999999,65.17
2023,9,Austrian Grand Prix,ALB,10,65.673,65.387,65.82300000000001
2023,9,Austrian Grand Prix,RUS,11,65.686,65.428,
2023,9,Austrian Grand Prix,OCO,12,65.729,65.453,
2023,9,Austrian Grand Prix,PIA,13,65.68299999999999,65.605,
2023,9,Austrian Grand Prix,BOT,14,65.763,65.68,
2023,9,Austrian Grand Prix,PER,15,65.17699999999999,126.688,
2023,9,Austrian Grand Prix,TSU,16,65.784,,
2023,9,Austrian Grand Prix,ZHO,17,65.818,,
2023,9,Austrian Grand Prix,SAR,18,65.94800000000001,,
2023,9,Austrian Grand Prix,MAG,19,65.971,,
2023,9,Austrian Grand Prix,DEV,20,65.974,,
2023,10,British Grand Prix,VER,1,89.428,87.702,86.72
2023,10,British Grand Prix,NOR,2,88.917,88.042,86.961
2023,10,British Grand Prix,PIA,3,89.874,87.845,87.092
2023,10,British Grand Prix,LEC,4,89.143,88.361,87.136
2023,10,British Grand Prix,SAI,5,89.865,88.265,87.148
2023,10,British Grand Prix,RUS,6,89.412,88.782,87.155
2023,10,British Grand Prix,HAM,7,89.41499999999999,88.545,87.211
2023,10,British Grand Prix,ALB,8,89.46600000000001,88.06700000000001,87.53
2023,10,British Grand Prix,ALO,9,89.949,88.368,87.65899999999999
2023,10,British Grand Prix,GAS,10,89.533,88.751,87.689
2023,10,British Grand Prix,HUL,11,89.60300000000001,88.896,
2023,10,British Grand Prix,STR,12,89.44800000000001,88.935,
2023,10,British Grand Prix,OCO,13,89.7,88.956,
2023,10,British Grand Prix,SAR,14,89.873,89.031,
2023,10,British Grand Prix,PER,15,89.968,,
2023,10,British Grand Prix,BOT,15,89.798,,
2023,10,British Grand Prix,TSU,16,90.025,,
2023,10,British Grand Prix,ZHO,17,90.123,,
2023,10,British Grand Prix,DEV,18,90.513,,
2023,10,British Grand Prix,MAG,19,92.378,,
2023,11,Hungarian Grand Prix,HAM,1,78.577,77.42699999999999,76.60900000000001
2023,11,Hungarian Grand Prix,VER,2,78.318,77.547,76.612
2023,11,Hungarian Grand Prix,NOR,3,78.697,77.328,76.694
2023,11,Hungarian Grand Prix,PIA,4,78.464,77.571,76.905
2023,11,Hungarian Grand Prix,ZHO,5,78.143,77.7,76.971
2023,11,Hungarian Grand Prix,LEC,6,78.44,77.58,76.992
2023,11,Hungarian Grand Prix,BOT,7,78.775,77.563,77.03399999999999
2023,11,Hungarian Grand Prix,ALO,8,78.58,77.701,77.035
2023,11,Hungarian Grand Prix,PER,9,78.36,77.675,77.045
2023,11,Hungarian Grand Prix,HUL,10,78.695,77.652,77.186
2023,11,Hungarian Grand Prix,SAI,11,78.393,77.703,
2023,11,Hungarian Grand Prix,OCO,12,78.854,77.84100000000001,
2023,11,Hungarian Grand Prix,RIC,13,78.906,78.002,
2023,11,Hungarian Grand Prix,STR,14,78.782,78.144,
2023,11,Hungarian Grand Prix,GAS,15,78.743,78.217,
2023,11,Hungarian Grand Prix,ALB,16,78.917,,
2023,11,Hungarian Grand Prix,TSU,17,78.919,,
2023,11,Hungarian Grand Prix,RUS,18,79.027,,
2023,11,Hungarian Grand Prix,MAG,19,79.206,,
2023,11,Hungarian Grand Prix,SAR,20,79.248,,
2023,12,Belgian Grand Prix,VER,1,118.515,112.78399999999999,106.168
2023,12,Belgian Grand Prix,LEC,2,118.3,112.017,106.988
2023,12,Belgian Grand Prix,PER,3,118.899,112.35300000000001,107.045
2023,12,Belgian Grand Prix,HAM,4,118.563,112.345,107.087
2023,12,Belgian Grand Prix,SAI,5,118.688,111.711,107.152
2023,12,Belgian Grand Prix,PIA,6,118.872,111.53399999999999,107.36500000000001
2023,12,Belgian Grand Prix,NOR,7,119.981,112.25200000000001,107.669
2023,12,Belgian Grand Prix,RUS,8,119.035,112.60499999999999,107.805
2023,12,Belgian Grand Prix,ALO,9,118.834,112.751,107.843
2023,12,Belgian Grand Prix,STR,10,119.663,112.193,108.84100000000001
2023,12,Belgian Grand Prix,TSU,11,119.044,113.148,
2023,12,Belgian Grand Prix,GAS,12,119.511,113.67099999999999,
2023,12,Belgian Grand Prix,MAG,13,120.02,114.16,
2023,12,Belgian Grand Prix,BOT,14,119.48400000000001,114.694,
2023,12,Belgian Grand Prix,OCO,15,119.634,116.372,
2023,12,Belgian Grand Prix,ALB,16,120.314,,
2023,12,Belgian Grand Prix,ZHO,17,120.832,,
2023,12,Belgian Grand Prix,SAR,18,121.535,,
2023,12,Belgian Grand Prix,RIC,19,122.159,,
2023,12,Belgian Grand Prix,HUL,20,123.166,,
2023,13,Dutch Grand Prix,VER,1,80.965,78.856,70.56700000000001
2023,13,Dutch Grand Prix,NOR,2,81.276,79.769,71.104
2023,13,Dutch Grand Prix,RUS,3,81.345,79.62,71.294
2023,13,Dutch Grand Prix,ALB,4,80.939,79.399,71.419
2023,13,Dutch Grand Prix,ALO,5,81.84,79.429,71.506
2023,13,Dutch Grand Prix,SAI,6,81.321,79.929,71.754
2023,13,Dutch Grand Prix,PER,7,81.97200000000001,79.856,71.88
2023,13,Dutch Grand Prix,PIA,8,81.231,79.392,71.938
2023,13,Dutch Grand Prix,LEC,9,82.019,79.6,72.66499999999999
2023,13,Dutch Grand Prix,SAR,10,82.036,80.06700000000001,76.748
2023,13,Dutch Grand Prix,STR,11,81.57,80.121,
2023,13,Dutch Grand Prix,GAS,12,81.735,80.128,
2023,13,Dutch Grand Prix,HAM,13,81.919,80.151,
2023,13,Dutch Grand Prix,TSU,14,81.781,80.23,
2023,13,Dutch Grand Prix,HUL,15,81.89099999999999,80.25,
2023,13,Dutch Grand Prix,ZHO,16,82.06700000000001,,
2023,13,Dutch Grand Prix,OCO,17,82.11,,
2023,13,Dutch Grand Prix,MAG,18,82.19200000000001,,
2023,13,Dutch Grand Prix,BOT,19,82.26,,
2023,13,Dutch Grand Prix,LAW,20,83.42,,
2023,14,Italian Grand Prix,SAI,1,81.965,80.991,80.294
2023,14,Italian Grand Prix,VER,2,81.57300000000001,80.937,80.307
2023,14,Italian Grand Prix,LEC,3,81.788,80.977,80.361
2023,14,Italian Grand Prix,RUS,4,82.148,81.382,80.67099999999999
2023,14,Italian Grand Prix,PER,5,81.911,81.24,80.688
2023,14,Italian Grand Prix,ALB,6,81.661,81.27199999999999,80.76
2023,14,Italian Grand Prix,PIA,7,82.106,81.527,80.785
2023,14,Italian Grand Prix,HAM,8,81.977,81.369,80.82
2023,14,Italian Grand Prix,NOR,9,81.995,81.581,80.979
2023,14,Italian Grand Prix,ALO,10,82.043,81.543,81.417
2023,14,Italian Grand Prix,TSU,11,81.852,81.594,
2023,14,Italian Grand Prix,LAW,12,82.112,81.758,
2023,14,Italian Grand Prix,HUL,13,82.343,81.776,
2023,14,Italian Grand Prix,BOT,14,82.249,81.94,
2023,14,Italian Grand Prix,SAR,15,81.93,81.944,
2023,14,Italian Grand Prix,ZHO,16,82.39,,
2023,14,Italian Grand Prix,GAS,17,82.545,,
2023,14,Italian Grand Prix,OCO,18,82.548,,
2023,14,Italian Grand Prix,MAG,19,82.592,,
2023,14,Italian Grand Prix,STR,20,82.86,,
2023,15,Singapore Grand Prix,SAI,1,92.339,91.439,90.98400000000001
2023,15,Singapore Grand Prix,RUS,2,92.331,91.743,91.056
2023,15,Singapore Grand Prix,LEC,3,92.406,92.012,91.063
2023,15,Singapore Grand Prix,NOR,4,92.483,91.951,91.27
2023,15,Singapore Grand Prix,HAM,5,92.65100000000001,92.019,91.485
2023,15,Singapore Grand Prix,MAG,6,92.24199999999999,91.892,91.575
2023,15,Singapore Grand Prix,ALO,7,92.584,91.83500000000001,91.615
2023,15,Singapore Grand Prix,OCO,8,92.369,92.089,91.673
2023,15,Singapore Grand Prix,HUL,9,92.1,91.994,91.80799999999999
2023,15,Singapore Grand Prix,LAW,10,92.215,92.166,92.268
2023,15,Singapore Grand Prix,VER,11,92.398,92.173,
2023,15,Singapore Grand Prix,GAS,12,92.452,92.274,
2023,15,Singapore Grand Prix,PER,13,92.09899999999999,92.31,
2023,15,Singapore Grand Prix,ALB,14,92.668,93.719,
2023,15,Singapore Grand Prix,TSU,15,91.991,,
2023,15,Singapore Grand Prix,BOT,16,92.809,,
2023,15,Singapore Grand Prix,PIA,17,92.902,,
2023,15,Singapore Grand Prix,SAR,18,93.25200000000001,,
2023,15,Singapore Grand Prix,ZHO,19,93.25800000000001,,
2023,15,Singapore Grand Prix,STR,20,93.39699999999999,,
2023,16,Japanese Grand Prix,VER,1,89.878,89.964,88.877
2023,16,Japanese Grand Prix,PIA,2,90.439,90.122,89.458
2023,16,Japanese Grand Prix,NOR,3,90.063,90.29599999999999,89.493
2023,16,Japanese Grand Prix,LEC,4,90.393,89.94,89.542
2023,16,Japanese Grand Prix,PER,5,90.652,89.965,89.65
2023,16,Japanese Grand Prix,SAI,6,90.651,90.06700000000001,89.85
2023,16,Japanese Grand Prix,HAM,7,90.811,90.03999999999999,89.908
2023,16,Japanese Grand Prix,RUS,8,90.811,90.268,90.219
2023,16,Japanese Grand Prix,TSU,9,90.733,90.20400000000001,90.303
2023,16,Japanese Grand Prix,ALO,10,90.971,90.465,90.56
2023,16,Japanese Grand Prix,LAW,11,90.425,90.508,
2023,16,Japanese Grand Prix,GAS,12,90.843,90.509,
2023,16,Japanese Grand Prix,ALB,13,90.941,90.537,
2023,16,Japanese Grand Prix,OCO,14,90.96000000000001,90.586,
2023,16,Japanese Grand Prix,MAG,15,90.976,90.66499999999999,
2023,16,Japanese Grand Prix,BOT,16,91.049,,
2023,16,Japanese Grand Prix,STR,17,91.181,,
2023,16,Japanese Grand Prix,HUL,18,91.299,,
2023,16,Japanese Grand Prix,ZHO,19,91.398,,
2023,16,Japanese Grand Prix,SAR,20,,,
2023,17,Qatar Grand Prix,VER,1,85.007,84.483,83.77799999999999
2023,17,Qatar Grand Prix,RUS,2,85.334,84.827,84.219
2023,17,Qatar Grand Prix,HAM,3,86.076,84.381,84.305
2023,17,Qatar Grand Prix,ALO,4,85.223,85.241,84.369
2023,17,Qatar Grand Prix,LEC,5,85.452,85.07900000000001,84.424
2023,17,Qatar Grand Prix,PIA,6,85.26599999999999,84.724,84.53999999999999
2023,17,Qatar Grand Prix,GAS,7,85.566,84.918,84.553
2023,17,Qatar Grand Prix,OCO,8,85.711,84.928,84.763
2023,17,Qatar Grand Prix,BOT,9,86.038,85.297,85.05799999999999
2023,17,Qatar Grand Prix,NOR,10,85.131,84.685,
2023,17,Qatar Grand Prix,TSU,11,86.05799999999999,85.301,
2023,17,Qatar Grand Prix,SAI,12,85.80799999999999,85.328,
2023,17,Qatar Grand Prix,PER,13,85.991,85.462,
2023,17,Qatar Grand Prix,ALB,14,86.118,85.707,
2023,17,Qatar Grand Prix,HUL,15,85.904,85.783,
2023,17,Qatar Grand Prix,SAR,16,86.21000000000001,,
2023,17,Qatar Grand Prix,STR,17,86.345,,
2023,17,Qatar Grand Prix,LAW,18,86.635,,
2023,17,Qatar Grand Prix,MAG,19,87.04599999999999,,
2023,17,Qatar Grand Prix,ZHO,20,87.432,,
2023,18,United States Grand Prix,LEC,1,96.061,95.00399999999999,94.723
2023,18,United States Grand Prix,NOR,2,95.11,95.441,94.85300000000001
2023,18,United States Grand Prix,HAM,3,95.09100000000001,95.24000000000001,94.862
2023,18,United States Grand Prix,SAI,4,95.824,95.30199999999999,94.945
2023,18,United States Grand Prix,RUS,5,96.16499999999999,95.606,95.07900000000001
2023,18,United States Grand Prix,VER,6,95.346,95.00800000000001,95.081
2023,18,United States Grand Prix,GAS,7,96.158,95.49600000000001,95.089
2023,18,United States Grand Prix,OCO,8,96.131,95.413,95.154
2023,18,United States Grand Prix,PER,9,95.989,95.679,95.173
2023,18,United States Grand Prix,PIA,10,96.064,95.576,95.467
2023,18,United States Grand Prix,TSU,11,95.913,95.697,
2023,18,United States Grand Prix,ZHO,12,96.05199999999999,95.69800000000001,
2023,18,United States Grand Prix,BOT,13,96.082,95.858,
2023,18,United States Grand Prix,MAG,14,96.009,95.88,
2023,18,United States Grand Prix,RIC,15,96.213,95.97399999999999,
2023,18,United States Grand Prix,HUL,16,96.235,,
2023,18,United States Grand Prix,ALO,17,96.268,,
2023,18,United States Grand Prix,ALB,18,96.315,,
2023,18,United States Grand Prix,STR,19,96.589,,
2023,18,United States Grand Prix,SAR,20,96.827,,
2023,19,Mexico City Grand Prix,LEC,1,78.401,77.901,77.166
2023,19,Mexico City Grand Prix,SAI,2,78.755,78.382,77.233
2023,19,Mexico City Grand Prix,VER,3,78.099,77.625,77.263
2023,19,Mexico City Grand Prix,RIC,4,78.34100000000001,77.706,77.382
2023,19,Mexico City Grand Prix,PER,5,78.553,78.124,77.423
2023,19,Mexico City Grand Prix,HAM,6,78.67699999999999,77.571,77.45400000000001
2023,19,Mexico City Grand Prix,PIA,7,78.241,77.874,77.623
2023,19,Mexico City Grand Prix,RUS,8,78.893,77.673,77.674
2023,19,Mexico City Grand Prix,BOT,9,78.429,78.01599999999999,78.032
2023,19,Mexico City Grand Prix,ZHO,10,79.01599999999999,78.44,78.05
2023,19,Mexico City Grand Prix,GAS,11,78.945,78.521,
2023,19,Mexico City Grand Prix,HUL,12,78.969,78.524,
2023,19,Mexico City Grand Prix,ALO,13,78.848,78.738,
2023,19,Mexico City Grand Prix,ALB,14,78.828,79.14699999999999,
2023,19,Mexico City Grand Prix,TSU,15,78.89,,
2023,19,Mexico City Grand Prix,OCO,16,79.08,,
2023,19,Mexico City Grand Prix,MAG,17,79.163,,
2023,19,Mexico City Grand Prix,STR,18,79.227,,
2023,19,Mexico City Grand Prix,NOR,19,81.554,,
2023,19,Mexico City Grand Prix,SAR,20,,,
2023,20,São Paulo Grand Prix,VER,1,70.436,70.162,70.727
2023,20,São Paulo Grand Prix,LEC,2,70.472,70.303,71.021
2023,20,São Paulo Grand Prix,STR,3,70.551,70.375,71.344
2023,20,São Paulo Grand Prix,ALO,4,70.557,70.237,71.387
2023,20,São Paulo Grand Prix,HAM,5,70.604,70.266,71.469
2023,20,São Paulo Grand Prix,RUS,6,70.34,70.316,71.59
2023,20,São Paulo Grand Prix,NOR,7,70.623,70.021,71.987
2023,20,São Paulo Grand Prix,SAI,8,70.624,70.254,71.989
2023,20,São Paulo Grand Prix,PER,9,70.668,70.219,72.321
2023,20,São Paulo Grand Prix,PIA,10,70.519,70.33,
2023,20,São Paulo Grand Prix,HUL,11,70.475,70.547,
2023,20,São Paulo Grand Prix,OCO,12,70.763,70.562,
2023,20,São Paulo Grand Prix,GAS,13,70.793,70.56700000000001,
2023,20,São Paulo Grand Prix,MAG,14,70.602,70.723,
2023,20,São Paulo Grand Prix,ALB,15,70.621,70.84,
2023,20,São Paulo Grand Prix,TSU,16,70.837,,
2023,20,São Paulo Grand Prix,RIC,17,70.843,,
2023,20,São Paulo Grand Prix,BOT,18,70.955,,
2023,20,São Paulo Grand Prix,SAR,19,71.035,,
2023,20,São Paulo Grand Prix,ZHO,20,71.275,,
2023,21,Las Vegas Grand Prix,LEC,1,93.61699999999999,92.775,92.726
2023,21,Las Vegas Grand Prix,SAI,2,93.851,93.338,92.77000000000001
2023,21,Las Vegas Grand Prix,VER,3,94.19,93.572,93.104
2023,21,Las Vegas Grand Prix,RUS,4,94.137,93.351,93.112
2023,21,Las Vegas Grand Prix,GAS,5,94.27199999999999,93.494,93.239
2023,21,Las Vegas Grand Prix,ALB,6,94.634,93.588,93.32300000000001
2023,21,Las Vegas Grand Prix,SAR,7,94.525,93.733,93.513
2023,21,Las Vegas Grand Prix,BOT,8,94.305,93.809,93.525
2023,21,Las Vegas Grand Prix,MAG,9,94.337,93.664,93.537
2023,21,Las Vegas Grand Prix,ALO,10,94.422,93.61699999999999,93.555
2023,21,Las Vegas Grand Prix,HAM,11,94.307,93.837,
2023,21,Las Vegas Grand Prix,PER,12,94.574,93.85499999999999,
2023,21,Las Vegas Grand Prix,HUL,13,94.265,93.979,
2023,21,Las Vegas Grand Prix,STR,14,94.50399999999999,94.199,
2023,21,Las Vegas Grand Prix,RIC,15,94.68299999999999,94.30799999999999,
2023,21,Las Vegas Grand Prix,NOR,16,94.703,,
2023,21,Las Vegas Grand Prix,OCO,17,94.834,,
2023,21,Las Vegas Grand Prix,ZHO,18,94.84899999999999,,
2023,21,Las Vegas Grand Prix,PIA,19,94.85,,
2023,21,Las Vegas Grand Prix,TSU,20,96.447,,
2023,22,Abu Dhabi Grand Prix,VER,1,84.16,83.74,83.445
2023,22,Abu Dhabi Grand Prix,LEC,2,84.459,83.969,83.584
2023,22,Abu Dhabi Grand Prix,PIA,3,84.487,84.27799999999999,83.782
2023,22,Abu Dhabi Grand Prix,RUS,4,84.337,84.013,83.788
2023,22,Abu Dhabi Grand Prix,NOR,5,84.368,83.92,83.816
2023,22,Abu Dhabi Grand Prix,TSU,6,84.286,84.207,83.968
2023,22,Abu Dhabi Grand Prix,ALO,7,84.501,84.131,84.084
2023,22,Abu Dhabi Grand Prix,HUL,8,84.425,84.213,84.108
2023,22,Abu Dhabi Grand Prix,PER,9,84.209,84.116,84.17099999999999
2023,22,Abu Dhabi Grand Prix,GAS,10,84.6,84.078,84.548
2023,22,Abu Dhabi Grand Prix,HAM,11,84.437,84.35900000000001,
2023,22,Abu Dhabi Grand Prix,OCO,12,84.565,84.39099999999999,
2023,22,Abu Dhabi Grand Prix,STR,13,84.405,84.422,
2023,22,Abu Dhabi Grand Prix,ALB,14,84.298,84.439,
2023,22,Abu Dhabi Grand Prix,RIC,15,84.461,84.44200000000001,
2023,22,Abu Dhabi Grand Prix,SAI,16,84.738,,
2023,22,Abu Dhabi Grand Prix,MAG,17,84.764,,
2023,22,Abu Dhabi Grand Prix,BOT,18,84.788,,
2023,22,Abu Dhabi Grand Prix,ZHO,19,85.15899999999999,,
2023,22,Abu Dhabi Grand Prix,SAR,20,,,
2024,1,Bahrain Grand Prix,VER,1,90.031,89.374,89.179
2024,1,Bahrain Grand Prix,LEC,2,90.243,89.16499999999999,89.407
2024,1,Bahrain Grand Prix,RUS,3,90.35,89.922,89.485
2024,1,Bahrain Grand Prix,SAI,4,89.90899999999999,89.57300000000001,89.507
2024,1,Bahrain Grand Prix,PER,5,90.221,89.932,89.537
2024,1,Bahrain Grand Prix,ALO,6,90.179,89.801,89.542
2024,1,Bahrain Grand Prix,NOR,7,90.143,89.941,89.614
2024,1,Bahrain Grand Prix,PIA,8,90.531,90.122,89.68299999999999
2024,1,Bahrain Grand Prix,HAM,9,90.451,89.718,89.71000000000001
2024,1,Bahrain Grand Prix,HUL,10,90.566,89.851,90.502
2024,1,Bahrain Grand Prix,TSU,11,90.481,90.129,
2024,1,Bahrain Grand Prix,STR,12,89.965,90.2,
2024,1,Bahrain Grand Prix,ALB,13,90.39699999999999,90.221,
2024,1,Bahrain Grand Prix,RIC,14,90.562,90.27799999999999,
2024,1,Bahrain Grand Prix,MAG,15,90.646,90.529,
2024,1,Bahrain Grand Prix,BOT,16,90.756,,
2024,1,Bahrain Grand Prix,ZHO,17,90.757,,
2024,1,Bahrain Grand Prix,SAR,18,90.77,,
2024,1,Bahrain Grand Prix,OCO,19,90.793,,
2024,1,Bahrain Grand Prix,GAS,20,90.94800000000001,,
2024,2,Saudi Arabian Grand Prix,VER,1,88.17099999999999,88.033,87.47200000000001
2024,2,Saudi Arabian Grand Prix,LEC,2,88.318,88.112,87.791
2024,2,Saudi Arabian Grand Prix,PER,3,88.638,88.467,87.807
2024,2,Saudi Arabian Grand Prix,ALO,4,88.706,88.122,87.846
2024,2,Saudi Arabian Grand Prix,PIA,5,88.755,88.343,88.089
2024,2,Saudi Arabian Grand Prix,NOR,6,88.805,88.479,88.132
2024,2,Saudi Arabian Grand Prix,RUS,7,88.749,88.44800000000001,88.316
2024,2,Saudi Arabian Grand Prix,HAM,8,88.994,88.606,88.46000000000001
2024,2,Saudi Arabian Grand Prix,TSU,9,88.988,88.564,88.547
2024,2,Saudi Arabian Grand Prix,STR,10,88.25,88.578,88.572
2024,2,Saudi Arabian Grand Prix,BEA,11,88.98400000000001,88.642,
2024,2,Saudi Arabian Grand Prix,ALB,12,89.107,88.98,
2024,2,Saudi Arabian Grand Prix,MAG,13,89.069,89.02,
2024,2,Saudi Arabian Grand Prix,RIC,14,89.065,89.025,
2024,2,Saudi Arabian Grand Prix,HUL,15,89.055,,
2024,2,Saudi Arabian Grand Prix,BOT,16,89.179,,
2024,2,Saudi Arabian Grand Prix,OCO,17,89.475,,
2024,2,Saudi Arabian Grand Prix,GAS,18,89.479,,
2024,2,Saudi Arabian Grand Prix,SAR,19,89.526,,
2024,2,Saudi Arabian Grand Prix,ZHO,20,,,
2024,3,Australian Grand Prix,VER,1,76.819,76.387,75.91499999999999
2024,3,Australian Grand Prix,SAI,2,76.731,76.189,76.185
2024,3,Australian Grand Prix,PER,3,76.805,76.631,76.274
2024,3,Australian Grand Prix,NOR,4,77.43,76.75,76.315
2024,3,Australian Grand Prix,LEC,5,76.98400000000001,76.304,76.435
2024,3,Australian Grand Prix,PIA,6,77.369,76.601,76.572
2024,3,Australian Grand Prix,RUS,7,77.062,76.901,76.724
2024,3,Australian Grand Prix,TSU,8,77.356,76.791,76.788
2024,3,Australian Grand Prix,STR,9,77.376,76.78,77.072
2024,3,Australian Grand Prix,ALO,10,76.991,76.71000000000001,77.55199999999999
2024,3,Australian Grand Prix,HAM,11,77.499,76.96000000000001,
2024,3,Australian Grand Prix,ALB,12,77.13,77.167,
2024,3,Australian Grand Prix,BOT,13,77.543,77.34,
2024,3,Australian Grand Prix,MAG,14,77.709,77.42699999999999,
2024,3,Australian Grand Prix,OCO,15,77.617,77.697,
2024,3,Australian Grand Prix,HUL,16,77.976,,
2024,3,Australian Grand Prix,GAS,17,77.982,,
2024,3,Australian Grand Prix,RIC,18,78.08500000000001,,
2024,3,Australian Grand Prix,ZHO,19,78.188,,
2024,4,Japanese Grand Prix,VER,1,88.866,88.74,88.197
2024,4,Japanese Grand Prix,PER,2,89.303,88.752,88.263
2024,4,Japanese Grand Prix,NOR,3,89.536,88.94,88.489
2024,4,Japanese Grand Prix,SAI,4,89.513,89.099,88.682
2024,4,Japanese Grand Prix,ALO,5,89.254,89.082,88.686
2024,4,Japanese Grand Prix,PIA,6,89.425,89.148,88.76
2024,4,Japanese Grand Prix,HAM,7,89.661,88.887,88.76599999999999
2024,4,Japanese Grand Prix,LEC,8,89.338,89.196,88.786
2024,4,Japanese Grand Prix,RUS,9,89.799,89.14,89.008
2024,4,Japanese Grand Prix,TSU,10,89.775,89.417,89.413
2024,4,Japanese Grand Prix,RIC,11,89.727,89.47200000000001,
2024,4,Japanese Grand Prix,HUL,12,89.821,89.494,
2024,4,Japanese Grand Prix,BOT,13,89.602,89.593,
2024,4,Japanese Grand Prix,ALB,14,89.963,89.714,
2024,4,Japanese Grand Prix,OCO,15,89.811,89.816,
2024,4,Japanese Grand Prix,STR,16,90.024,,
2024,4,Japanese Grand Prix,GAS,17,90.119,,
2024,4,Japanese Grand Prix,MAG,18,90.131,,
2024,4,Japanese Grand Prix,SAR,19,90.139,,
2024,4,Japanese Grand Prix,ZHO,20,90.143,,
2024,5,Chinese Grand Prix,VER,1,94.74199999999999,93.794,93.66
2024,5,Chinese Grand Prix,PER,2,95.457,94.02600000000001,93.982
2024,5,Chinese Grand Prix,ALO,3,95.116,94.652,94.148
2024,5,Chinese Grand Prix,NOR,4,94.842,94.46000000000001,94.16499999999999
2024,5,Chinese Grand Prix,PIA,5,95.01400000000001,94.65899999999999,94.273
2024,5,Chinese Grand Prix,LEC,6,94.797,94.399,94.289
2024,5,Chinese Grand Prix,SAI,7,94.97,94.368,94.297
2024,5,Chinese Grand Prix,RUS,8,95.084,94.60900000000001,94.43299999999999
2024,5,Chinese Grand Prix,HUL,9,95.068,94.667,94.604
2024,5,Chinese Grand Prix,BOT,10,95.169,94.769,94.66499999999999
2024,5,Chinese Grand Prix,STR,11,95.334,94.838,
2024,5,Chinese Grand Prix,RIC,12,95.443,94.934,
2024,5,Chinese Grand Prix,OCO,13,95.356,95.223,
2024,5,Chinese Grand Prix,ALB,14,95.384,95.241,
2024,5,Chinese Grand Prix,GAS,15,95.287,95.463,
2024,5,Chinese Grand Prix,ZHO,16,95.505,,
2024,5,Chinese Grand Prix,MAG,17,95.51599999999999,,
2024,5,Chinese Grand Prix,HAM,18,95.57300000000001,,
2024,5,Chinese Grand Prix,TSU,19,95.74600000000001,,
2024,5,Chinese Grand Prix,SAR,20,96.358,,
2024,6,Miami Grand Prix,VER,1,87.689,87.566,87.241
2024,6,Miami Grand Prix,LEC,2,88.081,87.533,87.382
2024,6,Miami Grand Prix,SAI,3,87.937,87.941,87.455
2024,6,Miami Grand Prix,PER,4,87.77199999999999,87.839,87.46000000000001
2024,6,Miami Grand Prix,NOR,5,87.913,87.871,87.594
2024,6,Miami Grand Prix,PIA,6,88.032,87.721,87.675
2024,6,Miami Grand Prix,RUS,7,88.15899999999999,88.095,88.06700000000001
2024,6,Miami Grand Prix,HAM,8,88.167,87.697,88.107
2024,6,Miami Grand Prix,HUL,9,88.383,88.2,88.146
2024,6,Miami Grand Prix,TSU,10,88.324,88.167,88.19200000000001
2024,6,Miami Grand Prix,STR,11,88.17699999999999,88.22200000000001,
2024,6,Miami Grand Prix,GAS,12,87.976,88.324,
2024,6,Miami Grand Prix,OCO,13,88.209,88.371,
2024,6,Miami Grand Prix,ALB,14,88.343,88.413,
2024,6,Miami Grand Prix,ALO,15,88.453,88.42699999999999,
2024,6,Miami Grand Prix,BOT,16,88.463,,
2024,6,Miami Grand Prix,SAR,17,88.487,,
2024,6,Miami Grand Prix,RIC,18,88.617,,
2024,6,Miami Grand Prix,MAG,19,88.619,,
2024,6,Miami Grand Prix,ZHO,20,88.824,,
2024,7,Emilia Romagna Grand Prix,VER,1,75.762,75.176,74.746
2024,7,Emilia Romagna Grand Prix,PIA,2,75.94,75.407,74.82
2024,7,Emilia Romagna Grand Prix,NOR,3,75.91499999999999,75.371,74.837
2024,7,Emilia Romagna Grand Prix,LEC,4,75.82300000000001,75.328,74.97
2024,7,Emilia Romagna Grand Prix,SAI,5,76.015,75.512,75.233
2024,7,Emilia Romagna Grand Prix,RUS,6,76.107,75.67099999999999,75.234
2024,7,Emilia Romagna Grand Prix,TSU,7,75.894,75.358,75.465
2024,7,Emilia Romagna Grand Prix,HAM,8,76.604,75.67699999999999,75.504
2024,7,Emilia Romagna Grand Prix,RIC,9,76.06,75.691,75.674
2024,7,Emilia Romagna Grand Prix,HUL,10,75.841,75.569,75.98
2024,7,Emilia Romagna Grand Prix,PER,11,76.404,75.706,
2024,7,Emilia Romagna Grand Prix,OCO,12,76.361,75.906,
2024,7,Emilia Romagna Grand Prix,STR,13,76.458,75.992,
2024,7,Emilia Romagna Grand Prix,ALB,14,76.524,76.2,
2024,7,Emilia Romagna Grand Prix,GAS,15,76.015,76.381,
2024,7,Emilia Romagna Grand Prix,BOT,16,76.626,,
2024,7,Emilia Romagna Grand Prix,ZHO,17,76.834,,
2024,7,Emilia Romagna Grand Prix,MAG,18,76.854,,
2024,7,Emilia Romagna Grand Prix,ALO,19,76.917,,
2024,7,Emilia Romagna Grand Prix,SAR,20,,,
2024,8,Monaco Grand Prix,LEC,1,71.584,70.825,70.27
2024,8,Monaco Grand Prix,PIA,2,71.5,70.756,70.424
2024,8,Monaco Grand Prix,SAI,3,71.543,71.075,70.518
2024,8,Monaco Grand Prix,NOR,4,71.76,70.732,70.542
2024,8,Monaco Grand Prix,RUS,5,71.492,70.929,70.543
2024,8,Monaco Grand Prix,VER,6,71.711,70.745,70.56700000000001
2024,8,Monaco Grand Prix,HAM,7,71.528,71.056,70.621
2024,8,Monaco Grand Prix,TSU,8,71.852,71.106,70.858
2024,8,Monaco Grand Prix,ALB,9,71.623,71.216,70.94800000000001
2024,8,Monaco Grand Prix,GAS,10,71.714,70.896,71.311
2024,8,Monaco Grand Prix,OCO,11,71.887,71.285,
2024,8,Monaco Grand Prix,RIC,12,71.785,71.482,
2024,8,Monaco Grand Prix,STR,13,71.728,71.563,
2024,8,Monaco Grand Prix,ALO,14,72.019,,
2024,8,Monaco Grand Prix,HUL,14,71.876,71.44,
2024,8,Monaco Grand Prix,SAR,15,72.02,,
2024,8,Monaco Grand Prix,MAG,15,71.832,71.725,
2024,8,Monaco Grand Prix,PER,16,72.06,,
2024,8,Monaco Grand Prix,BOT,17,72.512,,
2024,8,Monaco Grand Prix,ZHO,18,73.028,,
2024,9,Canadian Grand Prix,RUS,1,73.013,71.742,72.0
2024,9,Canadian Grand Prix,VER,2,72.36,72.549,72.0
2024,9,Canadian Grand Prix,NOR,3,72.959,72.201,72.021
2024,9,Canadian Grand Prix,PIA,4,72.907,72.462,72.103
2024,9,Canadian Grand Prix,RIC,5,73.24,72.572,72.178
2024,9,Canadian Grand Prix,ALO,6,73.117,72.635,72.228
2024,9,Canadian Grand Prix,HAM,7,72.851,71.979,72.28
2024,9,Canadian Grand Prix,TSU,8,72.748,72.303,72.414
2024,9,Canadian Grand Prix,STR,9,73.088,72.659,72.701
2024,9,Canadian Grand Prix,ALB,10,72.896,72.485,72.79599999999999
2024,9,Canadian Grand Prix,LEC,11,73.107,72.691,
2024,9,Canadian Grand Prix,SAI,12,73.038,72.728,
2024,9,Canadian Grand Prix,SAR,13,73.063,72.736,
2024,9,Canadian Grand Prix,MAG,14,73.217,72.916,
2024,9,Canadian Grand Prix,GAS,15,73.289,72.94,
2024,9,Canadian Grand Prix,PER,16,73.326,,
2024,9,Canadian Grand Prix,BOT,17,73.366,,
2024,9,Canadian Grand Prix,OCO,18,73.435,,
2024,9,Canadian Grand Prix,HUL,19,73.978,,
2024,9,Canadian Grand Prix,ZHO,20,74.292,,
2024,10,Spanish Grand Prix,NOR,1,72.386,71.872,71.383
2024,10,Spanish Grand Prix,VER,2,72.306,71.653,71.403
2024,10,Spanish Grand Prix,HAM,3,72.143,71.792,71.701
2024,10,Spanish Grand Prix,RUS,4,72.456,71.812,71.703
2024,10,Spanish Grand Prix,LEC,5,72.257,72.038,71.731
2024,10,Spanish Grand Prix,SAI,6,72.403,71.874,71.736
2024,10,Spanish Grand Prix,GAS,7,72.651,72.07900000000001,71.857
2024,10,Spanish Grand Prix,PER,8,72.477,72.054,72.061
2024,10,Spanish Grand Prix,OCO,9,72.691,72.109,72.125
2024,10,Spanish Grand Prix,PIA,10,72.46000000000001,72.011,
2024,10,Spanish Grand Prix,ALO,11,72.505,72.128,
2024,10,Spanish Grand Prix,BOT,12,72.758,72.227,
2024,10,Spanish Grand Prix,HUL,13,72.708,72.31,
2024,10,Spanish Grand Prix,STR,14,72.881,72.372,
2024,10,Spanish Grand Prix,ZHO,15,72.88,72.738,
2024,10,Spanish Grand Prix,MAG,16,72.937,,
2024,10,Spanish Grand Prix,TSU,17,72.985,,
2024,10,Spanish Grand Prix,RIC,18,73.075,,
2024,10,Spanish Grand Prix,ALB,19,73.153,,
2024,10,Spanish Grand Prix,SAR,20,73.509,,
2024,11,Austrian Grand Prix,SAI,4,65.263,65.016,64.851
2024,11,Austrian Grand Prix,VER,1,65.336,64.469,64.314
2024,11,Austrian Grand Prix,NOR,2,65.45,65.103,64.718
2024,11,Austrian Grand Prix,RUS,3,65.585,65.016,64.84
2024,11,Austrian Grand Prix,HAM,5,65.541,65.053,64.903
2024,11,Austrian Grand Prix,LEC,6,65.509,65.104,65.044
2024,11,Austrian Grand Prix,PIA,7,65.311,65.07,65.048
2024,11,Austrian Grand Prix,PER,8,65.587,65.144,65.202
2024,11,Austrian Grand Prix,HUL,9,65.596,65.262,65.385
2024,11,Austrian Grand Prix,OCO,10,65.574,65.274,65.883
2024,11,Austrian Grand Prix,RIC,11,65.569,65.289,
2024,11,Austrian Grand Prix,MAG,12,65.508,65.347,
2024,11,Austrian Grand Prix,GAS,13,65.598,65.359,
2024,11,Austrian Grand Prix,TSU,14,65.563,65.412,
2024,11,Austrian Grand Prix,ALO,15,65.656,65.639,
2024,11,Austrian Grand Prix,ALB,16,65.736,,
2024,11,Austrian Grand Prix,STR,17,65.819,,
2024,11,Austrian Grand Prix,BOT,18,65.847,,
2024,11,Austrian Grand Prix,SAR,19,65.856,,
2024,11,Austrian Grand Prix,ZHO,20,66.061,,
2024,12,British Grand Prix,RUS,1,90.106,86.723,85.819
2024,12,British Grand Prix,HAM,2,89.547,86.77,85.99
2024,12,British Grand Prix,NOR,3,91.596,86.559,86.03
2024,12,British Grand Prix,VER,4,91.342,86.79599999999999,86.203
2024,12,British Grand Prix,PIA,5,90.895,86.733,86.237
2024,12,British Grand Prix,HUL,6,91.929,86.84700000000001,86.338
2024,12,British Grand Prix,SAI,7,90.557,86.843,86.509
2024,12,British Grand Prix,STR,8,91.41,86.938,86.58500000000001
2024,12,British Grand Prix,ALB,9,91.135,86.93299999999999,86.64
2024,12,British Grand Prix,ALO,10,91.264,86.73,86.917
2024,12,British Grand Prix,LEC,11,90.496,87.09700000000001,
2024,12,British Grand Prix,SAR,12,91.608,87.175,
2024,12,British Grand Prix,TSU,13,90.994,87.269,
2024,12,British Grand Prix,ZHO,14,91.19,87.867,
2024,12,British Grand Prix,RIC,15,91.291,87.949,
2024,12,British Grand Prix,BOT,16,92.431,,
2024,12,British Grand Prix,MAG,17,92.905,,
2024,12,British Grand Prix,OCO,18,94.557,,
2024,12,British Grand Prix,PER,19,98.348,,
2024,12,British Grand Prix,GAS,20,99.804,,
2024,13,Hungarian Grand Prix,NOR,1,77.755,75.53999999999999,75.227
2024,13,Hungarian Grand Prix,PIA,2,77.504,75.785,75.249
2024,13,Hungarian Grand Prix,VER,3,77.087,75.77,75.273
2024,13,Hungarian Grand Prix,SAI,4,77.244,75.885,75.696
2024,13,Hungarian Grand Prix,HAM,5,77.087,76.307,75.854
2024,13,Hungarian Grand Prix,LEC,6,77.437,75.891,75.905
2024,13,Hungarian Grand Prix,ALO,7,77.624,76.117,76.043
2024,13,Hungarian Grand Prix,STR,8,77.405,76.075,76.244
2024,13,Hungarian Grand Prix,RIC,9,77.05,76.202,76.447
2024,13,Hungarian Grand Prix,TSU,10,77.436,76.121,76.477
2024,13,Hungarian Grand Prix,HUL,11,77.362,76.31700000000001,
2024,13,Hungarian Grand Prix,BOT,12,77.487,76.384,
2024,13,Hungarian Grand Prix,ALB,13,77.28,76.429,
2024,13,Hungarian Grand Prix,SAR,14,77.77,76.543,
2024,13,Hungarian Grand Prix,MAG,15,77.851,76.548,
2024,13,Hungarian Grand Prix,PER,16,77.886,,
2024,13,Hungarian Grand Prix,RUS,17,77.968,,
2024,13,Hungarian Grand Prix,ZHO,18,78.037,,
2024,13,Hungarian Grand Prix,OCO,19,78.049,,
2024,13,Hungarian Grand Prix,GAS,20,78.166,,
2024,14,Belgian Grand Prix,VER,1,114.938,113.837,113.15899999999999
2024,14,Belgian Grand Prix,LEC,2,115.34899999999999,114.193,113.75399999999999
2024,14,Belgian Grand Prix,PER,3,115.13900000000001,114.47,113.765
2024,14,Belgian Grand Prix,HAM,4,115.69200000000001,114.037,113.83500000000001
2024,14,Belgian Grand Prix,NOR,5,115.582,114.358,113.981
2024,14,Belgian Grand Prix,PIA,6,114.83500000000001,114.136,114.027
2024,14,Belgian Grand Prix,RUS,7,115.35300000000001,114.095,114.184
2024,14,Belgian Grand Prix,SAI,8,115.169,114.112,114.477
2024,14,Belgian Grand Prix,ALO,9,115.489,114.25800000000001,114.765
2024,14,Belgian Grand Prix,OCO,10,115.417,114.46000000000001,114.81
2024,14,Belgian Grand Prix,ALB,11,115.72200000000001,114.473,
2024,14,Belgian Grand Prix,GAS,12,114.911,114.63499999999999,
2024,14,Belgian Grand Prix,RIC,13,115.451,114.682,
2024,14,Belgian Grand Prix,BOT,14,115.531,114.76400000000001,
2024,14,Belgian Grand Prix,STR,15,116.072,115.71600000000001,
2024,14,Belgian Grand Prix,HUL,16,116.30799999999999,,
2024,14,Belgian Grand Prix,MAG,17,116.5,,
2024,14,Belgian Grand Prix,TSU,18,116.593,,
2024,14,Belgian Grand Prix,SAR,19,117.22999999999999,,
2024,14,Belgian Grand Prix,ZHO,20,117.775,,
2024,15,Dutch Grand Prix,NOR,1,71.377,70.496,69.673
2024,15,Dutch Grand Prix,VER,2,71.393,70.811,70.029
2024,15,Dutch Grand Prix,PIA,3,71.541,70.505,70.172
2024,15,Dutch Grand Prix,RUS,4,71.049,70.55199999999999,70.244
2024,15,Dutch Grand Prix,PER,5,71.006,70.678,70.416
2024,15,Dutch Grand Prix,LEC,6,71.37,70.689,70.582
2024,15,Dutch Grand Prix,ALO,7,71.493,70.845,70.633
2024,15,Dutch Grand Prix,STR,8,71.518,70.661,70.857
2024,15,Dutch Grand Prix,GAS,9,71.718,70.815,70.977
2024,15,Dutch Grand Prix,SAI,10,71.327,70.914,
2024,15,Dutch Grand Prix,ALB,10,,70.768,70.653
2024,15,Dutch Grand Prix,HAM,11,71.375,70.94800000000001,
2024,15,Dutch Grand Prix,TSU,12,71.603,70.955,
2024,15,Dutch Grand Prix,HUL,13,71.832,71.215,
2024,15,Dutch Grand Prix,MAG,14,71.63,71.295,
2024,15,Dutch Grand Prix,RIC,15,71.943,,
2024,15,Dutch Grand Prix,OCO,16,71.995,,
2024,15,Dutch Grand Prix,BOT,17,72.168,,
2024,15,Dutch Grand Prix,ZHO,18,73.261,,
2024,15,Dutch Grand Prix,SAR,20,,,
2024,16,Italian Grand Prix,NOR,1,79.911,79.727,79.327
2024,16,Italian Grand Prix,PIA,2,80.076,79.80799999999999,79.436
2024,16,Italian Grand Prix,RUS,3,80.169,79.877,79.44
2024,16,Italian Grand Prix,LEC,4,80.074,80.007,79.461
2024,16,Italian Grand Prix,SAI,5,80.149,79.799,79.467
2024,16,Italian Grand Prix,HAM,6,80.477,79.64099999999999,79.513
2024,16,Italian Grand Prix,VER,7,80.226,79.662,80.02199999999999
2024,16,Italian Grand Prix,PER,8,80.598,80.21600000000001,80.062
2024,16,Italian Grand Prix,ALB,9,80.542,80.314,80.299
2024,16,Italian Grand Prix,HUL,10,80.781,80.411,80.339
2024,16,Italian Grand Prix,ALO,11,80.617,80.42099999999999,
2024,16,Italian Grand Prix,RIC,12,80.901,80.479,
2024,16,Italian Grand Prix,MAG,13,80.856,80.69800000000001,
2024,16,Italian Grand Prix,GAS,14,80.748,80.738,
2024,16,Italian Grand Prix,OCO,15,80.764,80.76599999999999,
2024,16,Italian Grand Prix,TSU,16,80.945,,
2024,16,Italian Grand Prix,STR,17,81.013,,
2024,16,Italian Grand Prix,COL,18,81.061,,
2024,16,Italian Grand Prix,BOT,19,81.101,,
2024,16,Italian Grand Prix,ZHO,20,81.445,,
2024,17,Azerbaijan Grand Prix,LEC,1,102.775,102.056,101.36500000000001
2024,17,Azerbaijan Grand Prix,PIA,2,103.033,102.598,101.686
2024,17,Azerbaijan Grand Prix,SAI,3,103.357,102.503,101.805
2024,17,Azerbaijan Grand Prix,PER,4,103.213,102.263,101.813
2024,17,Azerbaijan Grand Prix,RUS,5,103.13900000000001,102.32900000000001,101.874
2024,17,Azerbaijan Grand Prix,VER,6,103.09700000000001,102.042,102.023
2024,17,Azerbaijan Grand Prix,HAM,7,103.089,102.765,102.289
2024,17,Azerbaijan Grand Prix,ALO,8,103.47200000000001,102.426,102.369
2024,17,Azerbaijan Grand Prix,COL,9,103.138,102.473,102.53
2024,17,Azerbaijan Grand Prix,ALB,10,102.899,102.84,102.85900000000001
2024,17,Azerbaijan Grand Prix,BEA,11,103.471,102.968,
2024,17,Azerbaijan Grand Prix,TSU,12,103.337,103.035,
2024,17,Azerbaijan Grand Prix,HUL,13,103.101,103.191,
2024,17,Azerbaijan Grand Prix,STR,14,103.37,103.404,
2024,17,Azerbaijan Grand Prix,GAS,15,,103.179,
2024,17,Azerbaijan Grand Prix,RIC,15,103.547,,
2024,17,Azerbaijan Grand Prix,NOR,16,103.60900000000001,,
2024,17,Azerbaijan Grand Prix,BOT,17,103.618,,
2024,17,Azerbaijan Grand Prix,ZHO,18,104.24600000000001,,
2024,17,Azerbaijan Grand Prix,OCO,19,104.50399999999999,,
2024,18,Singapore Grand Prix,NOR,1,90.002,90.007,89.525
2024,18,Singapore Grand Prix,VER,2,90.157,89.68,89.72800000000001
2024,18,Singapore Grand Prix,HAM,3,90.393,89.929,89.84100000000001
2024,18,Singapore Grand Prix,RUS,4,90.811,90.15299999999999,89.867
2024,18,Singapore Grand Prix,PIA,5,90.258,89.64,89.953
2024,18,Singapore Grand Prix,HUL,6,90.724,90.15,90.115
2024,18,Singapore Grand Prix,ALO,7,90.684,90.45,90.214
2024,18,Singapore Grand Prix,TSU,8,90.71600000000001,90.289,90.354
2024,18,Singapore Grand Prix,LEC,9,90.786,89.747,
2024,18,Singapore Grand Prix,SAI,10,90.67,90.108,
2024,18,Singapore Grand Prix,ALB,11,90.679,90.474,
2024,18,Singapore Grand Prix,COL,12,90.70400000000001,90.481,
2024,18,Singapore Grand Prix,PER,13,90.624,90.57900000000001,
2024,18,Singapore Grand Prix,MAG,14,90.82900000000001,90.65299999999999,
2024,18,Singapore Grand Prix,OCO,15,90.958,90.769,
2024,18,Singapore Grand Prix,RIC,16,91.08500000000001,,
2024,18,Singapore Grand Prix,STR,17,91.094,,
2024,18,Singapore Grand Prix,GAS,18,91.312,,
2024,18,Singapore Grand Prix,BOT,19,91.572,,
2024,18,Singapore Grand Prix,ZHO,20,92.054,,
2024,19,United States Grand Prix,NOR,1,93.616,92.851,92.33
2024,19,United States Grand Prix,VER,2,93.04599999999999,92.584,92.36099999999999
2024,19,United States Grand Prix,SAI,3,93.556,92.836,92.652
2024,19,United States Grand Prix,LEC,4,93.241,92.962,92.74000000000001
2024,19,United States Grand Prix,PIA,5,93.864,93.057,92.95
2024,19,United States Grand Prix,RUS,6,93.536,93.142,92.97399999999999
2024,19,United States Grand Prix,GAS,7,93.55,93.162,93.018
2024,19,United States Grand Prix,ALO,8,93.973,93.429,93.309
2024,19,United States Grand Prix,MAG,9,93.564,93.47399999999999,93.481
2024,19,United States Grand Prix,PER,10,93.61099999999999,93.02000000000001,
2024,19,United States Grand Prix,TSU,11,93.795,93.506,
2024,19,United States Grand Prix,HUL,12,93.601,93.544,
2024,19,United States Grand Prix,OCO,13,93.98599999999999,93.59700000000001,
2024,19,United States Grand Prix,STR,14,94.033,93.759,
2024,19,United States Grand Prix,LAW,15,93.339,,
2024,19,United States Grand Prix,ALB,16,94.051,,
2024,19,United States Grand Prix,COL,17,94.062,,
2024,19,United States Grand Prix,BOT,18,94.152,,
2024,19,United States Grand Prix,HAM,19,94.154,,
2024,19,United States Grand Prix,ZHO,20,94.22800000000001,,
2024,20,Mexico City Grand Prix,SAI,1,76.77799999999999,76.515,75.946
2024,20,Mexico City Grand Prix,VER,2,76.803,76.514,76.17099999999999
2024,20,Mexico City Grand Prix,NOR,3,76.505,76.301,76.26
2024,20,Mexico City Grand Prix,LEC,4,76.97200000000001,76.64099999999999,76.265
2024,20,Mexico City Grand Prix,RUS,5,77.194,76.937,76.356
2024,20,Mexico City Grand Prix,HAM,6,77.306,76.973,76.651
2024,20,Mexico City Grand Prix,MAG,7,77.125,77.003,76.886
2024,20,Mexico City Grand Prix,GAS,8,77.149,77.048,76.892
2024,20,Mexico City Grand Prix,ALB,9,77.189,76.988,77.065
2024,20,Mexico City Grand Prix,HUL,10,77.186,76.995,77.365
2024,20,Mexico City Grand Prix,TSU,11,77.182,77.129,
2024,20,Mexico City Grand Prix,LAW,12,77.38,77.162,
2024,20,Mexico City Grand Prix,ALO,13,77.307,77.168,
2024,20,Mexico City Grand Prix,STR,14,77.407,77.294,
2024,20,Mexico City Grand Prix,BOT,15,77.393,77.81700000000001,
2024,20,Mexico City Grand Prix,COL,16,77.55799999999999,,
2024,20,Mexico City Grand Prix,PIA,17,77.59700000000001,,
2024,20,Mexico City Grand Prix,PER,18,77.611,,
2024,20,Mexico City Grand Prix,OCO,19,77.617,,
2024,20,Mexico City Grand Prix,ZHO,20,78.072,,
2024,21,São Paulo Grand Prix,VER,12,88.52199999999999,87.771,
2024,21,São Paulo Grand Prix,NOR,1,90.944,84.844,83.405
2024,21,São Paulo Grand Prix,RUS,2,89.121,86.307,83.578
2024,21,São Paulo Grand Prix,TSU,3,89.172,86.464,84.111
2024,21,São Paulo Grand Prix,OCO,4,89.17099999999999,86.206,84.475
2024,21,São Paulo Grand Prix,LAW,5,90.758,85.654,84.48400000000001
2024,21,São Paulo Grand Prix,LEC,6,89.839,86.09700000000001,84.525
2024,21,São Paulo Grand Prix,ALB,7,89.072,84.657,84.657
2024,21,São Paulo Grand Prix,PIA,8,90.114,84.686,84.686
2024,21,São Paulo Grand Prix,ALO,9,90.207,88.998,88.998
2024,21,São Paulo Grand Prix,STR,10,90.58,86.334,
2024,21,São Paulo Grand Prix,BOT,11,90.633,86.47200000000001,
2024,21,São Paulo Grand Prix,PER,13,90.035,88.158,
2024,21,São Paulo Grand Prix,SAI,14,90.303,89.406,
2024,21,São Paulo Grand Prix,GAS,15,89.42,89.614,
2024,21,São Paulo Grand Prix,HAM,16,91.15,,
2024,21,São Paulo Grand Prix,BEA,17,91.229,,
2024,21,São Paulo Grand Prix,COL,18,91.27,,
2024,21,São Paulo Grand Prix,HUL,19,91.623,,
2024,21,São Paulo Grand Prix,ZHO,20,92.263,,
2024,22,Las Vegas Grand Prix,RUS,1,93.186,92.779,92.312
2024,22,Las Vegas Grand Prix,SAI,2,93.48400000000001,92.711,92.41
2024,22,Las Vegas Grand Prix,GAS,3,93.691,92.87899999999999,92.664
2024,22,Las Vegas Grand Prix,LEC,4,93.446,93.01599999999999,92.783
2024,22,Las Vegas Grand Prix,VER,5,93.299,93.08500000000001,92.797
2024,22,Las Vegas Grand Prix,NOR,6,93.592,93.09899999999999,93.00800000000001
2024,22,Las Vegas Grand Prix,TSU,7,93.789,93.089,93.029
2024,22,Las Vegas Grand Prix,PIA,8,93.45,93.024,93.033
2024,22,Las Vegas Grand Prix,HUL,9,93.92,93.114,93.062
2024,22,Las Vegas Grand Prix,HAM,10,93.225,92.56700000000001,108.106
2024,22,Las Vegas Grand Prix,OCO,11,93.968,93.221,
2024,22,Las Vegas Grand Prix,MAG,12,93.991,93.297,
2024,22,Las Vegas Grand Prix,ZHO,13,94.07900000000001,93.566,
2024,22,Las Vegas Grand Prix,COL,14,93.74600000000001,93.749,
2024,22,Las Vegas Grand Prix,LAW,15,94.087,94.257,
2024,22,Las Vegas Grand Prix,PER,16,94.155,,
2024,22,Las Vegas Grand Prix,ALO,17,94.25800000000001,,
2024,22,Las Vegas Grand Prix,ALB,18,94.425,,
2024,22,Las Vegas Grand Prix,BOT,19,94.43,,
2024,22,Las Vegas Grand Prix,STR,20,94.48400000000001,,
2024,23,Qatar Grand Prix,VER,1,81.57900000000001,80.687,80.52
2024,23,Qatar Grand Prix,RUS,2,81.241,81.069,80.575
2024,23,Qatar Grand Prix,NOR,3,81.578,80.983,80.77199999999999
2024,23,Qatar Grand Prix,PIA,4,81.821,81.121,80.82900000000001
2024,23,Qatar Grand Prix,LEC,5,81.27799999999999,81.0,80.852
2024,23,Qatar Grand Prix,HAM,6,81.637,81.095,81.011
2024,23,Qatar Grand Prix,SAI,7,81.447,81.199,81.041
2024,23,Qatar Grand Prix,ALO,8,81.608,81.208,81.251
2024,23,Qatar Grand Prix,PER,9,81.675,81.425,81.425
2024,23,Qatar Grand Prix,MAG,10,81.89099999999999,81.387,81.5
2024,23,Qatar Grand Prix,GAS,11,81.843,81.437,
2024,23,Qatar Grand Prix,ZHO,12,82.10300000000001,81.501,
2024,23,Qatar Grand Prix,BOT,13,81.92699999999999,81.731,
2024,23,Qatar Grand Prix,TSU,14,82.364,81.771,
2024,23,Qatar Grand Prix,STR,15,82.011,81.911,
2024,23,Qatar Grand Prix,ALB,16,82.39,,
2024,23,Qatar Grand Prix,LAW,17,82.411,,
2024,23,Qatar Grand Prix,HUL,18,82.44200000000001,,
2024,23,Qatar Grand Prix,COL,19,82.594,,
2024,23,Qatar Grand Prix,OCO,20,82.714,,
2024,24,Abu Dhabi Grand Prix,NOR,1,83.682,83.098,82.595
2024,24,Abu Dhabi Grand Prix,PIA,2,83.64,83.199,82.804
2024,24,Abu Dhabi Grand Prix,SAI,3,83.487,82.985,82.824
2024,24,Abu Dhabi Grand Prix,HUL,4,83.72200000000001,83.03999999999999,82.886
2024,24,Abu Dhabi Grand Prix,VER,5,83.51599999999999,82.998,82.945
2024,24,Abu Dhabi Grand Prix,GAS,6,83.548,83.086,82.98400000000001
2024,24,Abu Dhabi Grand Prix,RUS,7,83.678,83.283,83.132
2024,24,Abu Dhabi Grand Prix,ALO,8,83.794,83.268,83.196
2024,24,Abu Dhabi Grand Prix,BOT,9,83.481,83.34100000000001,83.20400000000001
2024,24,Abu Dhabi Grand Prix,PER,10,83.559,83.379,83.264
2024,24,Abu Dhabi Grand Prix,TSU,11,83.735,83.419,
2024,24,Abu Dhabi Grand Prix,LAW,12,83.733,83.47200000000001,
2024,24,Abu Dhabi Grand Prix,STR,13,83.729,83.78399999999999,
2024,24,Abu Dhabi Grand Prix,LEC,14,83.30199999999999,83.833,
2024,24,Abu Dhabi Grand Prix,MAG,15,83.632,83.877,
2024,24,Abu Dhabi Grand Prix,ALB,16,83.821,,
2024,24,Abu Dhabi Grand Prix,ZHO,17,83.88,,
2024,24,Abu Dhabi Grand Prix,HAM,18,83.887,,
2024,24,Abu Dhabi Grand Prix,COL,19,83.912,,
2024,24,Abu Dhabi Grand Prix,DOO,20,84.105,,
2025,1,Australian Grand Prix,NOR,1,75.912,75.41499999999999,75.096
2025,1,Australian Grand Prix,PIA,2,76.062,75.468,75.18
2025,1,Australian Grand Prix,VER,3,76.018,75.565,75.481
2025,1,Australian Grand Prix,RUS,4,75.971,75.798,75.54599999999999
2025,1,Australian Grand Prix,TSU,5,76.225,76.009,75.67
2025,1,Australian Grand Prix,ALB,6,76.245,76.017,75.737
2025,1,Australian Grand Prix,LEC,7,76.029,75.827,75.755
2025,1,Australian Grand Prix,HAM,8,76.213,75.919,75.973
2025,1,Australian Grand Prix,GAS,9,76.328,76.112,75.98
2025,1,Australian Grand Prix,SAI,10,76.36,75.931,76.062
2025,1,Australian Grand Prix,HAD,11,76.354,76.175,
2025,1,Australian Grand Prix,ALO,12,76.288,76.453,
2025,1,Australian Grand Prix,STR,13,76.369,76.483,
2025,1,Australian Grand Prix,DOO,14,76.315,76.863,
2025,1,Australian Grand Prix,BOR,15,76.51599999999999,77.52,
2025,1,Australian Grand Prix,ANT,16,76.525,,
2025,1,Australian Grand Prix,HUL,17,76.57900000000001,,
2025,1,Australian Grand Prix,LAW,18,77.094,,
2025,1,Australian Grand Prix,OCO,19,77.14699999999999,,
2025,1,Australian Grand Prix,BEA,20,,,
2025,2,Chinese Grand Prix,PIA,1,91.59100000000001,91.2,90.64099999999999
2025,2,Chinese Grand Prix,RUS,2,91.295,91.307,90.723
2025,2,Chinese Grand Prix,NOR,3,90.983,90.787,90.793
2025,2,Chinese Grand Prix,VER,4,91.424,91.142,90.81700000000001
2025,2,Chinese Grand Prix,HAM,5,91.69,91.501,90.92699999999999
2025,2,Chinese Grand Prix,LEC,6,91.57900000000001,91.45,91.021
2025,2,Chinese Grand Prix,HAD,7,91.162,91.253,91.07900000000001
2025,2,Chinese Grand Prix,ANT,8,91.676,91.59,91.10300000000001
2025,2,Chinese Grand Prix,TSU,9,91.238,91.26,91.638
2025,2,Chinese Grand Prix,ALB,10,91.503,91.595,91.706
2025,2,Chinese Grand Prix,OCO,11,91.876,91.625,
2025,2,Chinese Grand Prix,HUL,12,91.92099999999999,91.632,
2025,2,Chinese Grand Prix,ALO,13,91.719,91.688,
2025,2,Chinese Grand Prix,STR,14,91.923,91.773,
2025,2,Chinese Grand Prix,SAI,15,91.628,91.84,
2025,2,Chinese Grand Prix,GAS,16,91.992,,
2025,2,Chinese Grand Prix,BEA,17,92.018,,
2025,2,Chinese Grand Prix,DOO,18,92.092,,
2025,2,Chinese Grand Prix,BOR,19,92.14099999999999,,
2025,2,Chinese Grand Prix,LAW,20,92.174,,
2025,3,Japanese Grand Prix,VER,1,87.943,87.502,86.983
2025,3,Japanese Grand Prix,NOR,2,87.845,87.146,86.995
2025,3,Japanese Grand Prix,PIA,3,87.687,87.507,87.027
2025,3,Japanese Grand Prix,LEC,4,87.92,87.555,87.299
2025,3,Japanese Grand Prix,RUS,5,87.843,87.4,87.318
2025,3,Japanese Grand Prix,ANT,6,87.968,87.639,87.555
2025,3,Japanese Grand Prix,HAD,7,88.27799999999999,87.775,87.569
2025,3,Japanese Grand Prix,HAM,8,87.94200000000001,87.61,87.61
2025,3,Japanese Grand Prix,ALB,9,88.218,87.783,87.615
2025,3,Japanese Grand Prix,BEA,10,88.22800000000001,87.711,87.867
2025,3,Japanese Grand Prix,GAS,11,88.186,87.822,
2025,3,Japanese Grand Prix,SAI,12,88.209,87.836,
2025,3,Japanese Grand Prix,ALO,13,88.337,87.89699999999999,
2025,3,Japanese Grand Prix,LAW,14,88.554,87.906,
2025,3,Japanese Grand Prix,TSU,15,87.967,88.0,
2025,3,Japanese Grand Prix,HUL,16,88.57,,
2025,3,Japanese Grand Prix,BOR,17,88.622,,
2025,3,Japanese Grand Prix,OCO,18,88.696,,
2025,3,Japanese Grand Prix,DOO,19,88.877,,
2025,3,Japanese Grand Prix,STR,20,89.271,,
2025,4,Bahrain Grand Prix,PIA,1,91.392,90.45400000000001,89.84100000000001
2025,4,Bahrain Grand Prix,RUS,2,91.494,90.664,90.009
2025,4,Bahrain Grand Prix,LEC,3,91.45400000000001,90.724,90.175
2025,4,Bahrain Grand Prix,ANT,4,91.41499999999999,90.71600000000001,90.213
2025,4,Bahrain Grand Prix,GAS,5,91.462,90.643,90.21600000000001
2025,4,Bahrain Grand Prix,NOR,6,91.107,90.56,90.267
2025,4,Bahrain Grand Prix,VER,7,91.303,91.019,90.423
2025,4,Bahrain Grand Prix,SAI,8,91.59100000000001,90.844,90.68
2025,4,Bahrain Grand Prix,HAM,9,91.219,91.009,90.77199999999999
2025,4,Bahrain Grand Prix,TSU,10,91.751,91.22800000000001,91.303
2025,4,Bahrain Grand Prix,DOO,11,91.414,91.245,
2025,4,Bahrain Grand Prix,HAD,12,91.59100000000001,91.271,
2025,4,Bahrain Grand Prix,ALO,13,91.634,91.886,
2025,4,Bahrain Grand Prix,OCO,14,91.594,,
2025,4,Bahrain Grand Prix,ALB,15,92.03999999999999,,
2025,4,Bahrain Grand Prix,HUL,16,92.06700000000001,,
2025,4,Bahrain Grand Prix,LAW,17,92.16499999999999,,
2025,4,Bahrain Grand Prix,BOR,18,92.186,,
2025,4,Bahrain Grand Prix,STR,19,92.283,,
2025,4,Bahrain Grand Prix,BEA,20,92.37299999999999,,
2025,5,Saudi Arabian Grand Prix,VER,1,87.77799999999999,87.529,87.294
2025,5,Saudi Arabian Grand Prix,PIA,2,87.901,87.545,87.304
2025,5,Saudi Arabian Grand Prix,RUS,3,88.282,87.599,87.407
2025,5,Saudi Arabian Grand Prix,LEC,4,88.55199999999999,87.866,87.67
2025,5,Saudi Arabian Grand Prix,ANT,5,88.128,87.798,87.866
2025,5,Saudi Arabian Grand Prix,SAI,6,88.354,88.024,88.164
2025,5,Saudi Arabian Grand Prix,HAM,7,88.372,88.102,88.201
2025,5,Saudi Arabian Grand Prix,TSU,8,88.226,87.99,88.20400000000001
2025,5,Saudi Arabian Grand Prix,GAS,9,88.42099999999999,88.025,88.367
2025,5,Saudi Arabian Grand Prix,NOR,10,87.805,87.481,
2025,5,Saudi Arabian Grand Prix,ALB,11,88.279,88.10900000000001,
2025,5,Saudi Arabian Grand Prix,LAW,12,88.561,88.191,
2025,5,Saudi Arabian Grand Prix,ALO,13,88.548,88.303,
2025,5,Saudi Arabian Grand Prix,HAD,14,88.571,88.418,
2025,5,Saudi Arabian Grand Prix,BEA,15,88.536,88.648,
2025,5,Saudi Arabian Grand Prix,STR,16,88.645,,
2025,5,Saudi Arabian Grand Prix,DOO,17,88.739,,
2025,5,Saudi Arabian Grand Prix,HUL,18,88.782,,
2025,5,Saudi Arabian Grand Prix,OCO,19,89.092,,
2025,5,Saudi Arabian Grand Prix,BOR,20,89.462,,
2025,6,Miami Grand Prix,VER,1,,,
2025,6,Miami Grand Prix,NOR,2,,,
2025,6,Miami Grand Prix,ANT,3,,,
2025,6,Miami Grand Prix,PIA,4,,,
2025,6,Miami Grand Prix,RUS,5,,,
2025,6,Miami Grand Prix,SAI,6,,,
2025,6,Miami Grand Prix,ALB,7,,,
2025,6,Miami Grand Prix,LEC,8,,,
2025,6,Miami Grand Prix,OCO,9,,,
2025,6,Miami Grand Prix,TSU,10,,,
2025,6,Miami Grand Prix,HAD,11,,,
2025,6,Miami Grand Prix,HAM,12,,,
2025,6,Miami Grand Prix,BOR,13,,,
2025,6,Miami Grand Prix,DOO,14,,,
2025,6,Miami Grand Prix,LAW,15,,,
2025,6,Miami Grand Prix,HUL,16,,,
2025,6,Miami Grand Prix,ALO,17,,,
2025,6,Miami Grand Prix,GAS,18,,,
2025,6,Miami Grand Prix,STR,19,,,
2025,6,Miami Grand Prix,BEA,20,,,
2025,7,Emilia Romagna Grand Prix,PIA,1,75.5,75.214,74.67
2025,7,Emilia Romagna Grand Prix,VER,2,75.175,75.394,74.70400000000001
2025,7,Emilia Romagna Grand Prix,RUS,3,75.852,75.334,74.807
2025,7,Emilia Romagna Grand Prix,NOR,4,75.894,75.261,74.962
2025,7,Emilia Romagna Grand Prix,ALO,5,75.695,75.44200000000001,75.431
2025,7,Emilia Romagna Grand Prix,SAI,6,75.987,75.19800000000001,75.432
2025,7,Emilia Romagna Grand Prix,ALB,7,76.123,75.521,75.473
2025,7,Emilia Romagna Grand Prix,STR,8,75.81700000000001,75.497,75.581
2025,7,Emilia Romagna Grand Prix,HAD,9,76.253,75.51,75.746
2025,7,Emilia Romagna Grand Prix,GAS,10,75.937,75.505,75.787
2025,7,Emilia Romagna Grand Prix,LEC,11,76.108,75.604,
2025,7,Emilia Romagna Grand Prix,HAM,12,76.163,75.765,
2025,7,Emilia Romagna Grand Prix,ANT,13,75.943,75.772,
2025,7,Emilia Romagna Grand Prix,BOR,14,76.34,76.26,
2025,7,Emilia Romagna Grand Prix,COL,15,76.256,,
2025,7,Emilia Romagna Grand Prix,BEA,16,76.918,,
2025,7,Emilia Romagna Grand Prix,LAW,16,76.379,,
2025,7,Emilia Romagna Grand Prix,HUL,17,76.518,,
2025,7,Emilia Romagna Grand Prix,OCO,18,76.613,,
2025,7,Emilia Romagna Grand Prix,TSU,20,,,
2025,8,Monaco Grand Prix,NOR,1,71.285,70.57,69.95400000000001
2025,8,Monaco Grand Prix,LEC,2,71.229,70.581,70.063
2025,8,Monaco Grand Prix,PIA,3,71.30799999999999,70.858,70.129
2025,8,Monaco Grand Prix,HAM,4,71.575,70.883,70.382
2025,8,Monaco Grand Prix,VER,5,71.431,70.875,70.669
2025,8,Monaco Grand Prix,HAD,6,71.811,71.03999999999999,70.923
2025,8,Monaco Grand Prix,ALO,7,71.674,71.182,70.924
2025,8,Monaco Grand Prix,OCO,8,71.839,71.262,70.94200000000001
2025,8,Monaco Grand Prix,LAW,9,71.818,71.25,71.129
2025,8,Monaco Grand Prix,ALB,10,71.629,70.732,71.213
2025,8,Monaco Grand Prix,SAI,11,71.707,71.362,
2025,8,Monaco Grand Prix,TSU,12,71.8,71.41499999999999,
2025,8,Monaco Grand Prix,HUL,13,71.871,71.596,
2025,8,Monaco Grand Prix,RUS,14,71.507,,
2025,8,Monaco Grand Prix,ANT,15,71.88,,
2025,8,Monaco Grand Prix,BOR,16,71.902,,
2025,8,Monaco Grand Prix,BEA,17,71.979,,
2025,8,Monaco Grand Prix,GAS,18,71.994,,
2025,8,Monaco Grand Prix,STR,19,72.563,,
2025,8,Monaco Grand Prix,COL,20,72.597,,
2025,9,Spanish Grand Prix,PIA,1,72.551,71.998,71.54599999999999
2025,9,Spanish Grand Prix,NOR,2,72.799,72.056,71.755
2025,9,Spanish Grand Prix,VER,3,72.798,72.358,71.848
2025,9,Spanish Grand Prix,RUS,4,72.806,72.407,71.848
2025,9,Spanish Grand Prix,HAM,5,73.05799999999999,72.447,72.045
2025,9,Spanish Grand Prix,ANT,6,72.815,72.58500000000001,72.111
2025,9,Spanish Grand Prix,LEC,7,73.014,72.495,72.131
2025,9,Spanish Grand Prix,GAS,8,73.081,72.611,72.199
2025,9,Spanish Grand Prix,HAD,9,73.139,72.461,72.252
2025,9,Spanish Grand Prix,ALO,10,73.102,72.523,72.284
2025,9,Spanish Grand Prix,ALB,11,73.044,72.641,
2025,9,Spanish Grand Prix,BOR,12,73.045,72.756,
2025,9,Spanish Grand Prix,LAW,13,73.039,72.763,
2025,9,Spanish Grand Prix,STR,14,73.038,73.05799999999999,
2025,9,Spanish Grand Prix,BEA,15,73.074,73.315,
2025,9,Spanish Grand Prix,HUL,16,73.19,,
2025,9,Spanish Grand Prix,OCO,17,73.201,,
2025,9,Spanish Grand Prix,SAI,18,73.203,,
2025,9,Spanish Grand Prix,COL,19,73.334,,
2025,9,Spanish Grand Prix,TSU,20,73.385,,
2025,10,Canadian Grand Prix,RUS,1,72.075,71.57,70.899
2025,10,Canadian Grand Prix,VER,2,72.054,71.638,71.059
2025,10,Canadian Grand Prix,PIA,3,71.939,71.715,71.12
2025,10,Canadian Grand Prix,ANT,4,72.279,71.974,71.391
2025,10,Canadian Grand Prix,HAM,5,71.952,71.885,71.526
2025,10,Canadian Grand Prix,ALO,6,72.07300000000001,71.805,71.586
2025,10,Canadian Grand Prix,NOR,7,71.826,71.599,71.625
2025,10,Canadian Grand Prix,LEC,8,72.038,71.626,71.682
2025,10,Canadian Grand Prix,HAD,9,72.211,72.003,71.867
2025,10,Canadian Grand Prix,ALB,10,72.09,71.892,71.907
2025,10,Canadian Grand Prix,TSU,11,72.334,72.102,
2025,10,Canadian Grand Prix,COL,12,72.234,72.142,
2025,10,Canadian Grand Prix,HUL,13,72.32300000000001,72.18299999999999,
2025,10,Canadian Grand Prix,BEA,14,72.306,72.34,
2025,10,Canadian Grand Prix,OCO,15,72.378,72.634,
2025,10,Canadian Grand Prix,BOR,16,72.385,,
2025,10,Canadian Grand Prix,SAI,17,72.398,,
2025,10,Canadian Grand Prix,STR,18,72.517,,
2025,10,Canadian Grand Prix,LAW,19,72.525,,
2025,10,Canadian Grand Prix,GAS,20,72.667,,
2025,11,Austrian Grand Prix,NOR,1,64.672,64.41,63.971000000000004
2025,11,Austrian Grand Prix,LEC,2,65.197,64.734,64.492
2025,11,Austrian Grand Prix,PIA,3,64.966,64.556,64.554
2025,11,Austrian Grand Prix,HAM,4,65.115,64.896,64.582
2025,11,Austrian Grand Prix,RUS,5,65.189,64.86,64.763
2025,11,Austrian Grand Prix,LAW,6,65.017,65.041,64.926
2025,11,Austrian Grand Prix,VER,7,65.106,64.836,64.929
2025,11,Austrian Grand Prix,BOR,8,65.123,64.846,65.132
2025,11,Austrian Grand Prix,ANT,9,65.178,65.05199999999999,65.276
2025,11,Austrian Grand Prix,GAS,10,65.054,64.846,65.649
2025,11,Austrian Grand Prix,ALO,11,65.197,65.128,
2025,11,Austrian Grand Prix,ALB,12,65.143,65.205,
2025,11,Austrian Grand Prix,HAD,13,65.063,65.226,
2025,11,Austrian Grand Prix,COL,14,65.278,65.288,
2025,11,Austrian Grand Prix,BEA,15,65.218,65.312,
2025,11,Austrian Grand Prix,STR,16,65.329,,
2025,11,Austrian Grand Prix,OCO,17,65.364,,
2025,11,Austrian Grand Prix,TSU,18,65.369,,
2025,11,Austrian Grand Prix,SAI,19,65.582,,
2025,11,Austrian Grand Prix,HUL,20,65.606,,
2025,12,British Grand Prix,VER,1,85.886,85.316,84.892
2025,12,British Grand Prix,PIA,2,85.963,85.316,84.995
2025,12,British Grand Prix,NOR,3,86.123,85.231,85.01
2025,12,British Grand Prix,RUS,4,86.236,85.637,85.029
2025,12,British Grand Prix,HAM,5,86.29599999999999,85.084,85.095
2025,12,British Grand Prix,LEC,6,86.186,85.133,85.121
2025,12,British Grand Prix,ANT,7,86.265,85.62,85.374
2025,12,British Grand Prix,BEA,8,86.005,85.53399999999999,85.471
2025,12,British Grand Prix,ALO,9,86.108,85.593,85.621
2025,12,British Grand Prix,GAS,10,86.328,85.711,85.785
2025,12,British Grand Prix,SAI,11,86.175,85.746,
2025,12,British Grand Prix,TSU,12,86.275,85.826,
2025,12,British Grand Prix,HAD,13,86.17699999999999,85.864,
2025,12,British Grand Prix,ALB,14,86.093,85.889,
2025,12,British Grand Prix,OCO,15,86.136,85.95,
2025,12,British Grand Prix,LAW,16,86.44,,
2025,12,British Grand Prix,BOR,17,86.446,,
2025,12,British Grand Prix,STR,18,86.504,,
2025,12,British Grand Prix,HUL,19,86.574,,
2025,12,British Grand Prix,COL,20,87.06,,
2025,13,Belgian Grand Prix,NOR,1,101.00999999999999,100.715,100.562
2025,13,Belgian Grand Prix,PIA,2,101.201,100.626,100.64699999999999
2025,13,Belgian Grand Prix,LEC,3,101.63499999999999,101.084,100.9
2025,13,Belgian Grand Prix,VER,4,101.334,100.951,100.90299999999999
2025,13,Belgian Grand Prix,ALB,5,101.77199999999999,101.505,101.201
2025,13,Belgian Grand Prix,RUS,6,101.78399999999999,101.25399999999999,101.25999999999999
2025,13,Belgian Grand Prix,TSU,7,101.84,101.245,101.28399999999999
2025,13,Belgian Grand Prix,HAD,8,101.572,101.281,101.31
2025,13,Belgian Grand Prix,LAW,9,101.74799999999999,101.297,101.328
2025,13,Belgian Grand Prix,BOR,10,101.908,101.336,102.387
2025,13,Belgian Grand Prix,OCO,11,101.884,101.525,
2025,13,Belgian Grand Prix,BEA,12,101.61699999999999,101.61699999999999,
2025,13,Belgian Grand Prix,GAS,13,101.8,101.63300000000001,
2025,13,Belgian Grand Prix,HUL,14,101.844,101.707,
2025,13,Belgian Grand Prix,SAI,15,101.691,101.75800000000001,
2025,13,Belgian Grand Prix,HAM,16,101.939,,
2025,13,Belgian Grand Prix,COL,17,102.02199999999999,,
2025,13,Belgian Grand Prix,ANT,18,102.13900000000001,,
2025,13,Belgian Grand Prix,ALO,19,102.38499999999999,,
2025,13,Belgian Grand Prix,STR,20,102.50200000000001,,
2025,14,Hungarian Grand Prix,LEC,1,75.582,75.455,75.372
2025,14,Hungarian Grand Prix,PIA,2,75.211,74.941,75.398
2025,14,Hungarian Grand Prix,NOR,3,75.523,74.89,75.413
2025,14,Hungarian Grand Prix,RUS,4,75.627,75.201,75.425
2025,14,Hungarian Grand Prix,ALO,5,75.281,75.395,75.481
2025,14,Hungarian Grand Prix,STR,6,75.673,75.129,75.498
2025,14,Hungarian Grand Prix,BOR,7,75.586,75.687,75.725
2025,14,Hungarian Grand Prix,VER,8,75.736,75.547,75.728
2025,14,Hungarian Grand Prix,LAW,9,75.849,75.63,75.821
2025,14,Hungarian Grand Prix,HAD,10,75.516,75.469,75.91499999999999
2025,14,Hungarian Grand Prix,BEA,11,75.75,75.694,
2025,14,Hungarian Grand Prix,HAM,12,75.733,75.702,
2025,14,Hungarian Grand Prix,SAI,13,75.652,75.781,
2025,14,Hungarian Grand Prix,COL,14,75.875,76.15899999999999,
2025,14,Hungarian Grand Prix,ANT,15,75.782,76.386,
2025,14,Hungarian Grand Prix,TSU,16,75.899,,
2025,14,Hungarian Grand Prix,GAS,17,75.966,,
2025,14,Hungarian Grand Prix,OCO,18,76.023,,
2025,14,Hungarian Grand Prix,HUL,19,76.081,,
2025,14,Hungarian Grand Prix,ALB,20,76.223,,
2025,15,Dutch Grand Prix,PIA,1,69.338,68.964,68.662
2025,15,Dutch Grand Prix,NOR,2,69.469,68.874,68.674
2025,15,Dutch Grand Prix,VER,3,69.696,69.122,68.925
2025,15,Dutch Grand Prix,HAD,4,69.966,69.439,69.208
2025,15,Dutch Grand Prix,RUS,5,69.676,69.313,69.255
2025,15,Dutch Grand Prix,LEC,6,69.906,69.304,69.34
2025,15,Dutch Grand Prix,HAM,7,69.9,69.261,69.39
2025,15,Dutch Grand Prix,LAW,8,69.779,69.383,69.5
2025,15,Dutch Grand Prix,SAI,9,69.98,69.472,69.505
2025,15,Dutch Grand Prix,ALO,10,69.95,69.366,69.63
2025,15,Dutch Grand Prix,ANT,11,69.845,69.493,
2025,15,Dutch Grand Prix,TSU,12,69.95400000000001,69.622,
2025,15,Dutch Grand Prix,BOR,13,70.037,69.622,
2025,15,Dutch Grand Prix,GAS,14,69.894,69.637,
2025,15,Dutch Grand Prix,ALB,15,69.792,69.652,
2025,15,Dutch Grand Prix,COL,16,70.104,,
2025,15,Dutch Grand Prix,HUL,17,70.195,,
2025,15,Dutch Grand Prix,OCO,18,70.197,,
2025,15,Dutch Grand Prix,BEA,19,70.262,,
2025,15,Dutch Grand Prix,STR,20,,,
2025,16,Italian Grand Prix,VER,1,79.455,79.14,78.792
2025,16,Italian Grand Prix,NOR,2,79.517,79.293,78.869
2025,16,Italian Grand Prix,PIA,3,79.711,79.286,78.982
2025,16,Italian Grand Prix,LEC,4,79.689,79.31,79.007
2025,16,Italian Grand Prix,HAM,5,79.765,79.371,79.124
2025,16,Italian Grand Prix,RUS,6,79.414,79.287,79.157
2025,16,Italian Grand Prix,ANT,7,79.747,79.245,79.2
2025,16,Italian Grand Prix,BOR,8,79.688,79.32300000000001,79.39
2025,16,Italian Grand Prix,ALO,9,79.658,79.362,79.424
2025,16,Italian Grand Prix,TSU,10,79.619,79.43299999999999,79.519
2025,16,Italian Grand Prix,BEA,11,79.688,79.446,
2025,16,Italian Grand Prix,HUL,12,79.777,79.498,
2025,16,Italian Grand Prix,SAI,13,79.644,79.52799999999999,
2025,16,Italian Grand Prix,ALB,14,79.837,79.583,
2025,16,Italian Grand Prix,OCO,15,79.816,79.707,
2025,16,Italian Grand Prix,HAD,16,79.917,,
2025,16,Italian Grand Prix,STR,17,79.94800000000001,,
2025,16,Italian Grand Prix,COL,18,79.992,,
2025,16,Italian Grand Prix,GAS,19,80.10300000000001,,
2025,16,Italian Grand Prix,LAW,20,80.279,,
2025,17,Azerbaijan Grand Prix,VER,1,101.331,101.255,101.11699999999999
2025,17,Azerbaijan Grand Prix,SAI,2,102.63499999999999,101.675,101.595
2025,17,Azerbaijan Grand Prix,LAW,3,102.257,101.537,101.707
2025,17,Azerbaijan Grand Prix,ANT,4,102.247,101.464,101.717
2025,17,Azerbaijan Grand Prix,RUS,5,101.646,101.455,102.07
2025,17,Azerbaijan Grand Prix,TSU,6,102.34700000000001,101.788,102.143
2025,17,Azerbaijan Grand Prix,NOR,7,101.322,101.396,102.239
2025,17,Azerbaijan Grand Prix,HAD,8,101.656,101.64699999999999,102.372
2025,17,Azerbaijan Grand Prix,PIA,9,101.839,101.414,
2025,17,Azerbaijan Grand Prix,LEC,10,101.458,101.519,
2025,17,Azerbaijan Grand Prix,ALO,11,102.211,101.857,
2025,17,Azerbaijan Grand Prix,HAM,12,101.821,102.18299999999999,
2025,17,Azerbaijan Grand Prix,BOR,13,102.511,102.277,
2025,17,Azerbaijan Grand Prix,STR,14,102.101,103.061,
2025,17,Azerbaijan Grand Prix,BEA,15,102.666,,
2025,17,Azerbaijan Grand Prix,COL,16,102.779,,
2025,17,Azerbaijan Grand Prix,HUL,17,102.916,,
2025,17,Azerbaijan Grand Prix,GAS,18,103.13900000000001,,
2025,17,Azerbaijan Grand Prix,ALB,19,103.77799999999999,,
2025,17,Azerbaijan Grand Prix,OCO,20,,,
2025,18,Singapore Grand Prix,RUS,1,89.928,89.562,89.158
2025,18,Singapore Grand Prix,VER,2,90.02799999999999,89.572,89.34
2025,18,Singapore Grand Prix,PIA,3,90.313,89.813,89.524
2025,18,Singapore Grand Prix,ANT,4,90.036,89.649,89.537
2025,18,Singapore Grand Prix,NOR,5,89.932,89.809,89.586
2025,18,Singapore Grand Prix,HAM,6,89.765,89.936,89.688
2025,18,Singapore Grand Prix,LEC,7,90.37,89.914,89.78399999999999
2025,18,Singapore Grand Prix,HAD,8,90.214,90.01599999999999,89.846
2025,18,Singapore Grand Prix,BEA,9,90.42,90.076,89.868
2025,18,Singapore Grand Prix,ALO,10,90.745,90.054,89.955
2025,18,Singapore Grand Prix,HUL,11,90.715,90.14099999999999,
2025,18,Singapore Grand Prix,LAW,12,90.681,90.32,
2025,18,Singapore Grand Prix,TSU,13,90.574,90.35300000000001,
2025,18,Singapore Grand Prix,BOR,14,90.82,,
2025,18,Singapore Grand Prix,STR,15,90.949,,
2025,18,Singapore Grand Prix,COL,16,90.982,,
2025,18,Singapore Grand Prix,OCO,17,90.989,,
2025,18,Singapore Grand Prix,GAS,18,91.261,,
2025,18,Singapore Grand Prix,ALB,19,,,
2025,18,Singapore Grand Prix,SAI,20,,,
2025,19,United States Grand Prix,VER,1,93.207,92.701,92.50999999999999
2025,19,United States Grand Prix,NOR,2,93.843,92.876,92.801
2025,19,United States Grand Prix,LEC,3,93.525,92.869,92.807
2025,19,United States Grand Prix,RUS,4,93.311,93.05799999999999,92.826
2025,19,United States Grand Prix,HAM,5,93.685,92.914,92.912
2025,19,United States Grand Prix,PIA,6,93.74600000000001,93.22800000000001,93.084
2025,19,United States Grand Prix,ANT,7,93.501,93.044,93.114
2025,19,United States Grand Prix,BEA,8,93.92099999999999,93.238,93.13900000000001
2025,19,United States Grand Prix,SAI,9,93.739,93.124,93.15
2025,19,United States Grand Prix,ALO,10,93.741,93.237,93.16
2025,19,United States Grand Prix,HUL,11,93.551,93.334,
2025,19,United States Grand Prix,LAW,12,93.549,93.36,
2025,19,United States Grand Prix,TSU,13,93.935,93.46600000000001,
2025,19,United States Grand Prix,GAS,14,93.59899999999999,93.65100000000001,
2025,19,United States Grand Prix,COL,15,94.039,94.044,
2025,19,United States Grand Prix,BOR,16,94.125,,
2025,19,United States Grand Prix,OCO,17,94.136,,
2025,19,United States Grand Prix,STR,18,94.53999999999999,,
2025,19,United States Grand Prix,ALB,19,94.69,,
2025,19,United States Grand Prix,HAD,20,,,
2025,20,Mexico City Grand Prix,NOR,1,76.899,76.252,75.586
2025,20,Mexico City Grand Prix,LEC,2,77.024,76.658,75.848
2025,20,Mexico City Grand Prix,HAM,3,76.736,76.458,75.938
2025,20,Mexico City Grand Prix,RUS,4,76.895,76.537,76.03399999999999
2025,20,Mexico City Grand Prix,VER,5,77.076,76.605,76.07
2025,20,Mexico City Grand Prix,ANT,6,77.291,76.773,76.118
2025,20,Mexico City Grand Prix,SAI,7,77.17099999999999,76.607,76.172
2025,20,Mexico City Grand Prix,PIA,8,77.158,76.737,76.174
2025,20,Mexico City Grand Prix,HAD,9,76.733,76.804,76.252
2025,20,Mexico City Grand Prix,BEA,10,77.03999999999999,76.787,76.46000000000001
2025,20,Mexico City Grand Prix,TSU,11,77.23400000000001,76.816,
2025,20,Mexico City Grand Prix,OCO,12,76.94800000000001,76.837,
2025,20,Mexico City Grand Prix,HUL,13,77.251,77.01599999999999,
2025,20,Mexico City Grand Prix,ALO,14,77.232,77.10300000000001,
2025,20,Mexico City Grand Prix,LAW,15,76.961,78.072,
2025,20,Mexico City Grand Prix,BOR,16,77.412,,
2025,20,Mexico City Grand Prix,ALB,17,77.49,,
2025,20,Mexico City Grand Prix,GAS,18,77.54599999999999,,
2025,20,Mexico City Grand Prix,STR,19,77.606,,
2025,20,Mexico City Grand Prix,COL,20,77.67,,
2025,21,São Paulo Grand Prix,NOR,1,69.656,69.616,69.511
2025,21,São Paulo Grand Prix,ANT,2,70.19200000000001,69.774,69.685
2025,21,São Paulo Grand Prix,LEC,3,69.934,69.801,69.805
2025,21,São Paulo Grand Prix,PIA,4,69.928,69.83500000000001,69.886
2025,21,São Paulo Grand Prix,HAD,5,70.083,69.97,69.931
2025,21,São Paulo Grand Prix,RUS,6,69.935,69.88,69.94200000000001
2025,21,São Paulo Grand Prix,LAW,7,70.108,69.95,69.962
2025,21,São Paulo Grand Prix,BEA,8,69.891,69.755,69.977
2025,21,São Paulo Grand Prix,GAS,9,69.885,69.857,70.002
2025,21,São Paulo Grand Prix,HUL,10,70.337,69.985,70.039
2025,21,São Paulo Grand Prix,ALO,11,70.181,70.001,
2025,21,São Paulo Grand Prix,ALB,12,70.115,70.053,
2025,21,São Paulo Grand Prix,HAM,13,70.016,70.1,
2025,21,São Paulo Grand Prix,STR,14,70.041,70.161,
2025,21,São Paulo Grand Prix,SAI,15,70.184,70.472,
2025,21,São Paulo Grand Prix,VER,16,70.403,,
2025,21,São Paulo Grand Prix,OCO,17,70.438,,
2025,21,São Paulo Grand Prix,COL,18,70.632,,
2025,21,São Paulo Grand Prix,TSU,19,70.711,,
2025,22,Las Vegas Grand Prix,NOR,1,115.473,111.37899999999999,107.934
2025,22,Las Vegas Grand Prix,VER,2,113.458,111.593,108.257
2025,22,Las Vegas Grand Prix,SAI,3,114.87299999999999,111.144,108.29599999999999
2025,22,Las Vegas Grand Prix,RUS,4,113.144,110.935,108.803
2025,22,Las Vegas Grand Prix,PIA,5,114.544,112.126,108.961
2025,22,Las Vegas Grand Prix,LAW,6,114.828,111.62100000000001,109.062
2025,22,Las Vegas Grand Prix,ALO,7,113.739,111.86500000000001,109.46600000000001
2025,22,Las Vegas Grand Prix,HAD,8,115.613,111.12,109.554
2025,22,Las Vegas Grand Prix,LEC,9,114.814,111.952,109.872
2025,22,Las Vegas Grand Prix,GAS,10,114.432,111.75999999999999,111.53999999999999
2025,22,Las Vegas Grand Prix,HUL,11,114.555,112.781,
2025,22,Las Vegas Grand Prix,STR,12,114.416,112.85,
2025,22,Las Vegas Grand Prix,OCO,13,114.63499999999999,112.987,
2025,22,Las Vegas Grand Prix,BEA,14,116.01599999999999,113.094,
2025,22,Las Vegas Grand Prix,COL,15,114.84700000000001,113.68299999999999,
2025,22,Las Vegas Grand Prix,ALB,16,116.22,,
2025,22,Las Vegas Grand Prix,ANT,17,116.314,,
2025,22,Las Vegas Grand Prix,BOR,18,116.674,,
2025,22,Las Vegas Grand Prix,TSU,19,116.798,,
2025,22,Las Vegas Grand Prix,HAM,20,117.11500000000001,,
2025,23,Qatar Grand Prix,PIA,1,80.23400000000001,79.65,79.387
2025,23,Qatar Grand Prix,NOR,2,80.157,79.861,79.495
2025,23,Qatar Grand Prix,VER,3,80.47200000000001,79.985,79.651
2025,23,Qatar Grand Prix,RUS,4,80.074,80.186,79.662
2025,23,Qatar Grand Prix,ANT,5,80.576,80.084,79.846
2025,23,Qatar Grand Prix,HAD,6,80.60300000000001,80.35,80.114
2025,23,Qatar Grand Prix,SAI,7,80.52,80.251,80.287
2025,23,Qatar Grand Prix,ALO,8,80.598,80.219,80.418
2025,23,Qatar Grand Prix,GAS,9,80.681,80.324,80.477
2025,23,Qatar Grand Prix,LEC,10,80.564,80.343,80.561
2025,23,Qatar Grand Prix,HUL,11,80.63,80.35300000000001,
2025,23,Qatar Grand Prix,LAW,12,80.539,80.43299999999999,
2025,23,Qatar Grand Prix,BEA,13,80.548,80.438,
2025,23,Qatar Grand Prix,BOR,14,80.65299999999999,80.53399999999999,
2025,23,Qatar Grand Prix,ALB,15,80.629,80.629,
2025,23,Qatar Grand Prix,TSU,16,80.761,,
2025,23,Qatar Grand Prix,OCO,17,80.864,,
2025,23,Qatar Grand Prix,HAM,18,80.907,,
2025,23,Qatar Grand Prix,STR,19,81.05799999999999,,
2025,23,Qatar Grand Prix,COL,20,81.137,,
2025,24,Abu Dhabi Grand Prix,VER,1,82.877,82.752,82.207
2025,24,Abu Dhabi Grand Prix,NOR,2,83.178,82.804,82.408
2025,24,Abu Dhabi Grand Prix,PIA,3,82.605,83.021,82.437
2025,24,Abu Dhabi Grand Prix,RUS,4,83.247,82.73,82.645
2025,24,Abu Dhabi Grand Prix,LEC,5,83.163,82.94800000000001,82.73
2025,24,Abu Dhabi Grand Prix,ALO,6,83.071,82.861,82.902
2025,24,Abu Dhabi Grand Prix,BOR,7,83.374,82.874,82.904
2025,24,Abu Dhabi Grand Prix,OCO,8,83.334,83.023,82.913
2025,24,Abu Dhabi Grand Prix,HAD,9,83.373,82.997,83.072
2025,24,Abu Dhabi Grand Prix,TSU,10,83.386,83.03399999999999,
2025,24,Abu Dhabi Grand Prix,BEA,11,83.254,83.041,
2025,24,Abu Dhabi Grand Prix,SAI,12,83.187,83.042,
2025,24,Abu Dhabi Grand Prix,LAW,13,83.265,83.077,
2025,24,Abu Dhabi Grand Prix,ANT,14,82.894,83.08,
2025,24,Abu Dhabi Grand Prix,STR,15,83.316,83.09700000000001,
2025,24,Abu Dhabi Grand Prix,HAM,16,83.394,,
2025,24,Abu Dhabi Grand Prix,ALB,17,83.416,,
2025,24,Abu Dhabi Grand Prix,HUL,18,83.45,,
2025,24,Abu Dhabi Grand Prix,GAS,19,83.468,,
2025,24,Abu Dhabi Grand Prix,COL,20,83.89,,
